"Product Group","Status","Compliance","Channel Polarity","Silicon Family","Package Name","Type","Gate Level","Wide SOA Mosfets","Configuration","OPN in older Technology","V(BR)DSS Min (V)","RDS(on) Max @ VGS = 10 V  (mΩ)","Vgs (V)","Vgs(th) Max (V)","ID Max (A)","PD Max (W)","RDS(on) Max @ VGS = 2.5 V  (mΩ)","RDS(on) Max @ VGS = 4.5 V  (mΩ)","Qg Typ @ VGS = 4.5 V (nC)","Qg Typ @ VGS = 10 V (nC)","Ciss Typ (pF)","Qgd Typ @ VGS = 4.5 V (nC)","Qrr Typ (nC)","Coss Typ (pF)","Crss Typ (pF)","Package Type","MSL Type","MSL Temp (°C)","Reference Price",
"BUZ11-NR4941","Active","H Pb   ","N-Channel, ","PowerTrench® T1, ","TO-220, ","Low-Medium Voltage, ","Standard, ","0, ","Single, ","0, ","50, ","40, ","±20, ","2, ","30, ","75, ","-, ","-, ","-, ","7, ","1500, ","-, ","250, ","750, ","250, ","TO-220-3 ","NA ","0 ","0.4812 ",
"ECH8308-TL-H","Active","H Pb   ","P-Channel, ","PowerTrench® T1, ","Power 33, ","Low-Medium Voltage, ","Logic, ","0, ","Single, ","0, ","-12, ","-, ","10, ","1.3, ","-10, ","1.6, ","20, ","12.5, ","-, ","26, ","230, ","7.1, ","-, ","720, ","550, ","SOT-28 FL / ECH-8 ","1 ","260 ","0.3351 ",
"ECH8310-TL-H","Active","H Pb   ","P-Channel, ","PowerTrench® T1, ","Power 33, ","Low-Medium Voltage, ","Logic, ","0, ","Single, ","0, ","-30, ","17, ","20, ","2.6, ","-9, ","1.5, ","-, ","28, ","-, ","28, ","1400, ","6, ","-, ","350, ","250, ","SOT-28 FL / ECH-8 ","1 ","260 ","0.3481 ",
"ECH8315-TL-H","Active","H Pb   ","P-Channel, ","PowerTrench® T1, ","Power 33, ","Low-Medium Voltage, ","Logic, ","0, ","Single, ","0, ","-30, ","25, ","20, ","2.6, ","-7.5, ","1.5, ","-, ","44, ","-, ","17, ","875, ","4.7, ","-, ","200, ","150, ","SOT-28 FL / ECH-8 ","1 ","260 ","0.2752 ",
"ECH8420-TL-H","Active","H Pb   ","N-Channel, ","PowerTrench® T1, ","Power 33, ","Low-Medium Voltage, ","Logic, ","0, ","Single, ","0, ","20, ","-, ","12, ","1.3, ","14, ","1.6, ","11.5, ","6.8, ","-, ","29, ","2430, ","8.7, ","-, ","410, ","330, ","SOT-28 FL / ECH-8 ","1 ","260 ","0.3425 ",
"ECH8651R-TL-H","Active","H Pb   ","N-Channel, ","PowerTrench® T1, ","Power 33, ","Low-Medium Voltage, ","Logic, ","0, ","Dual, ","0, ","24, ","-, ","12, ","1.3, ","10, ","1.4, ","21, ","14, ","-, ","24, ","-, ","4.5, ","-, ","-, ","-, ","SOT-28 FL / ECH-8 ","1 ","260 ","0.2899 ",
"ECH8654-TL-H","Active","H Pb   ","P-Channel, ","PowerTrench® T1, ","Power 33, ","Low-Medium Voltage, ","Logic, ","0, ","Dual, ","0, ","-20, ","-, ","10, ","1.3, ","-5, ","1.3, ","Q1=Q2=58, ","Q1=Q2=38, ","-, ","11, ","960, ","2.8, ","-, ","180, ","140, ","SOT-28 FL / ECH-8 ","1 ","260 ","0.2796 ",
"ECH8655R-TL-H","Active","H Pb   ","N-Channel, ","PowerTrench® T1, ","Power 33, ","Low-Medium Voltage, ","Logic, ","0, ","Dual Common Drain, ","0, ","24, ","-, ","12, ","1.3, ","9, ","1.4, ","Q1=Q2=25.5, ","Q1=Q2=17, ","-, ","16.8, ","-, ","4.8, ","-, ","-, ","-, ","SOT-28 FL / ECH-8 ","1 ","260 ","0.2689 ",
"ECH8657-TL-H","Active","H Pb   ","N-Channel, ","PowerTrench® T1, ","Power 33, ","Low-Medium Voltage, ","Logic, ","0, ","Dual, ","0, ","35, ","59, ","20, ","2.6, ","4.5, ","1.3, ","-, ","Q1=Q2=119, ","-, ","4.6, ","230, ","1, ","-, ","37, ","25, ","SOT-28 FL / ECH-8 ","1 ","260 ","0.2324 ",
"ECH8660-TL-H","Active","H Pb   ","Complementary, ","PowerTrench® T1, ","Power 33, ","Low-Medium Voltage, ","Logic, ","0, ","Dual, ","0, ","30, ","59, ","20, ","2.6, ","4.5, ","1.3, ","~NA~, ","119|100, ","~NA~, ","4.4, ","240, ","0.64, ","~NA~, ","45, ","30, ","SOT-28 FL / ECH-8 ","1 ","260 ","0.2096 ",
"ECH8661-TL-H","Active","H Pb   ","Complementary, ","PowerTrench® T1, ","Power 33, ","Low-Medium Voltage, ","Logic, ","0, ","Dual, ","0, ","±30, ","24, ","20, ","2.6, ","7, ","1.3, ","-, ","41, ","-, ","11.8, ","710, ","2, ","-, ","120, ","72, ","SOT-28 FL / ECH-8 ","1 ","260 ","0.3344 ",
"ECH8663R-TL-H","Active","H Pb   ","N-Channel, ","PowerTrench® T1, ","Power 33, ","Low-Medium Voltage, ","Logic, ","0, ","Dual Common Drain, ","0, ","30, ","-, ","12, ","1.3, ","8, ","1.4, ","Q1=Q2=28, ","Q1=Q2=20.5, ","10.8, ","12.3, ","-, ","2.8, ","-, ","-, ","-, ","SOT-28 FL / ECH-8 ","1 ","260 ","0.3616 ",
"ECH8667-TL-H","Active","H Pb   ","P-Channel, ","PowerTrench® T1, ","Power 33, ","Low-Medium Voltage, ","Logic, ","0, ","Dual, ","0, ","-30, ","39, ","20, ","2.6, ","-5.5, ","1.3, ","-, ","Q1=Q2=77, ","-, ","13, ","600, ","3.2, ","-, ","145, ","110, ","SOT-28 FL / ECH-8 ","1 ","260 ","0.3348 ",
"ECH8690-TL-H","Active","H Pb   ","Complementary, ","PowerTrench® T1, ","Power 33, ","Low-Medium Voltage, ","Logic, ","0, ","Dual, ","0, ","±60, ","55, ","20, ","2.6, ","4.7, ","1.5, ","-, ","74, ","10, ","18, ","955, ","2.8, ","-, ","58, ","45, ","SOT-28 FL / ECH-8 ","1 ","260 ","0.3352 ",
"ECH8693R-TL-W","Active","H Pb   ","N-Channel, ","PowerTrench® T1, ","Power 33, ","Low-Medium Voltage, ","Logic, ","0, ","Dual Common Drain, ","0, ","24, ","-, ","12, ","1.3, ","14, ","1.4, ","Q1=Q2=10.5, ","Q1=Q2=7, ","6, ","13, ","-, ","2.4, ","-, ","-, ","-, ","SOT-28 FL / ECH-8 ","1 ","260 ","0.2332 ",
"ECH8695R-TL-W","Active","H Pb   ","N-Channel, ","PowerTrench® T1, ","Power 33, ","Low-Medium Voltage, ","Logic, ","0, ","Dual Common Drain, ","0, ","24, ","-, ","12.5, ","1.3, ","11, ","1.4, ","Q1=Q2=13.3, ","Q1=Q2=9.1, ","37, ","10, ","-, ","1.5, ","-, ","-, ","-, ","SOT-28 FL / ECH-8 ","1 ","260 ","0.2765 ",
"ECH8697R-TL-W","Active","H Pb   ","N-Channel, ","PowerTrench® T1, ","Power 33, ","Low-Medium Voltage, ","Logic, ","0, ","Dual Common Drain, ","0, ","24, ","-, ","12.5, ","1.3, ","10, ","1.6, ","Q1=Q2=17.5, ","Q1=Q2=11.6, ","15, ","6, ","-, ","0.9, ","-, ","-, ","-, ","SOT-28 FL / ECH-8 ","1 ","260 ","0.2177 ",
"FDB0165N807L","Active","H Pb   ","N-Channel, ","PowerTrench® T6, ","D2PAK7, ","Low-Medium Voltage, ","Standard, ","0, ","Single, ","0, ","80, ","1.6, ","±20, ","4, ","310, ","300, ","-, ","-, ","-, ","217, ","16900, ","38, ","90, ","2350, ","335, ","D2PAK-7 / TO-263-7 ","1 ","245 ","4.026 ",
"FDB0170N607L","Active","H Pb   ","N-Channel, ","PowerTrench® T6, ","D2PAK7, ","Low-Medium Voltage, ","Standard, ","0, ","Single, ","0, ","60, ","1.4, ","±20, ","4, ","300, ","250, ","-, ","-, ","-, ","89, ","13750, ","26, ","95, ","3235, ","240, ","D2PAK-7 / TO-263-7 ","1 ","245 ","2.2179 ",
"FDB0190N807L","Active","H Pb   ","N-Channel, ","PowerTrench® T6, ","D2PAK7, ","Low-Medium Voltage, ","Standard, ","0, ","Single, ","0, ","80, ","1.7, ","±20, ","4, ","270, ","250, ","-, ","-, ","-, ","178, ","13650, ","32, ","103, ","1990, ","235, ","D2PAK-7 / TO-263-7 ","1 ","245 ","2.6958 ",
"FDB024N08BL7","Active","H Pb   ","N-Channel, ","PowerTrench® T6, ","D2PAK7, ","Low-Medium Voltage, ","Standard, ","0, ","Single, ","0, ","80, ","2.4, ","±20, ","4.5, ","229, ","246, ","-, ","-, ","-, ","137, ","10170, ","28, ","112, ","1670, ","35, ","D2PAK-7 / TO-263-7 ","1 ","245 ","2.0653 ",
"FDB0250N807L","Active","H Pb   ","N-Channel, ","PowerTrench® T6, ","D2PAK7, ","Low-Medium Voltage, ","Standard, ","0, ","Single, ","0, ","80, ","2.2, ","±20, ","4, ","240, ","214, ","-, ","-, ","-, ","143, ","11000, ","25, ","81, ","1435, ","115, ","D2PAK-7 / TO-263-7 ","1 ","245 ","2.4405 ",
"FDB0260N1007L","Active","H Pb   ","N-Channel, ","PowerTrench® T1, ","D2PAK7, ","Low-Medium Voltage, ","Standard, ","0, ","Single, ","0, ","100, ","2.6, ","±20, ","4, ","200, ","250, ","-, ","-, ","-, ","84, ","6101, ","17, ","97, ","1343, ","46, ","D2PAK-7 / TO-263-7 ","1 ","245 ","4.876 ",
"FDB035AN06A0","Active","H Pb   ","N-Channel, ","PowerTrench® T1, ","D2PAK, ","Low-Medium Voltage, ","Standard, ","0, ","Single, ","0, ","60, ","3.5, ","20, ","4, ","80, ","310, ","-, ","-, ","-, ","95, ","6400, ","24, ","39, ","1123, ","367, ","D2PAK-3 / TO-263-2 ","1 ","245 ","2.8575 ",
"FDB035N10A","Active","H Pb   ","N-Channel, ","PowerTrench® T1, ","D2PAK, ","Low-Medium Voltage, ","Standard, ","0, ","Single, ","0, ","100, ","3.5, ","±20, ","4, ","214, ","214, ","-, ","-, ","-, ","89, ","5485, ","25, ","129, ","2430, ","210, ","D2PAK-3 / TO-263-2 ","1 ","245 ","2.0015 ",
"FDB045AN08A0","Active"," Pb   ","N-Channel, ","PowerTrench® T1, ","D2PAK, ","Low-Medium Voltage, ","Standard, ","0, ","Single, ","0, ","75, ","4.5, ","±20, ","4, ","80, ","310, ","-, ","-, ","-, ","92, ","6600, ","21, ","54, ","1000, ","240, ","D2PAK-3 / TO-263-2 ","1 ","245 ","1.897 ",
"FDB047N10","Active","H Pb   ","N-Channel, ","PowerTrench® T1, ","D2PAK, ","Low-Medium Voltage, ","Standard, ","0, ","Single, ","0, ","100, ","4.7, ","±20, ","4.5, ","164, ","375, ","-, ","-, ","-, ","160, ","11500, ","36, ","245, ","1120, ","455, ","D2PAK-3 / TO-263-2 ","1 ","245 ","1.9737 ",
"FDB050AN06A0","Active","H Pb   ","N-Channel, ","PowerTrench® T1, ","D2PAK, ","Low-Medium Voltage, ","Standard, ","0, ","Single, ","0, ","60, ","5, ","20, ","4, ","80, ","245, ","-, ","-, ","-, ","61, ","3900, ","15, ","25, ","750, ","270, ","D2PAK-3 / TO-263-2 ","1 ","245 ","1.1856 ",
"FDB060AN08A0","Active","H Pb   ","N-Channel, ","PowerTrench® T1, ","D2PAK, ","Low-Medium Voltage, ","Standard, ","0, ","Single, ","0, ","80, ","6, ","±20, ","4, ","80, ","255, ","-, ","-, ","-, ","73, ","5150, ","16, ","38, ","800, ","230, ","D2PAK-3 / TO-263-2 ","1 ","245 ","1.9049 ",
"FDB0630N1507L","Active","H Pb   ","N-Channel, ","PowerTrench® T1, ","D2PAK7, ","Low-Medium Voltage, ","Standard, ","0, ","Single, ","0, ","150, ","6.4, ","20, ","4, ","130, ","300, ","-, ","-, ","-, ","97, ","7065, ","17, ","229, ","552, ","27, ","D2PAK-7 / TO-263-7 ","1 ","245 ","3.2723 ",
"FDB070AN06A0","Active","H Pb   ","N-Channel, ","PowerTrench® T1, ","D2PAK, ","Low-Medium Voltage, ","Standard, ","0, ","Single, ","0, ","60, ","7, ","20, ","4, ","80, ","175, ","-, ","-, ","-, ","51, ","3000, ","16, ","35, ","510, ","230, ","D2PAK-3 / TO-263-2 ","1 ","245 ","1.7033 ",
"FDB075N15A","Active","H Pb   ","N-Channel, ","PowerTrench® T1, ","D2PAK, ","Low-Medium Voltage, ","Standard, ","0, ","Single, ","0, ","150, ","7.5, ","DC: ±20, AC: ±30, ","4, ","130, ","333, ","-, ","-, ","-, ","77, ","5525, ","16, ","264, ","516, ","21, ","D2PAK-3 / TO-263-2 ","1 ","245 ","2.5322 ",
"FDB082N15A","Active","H Pb   ","N-Channel, ","PowerTrench® T1, ","D2PAK, ","Low-Medium Voltage, ","Standard, ","0, ","Single, ","0, ","150, ","8.2, ","DC: ±20, AC: ±30, ","4, ","117, ","294, ","-, ","-, ","-, ","64.5, ","4645, ","13.5, ","268, ","460, ","20, ","D2PAK-3 / TO-263-2 ","1 ","245 ","3.1041 ",
"FDB110N15A","Active","H Pb   ","N-Channel, ","PowerTrench® T1, ","D2PAK, ","Low-Medium Voltage, ","Standard, ","0, ","Single, ","0, ","150, ","11, ","DC: ±20, AC: ±30, ","4, ","92, ","234, ","-, ","-, ","-, ","47, ","3390, ","9.7, ","255, ","334, ","14, ","D2PAK-3 / TO-263-2 ","1 ","245 ","2.3334 ",
"FDB13AN06A0","Active","H Pb   ","N-Channel, ","PowerTrench® T1, ","D2PAK, ","Low-Medium Voltage, ","Standard, ","0, ","Single, ","0, ","60, ","13.5, ","20, ","4, ","62, ","115, ","-, ","-, ","-, ","22, ","1350, ","6.4, ","17, ","260, ","90, ","D2PAK-3 / TO-263-2 ","1 ","245 ","0.9865 ",
"FDB16AN08A0","Active","H Pb   ","N-Channel, ","PowerTrench® T1, ","D2PAK, ","Low-Medium Voltage, ","Standard, ","0, ","Single, ","0, ","80, ","16, ","±20, ","4, ","58, ","117, ","-, ","-, ","-, ","28, ","1857, ","6.4, ","36, ","288, ","88, ","D2PAK-3 / TO-263-2 ","1 ","245 ","1.323 ",
"FDB1D7N10CL7","Active","H Pb   ","N-Channel, ","PowerTrench® T8, ","D2PAK7, ","Low-Medium Voltage, ","Standard, ","0, ","Single, ","0, ","100, ","1.75, ","±20, ","4, ","268, ","250, ","-, ","-, ","-, ","116, ","8285, ","-, ","869, ","5025, ","50, ","D2PAK-7 / TO-263-7 ","1 ","245 ","3.7922 ",
"FDB2532","Active","H Pb   ","N-Channel, ","PowerTrench® T1, ","D2PAK, ","Low-Medium Voltage, ","Standard, ","0, ","Single, ","0, ","150, ","16, ","±20, ","4, ","79, ","310, ","-, ","-, ","-, ","82, ","5870, ","19, ","327, ","615, ","135, ","D2PAK-3 / TO-263-2 ","1 ","245 ","2.2126 ",
"FDB2552","Active","H Pb   ","N-Channel, ","PowerTrench® T1, ","D2PAK, ","Low-Medium Voltage, ","Standard, ","0, ","Single, ","0, ","150, ","36, ","±20, ","4, ","37, ","150, ","-, ","-, ","-, ","39, ","5870, ","8.3, ","242, ","285, ","55, ","D2PAK-3 / TO-263-2 ","1 ","245 ","1.0552 ",
"FDB2572","Active","H Pb   ","N-Channel, ","PowerTrench® T1, ","D2PAK, ","Low-Medium Voltage, ","Standard, ","0, ","Single, ","0, ","150, ","54, ","±20, ","4, ","29, ","135, ","-, ","-, ","-, ","26, ","1770, ","6, ","169, ","183, ","40, ","D2PAK-3 / TO-263-2 ","1 ","245 ","0.9752 ",
"FDB2614","Active","H Pb   ","N-Channel, ","PowerTrench® T1, ","D2PAK, ","Low-Medium Voltage, ","Standard, ","0, ","Single, ","0, ","200, ","27, ","±30, ","5, ","62, ","260, ","-, ","-, ","-, ","76, ","5435, ","18, ","810, ","505, ","110, ","D2PAK-3 / TO-263-2 ","1 ","245 ","2.3707 ",
"FDB2710","Active","H Pb   ","N-Channel, ","PowerTrench® T1, ","D2PAK, ","Low-Medium Voltage, ","Standard, ","0, ","Single, ","0, ","250, ","42.5, ","±30, ","5, ","50, ","260, ","-, ","-, ","-, ","78, ","5470, ","18, ","1300, ","426, ","97, ","D2PAK-3 / TO-263-2 ","1 ","245 ","2.5199 ",
"FDB33N25TM","Active"," Pb   ","N-Channel, ","PowerTrench® T1, ","D2PAK, ","Low-Medium Voltage, ","Standard, ","0, ","Single, ","0, ","250, ","94, ","±30, ","5, ","33, ","235, ","-, ","-, ","-, ","36.8, ","1640, ","17, ","1710, ","330, ","39, ","D2PAK-3 / TO-263-2 ","1 ","245 ","1.0946 ",
"FDB3632","Active","H Pb   ","N-Channel, ","PowerTrench® T1, ","D2PAK, ","Low-Medium Voltage, ","Standard, ","0, ","Single, ","0, ","100, ","9, ","±20, ","4, ","80, ","310, ","-, ","-, ","-, ","84, ","6000, ","20, ","120, ","820, ","200, ","D2PAK-3 / TO-263-2 ","1 ","245 ","1.5828 ",
"FDB3652","Active, Not Rec","H Pb   ","N-Channel, ","PowerTrench® T1, ","D2PAK, ","Low-Medium Voltage, ","Standard, ","0, ","Single, ","0, ","100, ","16, ","±20, ","4, ","61, ","150, ","-, ","-, ","-, ","41, ","2880, ","10, ","45, ","390, ","100, ","D2PAK-3 / TO-263-2 ","1 ","245 ","0.9948 ",
"FDB3682","Active","H Pb   ","N-Channel, ","PowerTrench® T1, ","D2PAK, ","Low-Medium Voltage, ","Standard, ","0, ","Single, ","0, ","100, ","36, ","±20, ","4, ","32, ","95, ","-, ","-, ","17, ","18.5, ","1250, ","4.6, ","90, ","190, ","45, ","D2PAK-3 / TO-263-2 ","1 ","245 ","1.0704 ",
"FDB390N15A","Active","H Pb   ","N-Channel, ","PowerTrench® T1, ","D2PAK, ","Low-Medium Voltage, ","Standard, ","0, ","Single, ","0, ","150, ","39, ","±20, ","4, ","27, ","75, ","-, ","-, ","-, ","14.3, ","965, ","3.5, ","131, ","96, ","5.8, ","D2PAK-3 / TO-263-2 ","1 ","245 ","0.8822 ",
"FDB44N25TM","Active"," Pb   ","N-Channel, ","PowerTrench® T1, ","D2PAK, ","Low-Medium Voltage, ","Standard, ","0, ","Single, ","0, ","250, ","69, ","±30, ","5, ","44, ","307, ","-, ","-, ","-, ","47, ","2210, ","24, ","1800, ","450, ","60, ","D2PAK-3 / TO-263-2 ","1 ","245 ","1.2121 ",
"FDB52N20TM","Active"," Pb   ","N-Channel, ","PowerTrench® T1, ","D2PAK, ","Low-Medium Voltage, ","Standard, ","0, ","Single, ","0, ","200, ","49, ","±30, ","5, ","52, ","357, ","-, ","-, ","-, ","49, ","2230, ","24, ","1300, ","540, ","66, ","D2PAK-3 / TO-263-2 ","1 ","245 ","1.2408 ",
"FDB5800","Active"," Pb   ","N-Channel, ","PowerTrench® T1, ","D2PAK, ","Low-Medium Voltage, ","Standard, ","0, ","Single, ","0, ","60, ","6, ","20, ","2.5, ","80, ","242, ","-, ","-, ","120, ","104, ","6625, ","20.1, ","57, ","628, ","262, ","D2PAK-3 / TO-263-2 ","1 ","245 ","1.5298 ",
"FDB86102LZ","Active","H Pb   ","N-Channel, ","PowerTrench® T1, ","D2PAK, ","Low-Medium Voltage, ","Logic, ","0, ","Single, ","0, ","100, ","24, ","±20, ","3, ","30, ","3.1, ","-, ","35, ","-, ","7.6, ","959, ","2.5, ","40, ","181, ","9, ","D2PAK-3 / TO-263-2 ","1 ","245 ","0.7648 ",
"FDB86135","Active","H Pb   ","N-Channel, ","PowerTrench® T1, ","D2PAK, ","Low-Medium Voltage, ","Standard, ","0, ","Single, ","0, ","100, ","3.5, ","±20, ","4, ","176, ","227, ","-, ","-, ","-, ","89, ","5485, ","25, ","129, ","2430, ","210, ","D2PAK-3 / TO-263-2 ","1 ","245 ","3.0429 ",
"FDB86563-F085","Active","H Pb A P ","N-Channel, ","PowerTrench® T6, ","D2PAK, ","Low-Medium Voltage, ","Standard, ","0, ","Single, ","0, ","60, ","1.8, ","20, ","4, ","110, ","333, ","-, ","-, ","-, ","126, ","10100, ","18, ","150, ","2355, ","186, ","D2PAK-3 / TO-263-2 ","1 ","245 ","1.8037 ",
"FDBL0065N40","Active","H Pb   ","N-Channel, ","PowerTrench® T1, ","Power 1012 (TOLL), ","Low-Medium Voltage, ","Standard, ","0, ","Single, ","0, ","40, ","0.65, ","±20, ","4, ","300, ","429, ","-, ","-, ","-, ","220, ","15900, ","41, ","228, ","4025, ","604, ","TO-LL 8L ","1 ","245 ","2.0562 ",
"FDBL0090N40","Active","H Pb   ","N-Channel, ","PowerTrench® T1, ","Power 1012 (TOLL), ","Low-Medium Voltage, ","Standard, ","0, ","Single, ","0, ","40, ","0.9, ","±20, ","4, ","240, ","357, ","-, ","-, ","-, ","144, ","12000, ","16, ","178, ","3260, ","442, ","TO-LL 8L ","1 ","245 ","1.7405 ",
"FDBL0110N60","Active","H Pb   ","N-Channel, ","PowerTrench® T6, ","Power 1012 (TOLL), ","Low-Medium Voltage, ","Standard, ","0, ","Single, ","0, ","60, ","1.1, ","±20, ","4, ","300, ","429, ","-, ","-, ","-, ","24, ","13650, ","24, ","183, ","3375, ","255, ","TO-LL 8L ","1 ","260 ","2.794 ",
"FDBL0150N60","Active","H Pb   ","N-Channel, ","PowerTrench® T6, ","Power 1012 (TOLL), ","Low-Medium Voltage, ","Standard, ","0, ","Single, ","0, ","60, ","1.5, ","±20, ","4, ","240, ","357, ","-, ","-, ","-, ","19, ","10300, ","20, ","131, ","2590, ","270, ","TO-LL 8L ","1 ","245 ","3.7575 ",
"FDBL0150N80","Active","H Pb   ","N-Channel, ","PowerTrench® T6, ","Power 1012 (TOLL), ","Low-Medium Voltage, ","Standard, ","0, ","Single, ","0, ","80, ","1.4, ","±20, ","4, ","300, ","429, ","-, ","-, ","-, ","172, ","12800, ","~NA~, ","205, ","1925, ","139, ","TO-LL 8L ","1 ","260 ","2.3284 ",
"FDBL0200N100","Active","H Pb   ","N-Channel, ","PowerTrench® T8, ","Power 1012 (TOLL), ","Low-Medium Voltage, ","Standard, ","0, ","Single, ","0, ","100, ","2, ","±20, ","4.5, ","300, ","429, ","-, ","-, ","-, ","95, ","6970, ","20, ","172, ","3950, ","29, ","TO-LL 8L ","1 ","245 ","3.8518 ",
"FDBL0210N80","Active","H Pb   ","N-Channel, ","PowerTrench® T6, ","Power 1012 (TOLL), ","Low-Medium Voltage, ","Standard, ","0, ","Single, ","0, ","80, ","2, ","±20, ","4, ","240, ","357, ","-, ","-, ","-, ","130, ","10000, ","24, ","118, ","1540, ","70, ","TO-LL 8L ","1 ","245 ","2.6462 ",
"FDBL0240N100","Active","H Pb   ","N-Channel, ","PowerTrench® T1, ","Power 1012 (TOLL), ","Low-Medium Voltage, ","Standard, ","0, ","Single, ","0, ","100, ","2.8, ","±20, ","4, ","210, ","300, ","-, ","-, ","-, ","79, ","5835, ","16, ","151, ","1235, ","41, ","TO-LL 8L ","1 ","245 ","2.8443 ",
"FDBL0260N100","Active","H Pb   ","N-Channel, ","PowerTrench® T1, ","Power 1012 (TOLL), ","Low-Medium Voltage, ","Standard, ","0, ","Single, ","0, ","100, ","2.6, ","±20, ","4, ","200, ","250, ","-, ","-, ","-, ","83, ","6175, ","16, ","121, ","1330, ","40, ","TO-LL 8L ","1 ","245 ","2.8069 ",
"FDBL0330N80","Active","H Pb   ","N-Channel, ","PowerTrench® T6, ","Power 1012 (TOLL), ","Low-Medium Voltage, ","Standard, ","0, ","Single, ","0, ","80, ","3, ","±20, ","4, ","220, ","300, ","-, ","-, ","-, ","86, ","6320, ","18, ","95, ","1030, ","32, ","TO-LL 8L ","1 ","245 ","2.5694 ",
"FDBL0630N150","Active","H Pb   ","N-Channel, ","PowerTrench® T1, ","Power 1012 (TOLL), ","Low-Medium Voltage, ","Standard, ","0, ","Single, ","0, ","150, ","6.3, ","±20, ","4, ","169, ","500, ","-, ","-, ","-, ","70, ","5805, ","10, ","323, ","536, ","16, ","TO-LL 8L ","1 ","245 ","2.7714 ",
"FDBL86062-F085AW","Active","H Pb A P ","N-Channel, ","PowerTrench® T8, ","Power 1012 (TOLL), ","Low-Medium Voltage, ","Standard, ","0, ","Single, ","0, ","100, ","4.3, ","20, ","4.5, ","300, ","429, ","~NA~, ","~NA~, ","~NA~, ","95, ","6970, ","20, ","172, ","3950, ","29, ","H-PSOF-8 10.43x9.90x2.30, 1.20P ","1 ","260 ","3.9371 ",
"FDBL86062-F085","Active","H Pb A P ","N-Channel, ","PowerTrench® T8, ","Power 1012 (TOLL), ","Low-Medium Voltage, ","Standard, ","0, ","Single, ","0, ","100, ","4.3, ","±20, ","4.5, ","300, ","429, ","~NA~, ","~NA~, ","~NA~, ","95, ","6970, ","20, ","172, ","3950, ","29, ","TO-LL 8L ","1 ","260 ","3.3958 ",
"FDBL86063","Active","H Pb   ","N-Channel, ","PowerTrench® T8, ","Power 1012 (TOLL), ","Low-Medium Voltage, ","Standard, ","0, ","Single, ","0, ","100, ","2.6, ","20, ","4, ","240, ","357, ","-, ","-, ","-, ","73, ","5120, ","17, ","175, ","3220, ","32, ","TO-LL 8L ","1 ","260 ","3.3156 ",
"FDBL86063-F085","Active","H Pb A P ","N-Channel, ","PowerTrench® T8, ","Power 1012 (TOLL), ","Low-Medium Voltage, ","Standard, ","0, ","Single, ","0, ","100, ","5.6, ","±20, ","4, ","240, ","357, ","~NA~, ","~NA~, ","~NA~, ","73, ","5120, ","17, ","175, ","3220, ","32, ","TO-LL 8L ","1 ","260 ","3.2653 ",
"FDBL86066-F085","Active","H Pb A P ","N-Channel, ","PowerTrench® T8, ","Power 1012 (TOLL), ","Low-Medium Voltage, ","Standard, ","0, ","Single, ","0, ","100, ","4.1, ","± 20, ","2.9, ","240, ","300, ","~NA~, ","~NA~, ","~NA~, ","47, ","3240, ","10, ","243, ","1950, ","26, ","TO-LL 8L ","1 ","260 ","1.5849 ",
"FDBL86066-F085AW","Active","H Pb A P ","-, ","-, ","-, ","-, ","-, ","-, ","-, ","-, ","-, ","-, ","-, ","-, ","-, ","-, ","-, ","-, ","-, ","-, ","-, ","-, ","-, ","-, ","-, ","H-PSOF-8 10.43x9.90x2.30, 1.20P ","1 ","260 ","1.8376 ",
"FDBL86210-F085","Active","H Pb A P ","N-Channel, ","PowerTrench® T1, ","Power 1012 (TOLL), ","Low-Medium Voltage, ","Standard, ","0, ","Single, ","0, ","150, ","6.3, ","±20, ","4, ","169, ","500, ","~NA~, ","~NA~, ","~NA~, ","70, ","5805, ","~NA~, ","323, ","536, ","16, ","TO-LL 8L ","1 ","260 ","2.6149 ",
"FDBL86361-F085","Active","H Pb A P ","N-Channel, ","PowerTrench® T6, ","Power 1012 (TOLL), ","Low-Medium Voltage, ","Standard, ","0, ","Single, ","0, ","80, ","1.4, ","±20, ","4, ","300, ","429, ","~NA~, ","~NA~, ","~NA~, ","172, ","12800, ","~NA~, ","205, ","1925, ","139, ","TO-LL 8L ","1 ","260 ","2.6184 ",
"FDBL86363-F085","Active","H Pb A P ","N-Channel, ","PowerTrench® T6, ","Power 1012 (TOLL), ","Low-Medium Voltage, ","Logic, ","0, ","Single, ","0, ","80, ","2, ","±20, ","4, ","240, ","357, ","~NA~, ","2, ","~NA~, ","130, ","10000, ","24, ","118, ","1540, ","70, ","TO-LL 8L ","1 ","260 ","1.9503 ",
"FDBL86366-F085","Active","H Pb A P ","N-Channel, ","PowerTrench® T6, ","Power 1012 (TOLL), ","Low-Medium Voltage, ","Logic, ","0, ","Single, ","0, ","80, ","3, ","±20, ","4, ","220, ","300, ","~NA~, ","3, ","~NA~, ","86, ","6320, ","18, ","95, ","1030, ","32, ","TO-LL 8L ","1 ","260 ","1.4062 ",
"FDBL86561-F085","Active","H Pb A P ","N-Channel, ","PowerTrench® T6, ","Power 1012 (TOLL), ","Low-Medium Voltage, ","Standard, ","0, ","Single, ","0, ","60, ","1.1, ","±20, ","4, ","300, ","429, ","-, ","-, ","-, ","170, ","13650, ","24, ","183, ","3375, ","255, ","TO-LL 8L ","1 ","260 ","2.4045 ",
"FDBL86563-F085","Active","H Pb A P ","N-Channel, ","PowerTrench® T6, ","Power 1012 (TOLL), ","Low-Medium Voltage, ","Standard, ","0, ","Single, ","0, ","60, ","1.5, ","±20, ","4, ","240, ","357, ","-, ","-, ","-, ","130, ","10300, ","20, ","131, ","2590, ","270, ","TO-LL 8L ","1 ","260 ","2.2841 ",
"FDBL86566-F085","Active","H Pb A P ","N-Channel, ","PowerTrench® T6, ","Power 1012 (TOLL), ","Low-Medium Voltage, ","Standard, ","0, ","Single, ","0, ","60, ","4.5, ","±20, ","4, ","240, ","300, ","-, ","-, ","-, ","80, ","6655, ","10, ","100, ","1745, ","57, ","TO-LL 8L ","1 ","260 ","1.4382 ",
"FDBL9401-F085T6","Active","H Pb A P ","N-Channel, ","PowerTrench® T6, ","Power 1012 (TOLL), ","Low-Medium Voltage, ","Standard, ","0, ","Single, ","0, ","40, ","0.67, ","20, ","4, ","240, ","180.7, ","~NA~, ","~NA~, ","~NA~, ","148, ","10000, ","~NA~, ","218, ","5100, ","177, ","TO-LL 8L ","1 ","260 ","4.1876 ",
"FDBL9403-F085T6","Active","H Pb A P ","N-Channel, ","PowerTrench® T6, ","Power 1012 (TOLL), ","Low-Medium Voltage, ","Standard, ","0, ","Single, ","0, ","40, ","0.95, ","20, ","4, ","300, ","159.6, ","~NA~, ","~NA~, ","~NA~, ","108, ","6985, ","~NA~, ","172, ","3720, ","68, ","TO-LL 8L ","1 ","260 ","2.9212 ",
"FDBL9406-F085T6","Active","H Pb A P ","N-Channel, ","PowerTrench® T6, ","Power 1012 (TOLL), ","Low-Medium Voltage, ","Standard, ","0, ","Single, ","0, ","40, ","1.21, ","20, ","4, ","240, ","1.21, ","~NA~, ","~NA~, ","~NA~, ","75, ","4960, ","~NA~, ","101, ","2800, ","62, ","TO-LL 8L ","1 ","260 ","0.9953 ",
"FDD10AN06A0","Active","H Pb   ","N-Channel, ","PowerTrench® T1, ","DPAK, ","Low-Medium Voltage, ","Standard, ","0, ","Single, ","0, ","60, ","10.5, ","±20, ","4, ","50, ","135, ","-, ","-, ","-, ","28, ","1840, ","7.8, ","23, ","340, ","110, ","DPAK-3 / TO-252-3 ","1 ","260 ","0.9114 ",
"FDD120AN15A0","Active","H Pb   ","N-Channel, ","PowerTrench® T1, ","DPAK, ","Low-Medium Voltage, ","Standard, ","0, ","Single, ","0, ","150, ","120, ","±20, ","4, ","14, ","65, ","-, ","-, ","15, ","11.2, ","770, ","2.6, ","109, ","85, ","17, ","DPAK-3 / TO-252-3 ","1 ","260 ","0.3607 ",
"FDD13AN06A0","Active","H Pb   ","N-Channel, ","PowerTrench® T1, ","DPAK, ","Low-Medium Voltage, ","Standard, ","0, ","Single, ","0, ","60, ","13.5, ","±20, ","4, ","50, ","115, ","-, ","-, ","-, ","22, ","1350, ","6.4, ","15, ","260, ","90, ","DPAK-3 / TO-252-3 ","1 ","260 ","0.8178 ",
"FDD1600N10ALZ","Active","H Pb   ","N-Channel, ","PowerTrench® T1, ","DPAK, ","Low-Medium Voltage, ","Logic, ","0, ","Single, ","0, ","100, ","124, ","±20, ","2.8, ","6.8, ","14.9, ","-, ","200, ","-, ","2.78, ","169, ","0.56, ","42, ","43, ","2.04, ","DPAK-3 / TO-252-3 ","1 ","260 ","0.3543 ",
"FDD16AN08A0","Active","H Pb   ","N-Channel, ","PowerTrench® T1, ","DPAK, ","Low-Medium Voltage, ","Standard, ","0, ","Single, ","0, ","75, ","16, ","±20, ","4, ","50, ","135, ","-, ","-, ","-, ","31, ","1874, ","7.2, ","31, ","290, ","91, ","DPAK-3 / TO-252-3 ","1 ","260 ","0.8501 ",
"FDD18N20LZ","Active","H Pb   ","N-Channel, ","PowerTrench® T1, ","DPAK, ","Low-Medium Voltage, ","Logic, ","0, ","Single, ","0, ","200, ","125, ","±20, ","2.5, ","16, ","89, ","-, ","150, ","-, ","30, ","1185, ","8.5, ","400, ","190, ","25, ","DPAK-3 / TO-252-3 ","1 ","260 ","0.882 ",
"FDD2572","Active","H Pb   ","N-Channel, ","PowerTrench® T1, ","DPAK, ","Low-Medium Voltage, ","Standard, ","0, ","Single, ","0, ","150, ","54, ","±20, ","4, ","29, ","135, ","-, ","-, ","-, ","3.3, ","1770, ","6, ","169, ","183, ","40, ","DPAK-3 / TO-252-3 ","1 ","260 ","0.9762 ",
"FDD2582","Active","H Pb   ","N-Channel, ","PowerTrench® T1, ","DPAK, ","Low-Medium Voltage, ","Standard, ","0, ","Single, ","0, ","150, ","66, ","±20, ","4, ","21, ","95, ","-, ","-, ","-, ","2.4, ","1295, ","4.2, ","134, ","145, ","30, ","DPAK-3 / TO-252-3 ","1 ","260 ","0.4985 ",
"FDD2670","Active","H Pb   ","N-Channel, ","PowerTrench® T1, ","DPAK, ","Low-Medium Voltage, ","Standard, ","0, ","Single, ","0, ","200, ","130, ","±20, ","4.5, ","3.6, ","70, ","-, ","-, ","-, ","27, ","1228, ","10, ","-, ","112, ","17, ","DPAK-3 / TO-252-3 ","1 ","260 ","0.8726 ",
"FDD306P","Active"," Pb   ","P-Channel, ","PowerTrench® T1, ","DPAK, ","Low-Medium Voltage, ","Logic, ","0, ","Single, ","0, ","-12, ","-, ","8, ","-1.5, ","-6.7, ","52, ","41, ","28, ","-, ","15, ","1290, ","-, ","-, ","-, ","-, ","DPAK-3 / TO-252-3 ","1 ","260 ","0.3823 ",
"FDD3670","Active","H Pb   ","N-Channel, ","PowerTrench® T1, ","DPAK, ","Low-Medium Voltage, ","Standard, ","0, ","Single, ","0, ","100, ","32, ","±20, ","4, ","34, ","83, ","-, ","-, ","-, ","57, ","2490, ","15, ","-, ","265, ","80, ","DPAK-3 / TO-252-3 ","1 ","260 ","0.7508 ",
"FDD3672","Active","H Pb   ","N-Channel, ","PowerTrench® T1, ","DPAK, ","Low-Medium Voltage, ","Standard, ","0, ","Single, ","0, ","100, ","26, ","±20, ","4, ","44, ","135, ","-, ","-, ","-, ","3, ","1710, ","5.6, ","80, ","247, ","62, ","DPAK-3 / TO-252-3 ","1 ","260 ","0.7642 ",
"FDD3682","Active, Not Rec","H Pb   ","N-Channel, ","PowerTrench® T1, ","DPAK, ","Low-Medium Voltage, ","Logic, ","0, ","Single, ","0, ","100, ","0.06, ","±20, ","20, ","5.5, ","95, ","-, ","60, ","-, ","18.5, ","1250, ","4.6, ","92, ","190, ","45, ","DPAK-3 / TO-252-3 ","1 ","260 ","0.4655 ",
"FDD3690","Active"," Pb   ","N-Channel, ","PowerTrench® T1, ","DPAK, ","Low-Medium Voltage, ","Standard, ","0, ","Single, ","0, ","100, ","36, ","±20, ","4, ","22, ","60, ","-, ","-, ","-, ","28, ","1514, ","5.4, ","-, ","82, ","44, ","DPAK-3 / TO-252-3 ","1 ","260 ","0.9585 ",
"FDD390N15A","Active","H Pb   ","N-Channel, ","PowerTrench® T1, ","DPAK, ","Low-Medium Voltage, ","Standard, ","0, ","Single, ","0, ","150, ","40, ","±20, ","4, ","26, ","63, ","-, ","-, ","-, ","14.3, ","965, ","3.5, ","131, ","96, ","5.8, ","DPAK-3 / TO-252-3 ","1 ","260 ","0.4922 ",
"FDD390N15ALZ","Active","H Pb   ","N-Channel, ","PowerTrench® T1, ","DPAK, ","Low-Medium Voltage, ","Logic, ","0, ","Single, ","0, ","150, ","42, ","±20, ","2.8, ","26, ","63, ","-, ","64, ","-, ","8.1, ","1323, ","2.3, ","169, ","93, ","4, ","DPAK-3 / TO-252-3 ","1 ","260 ","0.5568 ",
"FDD4141","Active","H Pb   ","P-Channel, ","PowerTrench® T1, ","DPAK, ","Low-Medium Voltage, ","Logic, ","0, ","Single, ","0, ","-40, ","12.3, ","±20, ","-3, ","-50, ","69, ","-, ","18, ","-, ","19, ","2058, ","8, ","26, ","360, ","210, ","DPAK-3 / TO-252-3 ","1 ","260 ","0.3761 ",
"FDD4141-F085BK","Active"," Pb A P ","P-Channel, ","PowerTrench® T1, ","TO-252-3, ","Low-Medium Voltage, ","Logic, ","0, ","Single, ","0, ","-40, ","12.3, ","20, ","-3, ","-50, ","69, ","-, ","18, ","-, ","36, ","2085, ","8, ","26, ","360, ","210, ","DPAK-3 / TO-252-3 ","1 ","260 ","0.5369 ",
"FDD4685","Active","H Pb   ","P-Channel, ","PowerTrench® T1, ","DPAK, ","Low-Medium Voltage, ","Logic, ","0, ","Single, ","0, ","-40, ","27, ","±20, ","-3, ","-32, ","69, ","-, ","35, ","-, ","19, ","1790, ","6.1, ","31, ","260, ","140, ","DPAK-3 / TO-252-3 ","1 ","260 ","0.3389 ",
"FDD5353","Active","H Pb   ","N-Channel, ","PowerTrench® T1, ","DPAK, ","Low-Medium Voltage, ","Logic, ","0, ","Single, ","0, ","60, ","12.3, ","±20, ","3, ","50, ","69, ","-, ","15.4, ","-, ","23, ","2420, ","9, ","21, ","215, ","120, ","DPAK-3 / TO-252-3 ","1 ","260 ","0.6572 ",
"FDD5680","Active"," Pb   ","N-Channel, ","PowerTrench® T1, ","DPAK, ","Low-Medium Voltage, ","Standard, ","0, ","Single, ","0, ","60, ","21, ","±20, ","4, ","38, ","60, ","-, ","-, ","-, ","33, ","1835, ","7.5, ","-, ","210, ","90, ","DPAK-3 / TO-252-3 ","1 ","260 ","0.5579 ",
"FDD6637","Active","H Pb   ","P-Channel, ","PowerTrench® T1, ","DPAK, ","Low-Medium Voltage, ","Logic, ","0, ","Single, ","0, ","-35, ","11.6, ","25, ","-3, ","-55, ","57, ","-, ","18, ","16, ","25, ","2370, ","-, ","-, ","-, ","-, ","DPAK-3 / TO-252-3 ","1 ","260 ","0.6281 ",
"FDD770N15A","Active","H Pb   ","N-Channel, ","PowerTrench® T1, ","DPAK, ","Low-Medium Voltage, ","Standard, ","0, ","Single, ","0, ","150, ","77, ","±20, ","4, ","18, ","56.8, ","-, ","-, ","-, ","8.4, ","575, ","1.8, ","109, ","64, ","3.9, ","DPAK-3 / TO-252-3 ","1 ","260 ","0.42 ",
"FDD7N20TM","Active","H Pb   ","N-Channel, ","PowerTrench® T1, ","DPAK, ","Low-Medium Voltage, ","Standard, ","0, ","Single, ","0, ","200, ","690, ","±30, ","5, ","5, ","43, ","-, ","-, ","-, ","5, ","185, ","2.4, ","400, ","45, ","5, ","DPAK-3 / TO-252-3 ","1 ","260 ","0.3167 ",
"FDD7N25LZTM","Active","H Pb   ","N-Channel, ","PowerTrench® T1, ","DPAK, ","Low-Medium Voltage, ","Logic, ","0, ","Single, ","0, ","250, ","550, ","±30, ","2.5, ","6.2, ","56, ","-, ","690, ","-, ","12, ","480, ","4, ","600, ","65, ","8, ","DPAK-3 / TO-252-3 ","1 ","260 ","0.3311 ",
"FDD8444","Active","H Pb   ","N-Channel, ","PowerTrench® T1, ","DPAK, ","Low-Medium Voltage, ","Standard, ","0, ","Single, ","0, ","40, ","5.2, ","±20, ","4, ","50, ","153, ","-, ","-, ","-, ","89, ","6195, ","20, ","45, ","585, ","332, ","DPAK-3 / TO-252-3 ","1 ","260 ","0.5165 ",
"FDD8447L","Active","H Pb   ","N-Channel, ","PowerTrench® T1, ","DPAK, ","Low-Medium Voltage, ","Logic, ","0, ","Single, ","0, ","40, ","8.5, ","±20, ","3, ","50, ","44, ","-, ","11, ","-, ","20, ","1970, ","7, ","11, ","250, ","150, ","DPAK-3 / TO-252-3 ","1 ","260 ","0.2928 ",
"FDD86102","Active","H Pb   ","N-Channel, ","PowerTrench® T1, ","DPAK, ","Low-Medium Voltage, ","Standard, ","0, ","Single, ","0, ","100, ","24, ","±20, ","4, ","36, ","62, ","-, ","-, ","-, ","7.6, ","780, ","3.7, ","43, ","180, ","15, ","DPAK-3 / TO-252-3 ","1 ","260 ","0.7119 ",
"FDD86102LZ","Active","H Pb   ","N-Channel, ","PowerTrench® T1, ","DPAK, ","Low-Medium Voltage, ","Logic, ","0, ","Single, ","0, ","100, ","22.5, ","±20, ","3, ","35, ","54, ","-, ","31, ","-, ","8.7, ","1157, ","2.4, ","43, ","181, ","7.7, ","DPAK-3 / TO-252-3 ","1 ","260 ","0.5927 ",
"FDD86110","Active","H Pb   ","N-Channel, ","PowerTrench® T1, ","DPAK, ","Low-Medium Voltage, ","Standard, ","0, ","Single, ","0, ","100, ","10.2, ","±20, ","4, ","50, ","127, ","-, ","-, ","-, ","25, ","1702, ","5.2, ","60, ","379, ","17, ","DPAK-3 / TO-252-3 ","1 ","260 ","1.1293 ",
"FDD86113LZ","Active","H Pb   ","N-Channel, ","PowerTrench® T1, ","DPAK, ","Low-Medium Voltage, ","Logic, ","0, ","Single, ","0, ","100, ","104, ","±20, ","3, ","5.5, ","29, ","-, ","156, ","-, ","1.9, ","213, ","0.7, ","20, ","55, ","2.4, ","DPAK-3 / TO-252-3 ","1 ","260 ","0.4468 ",
"FDD86250","Active","H Pb   ","N-Channel, ","PowerTrench® T1, ","DPAK, ","Low-Medium Voltage, ","Standard, ","0, ","Single, ","0, ","150, ","22, ","±20, ","4, ","51, ","132, ","-, ","-, ","-, ","12.8, ","1585, ","4.7, ","104, ","167, ","7, ","DPAK-3 / TO-252-3 ","1 ","260 ","0.5072 ",
"FDD86250-F085","Active","H Pb A P ","N-Channel, ","PowerTrench® T1, ","DPAK, ","Low-Medium Voltage, ","Standard, ","0, ","Single, ","0, ","150, ","19.4, ","±20, ","4, ","50, ","160, ","~NA~, ","~NA~, ","~NA~, ","28, ","1900, ","~NA~, ","237, ","169, ","10, ","DPAK-3 / TO-252-3 ","1 ","260 ","0.8776 ",
"FDD86252","Active","H Pb   ","N-Channel, ","PowerTrench® T1, ","DPAK, ","Low-Medium Voltage, ","Standard, ","0, ","Single, ","0, ","150, ","52, ","±20, ","4, ","27, ","89, ","-, ","-, ","-, ","6.3, ","741, ","2.6, ","72, ","78, ","4.2, ","DPAK-3 / TO-252-3 ","1 ","260 ","0.5425 ",
"FDD86326","Active","H Pb   ","N-Channel, ","PowerTrench® T1, ","DPAK, ","Low-Medium Voltage, ","Standard, ","0, ","Single, ","0, ","80, ","23, ","±20, ","4, ","37, ","62, ","-, ","-, ","-, ","13.4, ","780, ","3.7, ","43, ","180, ","15, ","DPAK-3 / TO-252-3 ","1 ","260 ","0.8822 ",
"FDD86367","Active","H Pb   ","N-Channel, ","PowerTrench® T6, ","DPAK, ","Low-Medium Voltage, ","Standard, ","0, ","Single, ","0, ","80, ","4.2, ","±20, ","4, ","100, ","227, ","-, ","-, ","-, ","68, ","4840, ","14, ","66, ","814, ","31, ","DPAK-3 / TO-252-3 ","1 ","260 ","1.0074 ",
"FDD86367-F085","Active","H Pb A P ","N-Channel, ","PowerTrench® T6, ","DPAK, ","Low-Medium Voltage, ","Standard, ","0, ","Single, ","0, ","80, ","4.2, ","±20, ","4, ","100, ","227, ","~NA~, ","~NA~, ","~NA~, ","68, ","4840, ","14, ","66, ","814, ","31, ","DPAK-3 / TO-252-3 ","1 ","260 ","0.85 ",
"FDD86369","Active","H Pb   ","N-Channel, ","PowerTrench® T6, ","DPAK, ","Low-Medium Voltage, ","Standard, ","0, ","Single, ","0, ","80, ","7.9, ","±20, ","4, ","90, ","150, ","-, ","-, ","-, ","36, ","2530, ","8.5, ","40, ","430, ","16, ","DPAK-3 / TO-252-3 ","1 ","260 ","0.7518 ",
"FDD86369-F085","Active","H Pb A P ","N-Channel, ","PowerTrench® T6, ","DPAK, ","Low-Medium Voltage, ","Standard, ","0, ","Single, ","0, ","80, ","7.9, ","±20, ","4, ","90, ","150, ","~NA~, ","~NA~, ","~NA~, ","36, ","2530, ","8.5, ","40, ","430, ","16, ","DPAK-3 / TO-252-3 ","1 ","260 ","0.5913 ",
"FDD86380-F085","Active","H Pb A P ","N-Channel, ","PowerTrench® T6, ","DPAK, ","Low-Medium Voltage, ","Standard, ","0, ","Single, ","0, ","80, ","13.5, ","±20, ","4, ","50, ","75, ","~NA~, ","~NA~, ","~NA~, ","20, ","1440, ","4, ","24, ","311, ","15, ","DPAK-3 / TO-252-3 ","1 ","260 ","0.0 ",
"FDD86381-F085","Active","H Pb A P ","N-Channel, ","PowerTrench® T6, ","DPAK, ","Low-Medium Voltage, ","Standard, ","0, ","Single, ","0, ","80, ","21, ","±20, ","4, ","25, ","48.4, ","~NA~, ","~NA~, ","~NA~, ","14, ","866, ","~NA~, ","19, ","176, ","7, ","DPAK-3 / TO-252-3 ","1 ","260 ","0.4139 ",
"FDD86540","Active","H Pb   ","N-Channel, ","PowerTrench® T6, ","DPAK, ","Low-Medium Voltage, ","Standard, ","0, ","Single, ","0, ","60, ","4.1, ","±20, ","4, ","136, ","127, ","-, ","-, ","-, ","54, ","4767, ","12, ","43, ","1409, ","48, ","DPAK-3 / TO-252-3 ","1 ","260 ","0.4612 ",
"FDD86567-F085","Active","H Pb A P ","N-Channel, ","PowerTrench® T6, ","DPAK, ","Low-Medium Voltage, ","Standard, ","0, ","Single, ","0, ","60, ","3.2, ","±20, ","4, ","100, ","227, ","-, ","-, ","-, ","63, ","4950, ","10, ","76, ","1300, ","45, ","DPAK-3 / TO-252-3 ","1 ","260 ","0.9407 ",
"FDD9409-F085","Active, Not Rec","H Pb A P ","N-Channel, ","PowerTrench® T1, ","DPAK, ","Low-Medium Voltage, ","Standard, ","0, ","Single, ","0, ","40, ","3.2, ","±20, ","4, ","90, ","150, ","-, ","-, ","-, ","42, ","3130, ","7.7, ","42, ","756, ","48, ","DPAK-3 / TO-252-3 ","1 ","260 ","0.7028 ",
"FDD9509L-F085","Active","H Pb A P ","P-Channel, ","PowerTrench® T1, ","DPAK, ","Low-Medium Voltage, ","Logic, ","0, ","Single, ","0, ","-40, ","7.5, ","± 16, ","-3, ","-90, ","150, ","~NA~, ","15, ","23, ","50, ","3350, ","6, ","43, ","1250, ","42, ","DPAK-3 / TO-252-3 ","1 ","260 ","0.0 ",
"FDI045N10A-F102","Active","H Pb   ","N-Channel, ","PowerTrench® T1, ","D2PAK, ","Low-Medium Voltage, ","Standard, ","0, ","Single, ","0, ","100, ","4.5, ","±20, ","4, ","164, ","263, ","-, ","-, ","-, ","57, ","3960, ","13, ","120, ","925, ","34, ","I2PAK-3 / D2PAK-3 STRAIGHT LEAD ","NA ","0 ","1.9151 ",
"FDI150N10","Active","H Pb   ","N-Channel, ","PowerTrench® T1, ","D2PAK, ","Low-Medium Voltage, ","Standard, ","0, ","Single, ","0, ","100, ","16, ","±20, ","4.5, ","57, ","110, ","-, ","-, ","-, ","53, ","3580, ","15, ","70, ","340, ","140, ","I2PAK-3 / D2PAK-3 STRAIGHT LEAD ","NA ","0 ","1.1516 ",
"FDM3622","Active","H Pb   ","N-Channel, ","PowerTrench® T1, ","Power 33 (u8FL), ","Low-Medium Voltage, ","Standard, ","0, ","Single, ","0, ","100, ","60, ","±20, ","4, ","4.4, ","2.1, ","-, ","-, ","10, ","13, ","820, ","3.4, ","108, ","125, ","35, ","WDFN-8 ","1 ","260 ","0.5804 ",
"FDMA1023PZ","Active","H Pb   ","P-Channel, ","PowerTrench® T1, ","Power 22, ","Low-Medium Voltage, ","Logic, ","0, ","Dual, ","0, ","-20, ","-, ","8, ","-1, ","-3.7, ","1.5, ","Q1=Q2=95, ","Q1=Q2=72, ","3.4, ","8.6, ","490, ","-, ","-, ","-, ","-, ","WDFN-6 ","1 ","260 ","0.2746 ",
"FDMA1024NZ","Active","H Pb   ","N-Channel, ","PowerTrench® T1, ","Power 22, ","Low-Medium Voltage, ","Logic, ","0, ","Dual, ","0, ","20, ","-, ","8, ","1, ","5, ","1.4, ","Q1=Q2=66, ","Q1=Q2=54, ","4, ","5.2, ","375, ","-, ","-, ","-, ","-, ","WDFN-6 ","1 ","260 ","0.207 ",
"FDMA1028NZ","Active","H Pb   ","N-Channel, ","PowerTrench® T1, ","Power 22, ","Low-Medium Voltage, ","Logic, ","0, ","Dual, ","0, ","20, ","-, ","12, ","1.5, ","3.7, ","1.4, ","Q1=Q2=86, ","Q1=Q2=68, ","-, ","4, ","340, ","-, ","-, ","-, ","-, ","WDFN-6 ","1 ","260 ","0.1688 ",
"FDMA1029PZ","Active","H Pb   ","P-Channel, ","PowerTrench® T1, ","Power 22, ","Low-Medium Voltage, ","Logic, ","0, ","Dual, ","0, ","-20, ","-, ","12, ","-1.5, ","-3.1, ","1.4, ","Q1=Q2=141, ","Q1=Q2=95, ","-, ","7, ","540, ","2.4, ","-, ","-, ","-, ","WDFN-6 ","1 ","260 ","0.1725 ",
"FDMA1032CZ","Active","H Pb   ","Complementary, ","PowerTrench® T1, ","Power 22, ","Low-Medium Voltage, ","Logic, ","0, ","Dual, ","0, ","±20, ","-, ","12, ","±1.5, ","N:3.7, P: -3.1, ","1.4, ","N: 86, P: 141, ","N: 68, P: 95, ","2.4, ","7, ","540, ","-, ","-, ","-, ","-, ","WDFN-6 ","1 ","260 ","0.1776 ",
"FDMA1430JP","Consult Sales Office","H Pb   ","P-Channel, ","PowerTrench® T1, ","Power 22, ","Low-Medium Voltage, ","Logic, ","0, ","with BJT, ","0, ","-30, ","-, ","8, ","-1, ","-2.9, ","1.5, ","130, ","90, ","7.9, ","7.2, ","438, ","-, ","-, ","-, ","-, ","WDFN-6 ","1 ","260 ","0.0 ",
"FDMA2002NZ","Active","H Pb   ","N-Channel, ","PowerTrench® T1, ","Power 22, ","Low-Medium Voltage, ","Logic, ","0, ","Dual, ","0, ","30, ","-, ","12, ","1.5, ","2.9, ","1.5, ","Q1=Q2=163, ","Q1=Q2=123, ","4.1, ","2.4, ","190, ","-, ","-, ","-, ","-, ","WDFN-6 ","1 ","260 ","0.2309 ",
"FDMA291P","Active","H Pb   ","P-Channel, ","PowerTrench® T1, ","Power 22, ","Low-Medium Voltage, ","Logic, ","0, ","Single, ","0, ","-20, ","-, ","8, ","-1, ","-6.6, ","2.4, ","58, ","42, ","10, ","10, ","1000, ","-, ","-, ","-, ","-, ","WDFN-6 ","1 ","260 ","0.1472 ",
"FDMA3023PZ","Active","H Pb   ","P-Channel, ","PowerTrench® T1, ","Power 22, ","Low-Medium Voltage, ","Logic, ","0, ","Dual, ","0, ","-30, ","-, ","8, ","-1, ","-2.9, ","1.4, ","Q1=Q2=130, ","Q1=Q2=90, ","3.7, ","7.9, ","400, ","-, ","-, ","-, ","-, ","WDFN-6 ","1 ","260 ","0.2591 ",
"FDMA410NZ","Active","H Pb   ","N-Channel, ","PowerTrench® T1, ","Power 22, ","Low-Medium Voltage, ","Logic, ","0, ","Single, ","0, ","20, ","-, ","8, ","1, ","9.5, ","2.4, ","29, ","23, ","8.8, ","10, ","815, ","-, ","-, ","-, ","-, ","WDFN-6 ","1 ","260 ","0.3215 ",
"FDMA507PZ","Active","H Pb   ","P-Channel, ","PowerTrench® T1, ","Power 22, ","Low-Medium Voltage, ","Logic, ","0, ","Single, ","0, ","-20, ","-, ","8, ","-1.5, ","-7.8, ","2.4, ","35, ","25, ","14, ","30, ","1515, ","-, ","-, ","-, ","-, ","WDFN-6 ","1 ","260 ","0.1854 ",
"FDMA530PZ","Active","H Pb   ","P-Channel, ","PowerTrench® T1, ","Power 22, ","Low-Medium Voltage, ","Logic, ","0, ","Single, ","0, ","-30, ","35, ","25, ","-3, ","-6.8, ","2.4, ","-, ","65, ","24, ","9, ","805, ","-, ","-, ","-, ","-, ","WDFN-6 ","1 ","260 ","0.2972 ",
"FDMA7630","Active","H Pb   ","N-Channel, ","PowerTrench® T1, ","Power 22, ","Low-Medium Voltage, ","Logic, ","0, ","Single, ","0, ","30, ","13, ","20, ","3, ","11, ","2.4, ","-, ","20, ","8, ","8, ","1020, ","-, ","-, ","-, ","-, ","WDFN-6 ","1 ","260 ","0.1915 ",
"FDMA7672","Active","H Pb   ","N-Channel, ","PowerTrench® T1, ","Power 22, ","Low-Medium Voltage, ","Logic, ","0, ","Single, ","0, ","30, ","21, ","20, ","3, ","9, ","2.4, ","-, ","32, ","4.1, ","4.4, ","570, ","-, ","-, ","-, ","-, ","WDFN-6 ","1 ","260 ","0.1693 ",
"FDMA8051L","Active","H Pb   ","N-Channel, ","PowerTrench® T1, ","Power 22, ","Low-Medium Voltage, ","Logic, ","0, ","Single, ","0, ","40, ","14, ","±20, ","3, ","10, ","2.4, ","-, ","18, ","2.7, ","14, ","901, ","1.8, ","6.7, ","251, ","16, ","WDFN-6 ","1 ","260 ","0.1597 ",
"FDMA86108LZ","Active","H Pb   ","N-Channel, ","PowerTrench® T1, ","Power 22, ","Low-Medium Voltage, ","Logic, ","0, ","Single, ","0, ","100, ","243, ","±20, ","3, ","2.2, ","2.4, ","-, ","366, ","-, ","1.1, ","116, ","0.5, ","20, ","23, ","1, ","WDFN-6 ","1 ","260 ","0.4264 ",
"FDMA86151L","Active","H Pb   ","N-Channel, ","PowerTrench® T1, ","Power 22, ","Low-Medium Voltage, ","Logic, ","0, ","Single, ","0, ","100, ","88, ","±20, ","3, ","3.3, ","2.4, ","-, ","132, ","-, ","2.6, ","322, ","1, ","25, ","55, ","3, ","WDFN-6 ","1 ","260 ","0.4275 ",
"FDMA86251","Active","H Pb   ","N-Channel, ","PowerTrench® T1, ","Power 22, ","Low-Medium Voltage, ","Standard, ","0, ","Single, ","0, ","150, ","175, ","±20, ","4, ","2.4, ","2.4, ","-, ","-, ","-, ","3.4, ","259, ","1, ","38, ","24, ","1.5, ","WDFN-6 ","1 ","260 ","0.3379 ",
"FDMA86265P","Active","H Pb   ","P-Channel, ","PowerTrench® T1, ","Power 22, ","Low-Medium Voltage, ","Standard, ","0, ","Single, ","0, ","-150, ","1200, ","±25, ","-4, ","-1, ","2.4, ","-, ","-, ","18, ","2.8, ","158, ","0.7, ","78, ","16, ","0.7, ","WDFN-6 ","1 ","260 ","0.4092 ",
"FDMA86551L","Active","H Pb   ","N-Channel, ","PowerTrench® T6, ","Power 22, ","Low-Medium Voltage, ","Logic, ","0, ","Single, ","0, ","60, ","23, ","±20, ","3, ","7.5, ","2.4, ","-, ","35, ","22, ","5.8, ","881, ","1.4, ","9.7, ","182, ","6.1, ","WDFN-6 ","1 ","260 ","0.417 ",
"FDMA8878","Active","H Pb   ","N-Channel, ","PowerTrench® T1, ","Power 22, ","Low-Medium Voltage, ","Logic, ","0, ","Single, ","0, ","30, ","16, ","20, ","3, ","9, ","2.4, ","-, ","19, ","-, ","4.1, ","539, ","-, ","-, ","-, ","-, ","WDFN-6 ","1 ","260 ","0.5503 ",
"FDMA8878-F130","Active","H Pb   ","N-Channel, ","PowerTrench® T1, ","Power 22, ","Low-Medium Voltage, ","Logic, ","0, ","Single, ","0, ","30, ","16, ","20, ","3, ","9, ","2.4, ","-, ","19, ","-, ","4.1, ","539, ","-, ","-, ","-, ","-, ","WDFN-6 ","1 ","260 ","0.1293 ",
"FDMA905P","Active","H Pb   ","P-Channel, ","PowerTrench® T1, ","Power 22, ","Low-Medium Voltage, ","Logic, ","0, ","Single, ","0, ","-12, ","-, ","8, ","-1, ","-10, ","2.4, ","21, ","16, ","21, ","21, ","2559, ","-, ","-, ","-, ","-, ","WDFN-6 ","1 ","260 ","0.1808 ",
"FDMA910PZ","Active","H Pb   ","P-Channel, ","PowerTrench® T1, ","Power 22, ","Low-Medium Voltage, ","Logic, ","0, ","Single, ","0, ","-20, ","-, ","8, ","-1.5, ","-9.4, ","2.4, ","24, ","20, ","5.2, ","21, ","2110, ","-, ","-, ","-, ","-, ","WDFN-6 ","1 ","260 ","0.1923 ",
"FDMC007N08LC","Active","H Pb   ","N-Channel, ","PowerTrench® T8, ","Power 33 (u8FL), ","Low-Medium Voltage, ","Logic, ","0, ","Single, ","0, ","80, ","7, ","±20, ","2.5, ","66, ","57, ","-, ","10.4, ","-, ","29, ","2100, ","3, ","27, ","506, ","18, ","PQFN-8 ","1 ","260 ","1.0269 ",
"FDMC007N08LCDC","Active","H Pb   ","N-Channel, ","PowerTrench® T8, ","Power 33 Dual Cool, ","Low-Medium Voltage, ","Logic, ","0, ","Single, ","0, ","80, ","6.8, ","±20, ","2.5, ","64, ","3, ","-, ","11.1, ","15, ","31, ","2195, ","4, ","24, ","521, ","25, ","PQFN-8 ","1 ","260 ","1.3901 ",
"FDMC007N30D","Active","H Pb   ","N-Channel, ","PowerTrench® T1, ","Power 33 (u8FL), ","Low-Medium Voltage, ","Logic, ","0, ","Dual, ","0, ","30, ","7, ","12, ","3, ","Q1: 10.0, Q2: 16.0, ","Q1: 1.9 , Q2: 2.5, ","-, ","7, ","35, ","11, ","1685, ","-, ","-, ","-, ","-, ","WDFN-8 ","1 ","260 ","0.3212 ",
"FDMC008N08C","Active","H Pb   ","N-Channel, ","PowerTrench® T8, ","Power 33 (u8FL), ","Low-Medium Voltage, ","Standard, ","0, ","Single, ","0, ","80, ","7.8, ","4, ","4, ","60, ","57, ","-, ","-, ","58, ","21, ","1535, ","3.8, ","27, ","517, ","19, ","PQFN-8 ","1 ","260 ","0.8836 ",
"FDMC010N08C","Active","H Pb   ","N-Channel, ","PowerTrench® T8, ","Power 33 (u8FL), ","Low-Medium Voltage, ","Logic, ","0, ","Single, ","0, ","80, ","10, ","20, ","4, ","51, ","2.4, ","-, ","25, ","10, ","15, ","1070, ","3, ","20, ","381, ","20, ","PQFN-8 ","1 ","260 ","1.4075 ",
"FDMC012N03","Active","H Pb   ","N-Channel, ","PowerTrench® T1, ","Power 33 (u8FL), ","Low-Medium Voltage, ","Logic, ","0, ","Single, ","0, ","30, ","1.23, ","12, ","2, ","35, ","64, ","-, ","1.46, ","-, ","35, ","5845, ","-, ","-, ","-, ","-, ","PQFN-8 ","1 ","260 ","0.4996 ",
"FDMC0310AS-F127","Active","H Pb   ","N-Channel, ","PowerTrench® T1, ","Power 33 (u8FL), ","Low-Medium Voltage, ","Logic, ","0, ","Single, ","0, ","30, ","4.4, ","20, ","3, ","21, ","36, ","-, ","5.2, ","71, ","18, ","2380, ","-, ","-, ","-, ","-, ","WDFN-8 ","1 ","260 ","0.364 ",
"FDMC2523P","Active","H Pb   ","P-Channel, ","PowerTrench® T1, ","Power 33 (u8FL), ","Low-Medium Voltage, ","Standard, ","0, ","Single, ","0, ","-150, ","1500, ","±25, ","-5, ","-3, ","42, ","-, ","-, ","-, ","6.2, ","200, ","3.3, ","270, ","60, ","10, ","WDFN-8 ","1 ","260 ","0.6243 ",
"FDMC2610","Active","H Pb   ","N-Channel, ","PowerTrench® T1, ","Power 33 (u8FL), ","Low-Medium Voltage, ","Standard, ","0, ","Single, ","0, ","200, ","200, ","±20, ","4, ","9.5, ","42, ","-, ","-, ","7.1, ","12.3, ","720, ","3.6, ","114, ","41, ","12, ","WDFN-8 ","1 ","260 ","0.9601 ",
"FDMC3612","Active","H Pb   ","N-Channel, ","PowerTrench® T1, ","Power 33 (u8FL), ","Low-Medium Voltage, ","Standard, ","0, ","Single, ","0, ","100, ","110, ","±20, ","4, ","12, ","35, ","-, ","-, ","-, ","7.9, ","662, ","3.7, ","37, ","40, ","23, ","WDFN-8 ","1 ","260 ","0.2662 ",
"FDMC3612-L701","Active","H Pb   ","N-Channel, ","PowerTrench® T1, ","Power 33 (u8FL), ","Low-Medium Voltage, ","Standard, ","0, ","Single, ","0, ","100, ","110, ","20, ","4, ","12, ","2.3, ","~NA~, ","-, ","~NA~, ","14.4, ","880, ","3.7, ","37, ","55, ","35, ","WDFN-8 ","1 ","260 ","0.4116 ",
"FDMC4435BZ-F127","Active","H Pb   ","P-Channel, ","PowerTrench® T1, ","Power 33 (u8FL), ","Low-Medium Voltage, ","Logic, ","0, ","Single, ","0, ","-30, ","20, ","25, ","-3, ","-18, ","31, ","-, ","37, ","26, ","17, ","1540, ","-, ","-, ","-, ","-, ","WDFN-8 ","1 ","260 ","0.4737 ",
"FDMC4435BZ","Active","H Pb   ","P-Channel, ","PowerTrench® T1, ","Power 33 (u8FL), ","Low-Medium Voltage, ","Logic, ","0, ","Single, ","0, ","-30, ","20, ","25, ","-3, ","-18, ","31, ","-, ","37, ","26, ","17, ","1540, ","-, ","-, ","-, ","-, ","WDFN-8 ","1 ","260 ","0.3633 ",
"FDMC510P","Active","H Pb   ","P-Channel, ","PowerTrench® T1, ","Power 33 (u8FL), ","Low-Medium Voltage, ","Logic, ","0, ","Single, ","0, ","-20, ","-, ","8, ","-1, ","-18, ","41, ","9.8, ","8, ","53, ","83, ","5910, ","-, ","-, ","-, ","-, ","WDFN-8 ","1 ","260 ","0.8058 ",
"FDMC610P","Active","H Pb   ","P-Channel, ","PowerTrench® T1, ","Power 33 (u8FL), ","Low-Medium Voltage, ","Logic, ","0, ","Single, ","0, ","-12, ","-, ","8, ","-1, ","-80, ","48, ","6.4, ","3.9, ","22, ","71, ","890, ","-, ","-, ","-, ","-, ","PQFN-8 ","1 ","260 ","0.8416 ",
"FDMC612PZ","Consult Sales Office","H Pb   ","P-Channel, ","PowerTrench® T1, ","Power 33 (u8FL), ","Low-Medium Voltage, ","Logic, ","0, ","Single, ","0, ","-20, ","-, ","12, ","-1.5, ","-14, ","26, ","13, ","8.4, ","14, ","53, ","5710, ","-, ","-, ","-, ","-, ","WDFN-8 ","1 ","260 ","0.0 ",
"FDMC6675BZ","Active, Not Rec","H Pb   ","P-Channel, ","PowerTrench® T1, ","Power 33 (u8FL), ","Low-Medium Voltage, ","Logic, ","0, ","Single, ","0, ","-30, ","14.4, ","25, ","-3, ","-20, ","36, ","-, ","27, ","87, ","26, ","2154, ","-, ","-, ","-, ","-, ","WDFN-8 ","1 ","260 ","0.4008 ",
"FDMC6679AZ","Active, Not Rec","H Pb   ","P-Channel, ","PowerTrench® T1, ","Power 33 (u8FL), ","Low-Medium Voltage, ","Logic, ","0, ","Single, ","0, ","-30, ","10, ","25, ","-3, ","-20, ","41, ","-, ","18, ","44, ","37, ","2985, ","-, ","-, ","-, ","-, ","WDFN-8 ","1 ","260 ","0.4713 ",
"FDMC6686P","Active","H Pb   ","P-Channel, ","PowerTrench® T1, ","Power 33 (u8FL), ","Low-Medium Voltage, ","Logic, ","0, ","Single, ","0, ","-20, ","-, ","8, ","-1, ","-56, ","40, ","5.7, ","4, ","1.8, ","87, ","8800, ","-, ","-, ","-, ","-, ","PQFN-8 ","1 ","260 ","0.6071 ",
"FDMC6688P","Active","H Pb   ","P-Channel, ","PowerTrench® T1, ","Power 33 (u8FL), ","Low-Medium Voltage, ","Logic, ","0, ","Single, ","0, ","-20, ","-, ","8, ","-1, ","-56, ","30, ","9.8, ","6.5, ","7, ","44, ","4956, ","-, ","-, ","-, ","-, ","PQFN-8 ","1 ","260 ","0.412 ",
"FDMC6696P","Active","H Pb   ","P-Channel, ","PowerTrench® T1, ","Power 33 (u8FL), ","Low-Medium Voltage, ","Standard, ","0, ","Single, ","0, ","-20, ","-, ","-, ","-, ","-, ","-, ","-, ","-, ","-, ","-, ","-, ","-, ","-, ","-, ","-, ","PQFN-8 ","1 ","260 ","0.5187 ",
"FDMC7200","Active","H Pb   ","N-Channel, ","PowerTrench® T1, ","Power 33 (u8FL), ","Low-Medium Voltage, ","Logic, ","0, ","Dual, ","0, ","30, ","12, ","20, ","3, ","Q1: 6.0, Q2: 8.0, ","Q1: 1.9 , Q2: 2.2, ","-, ","Q1: 38, Q2: 18, ","14, ","7, ","1180, ","-, ","-, ","-, ","-, ","WDFN-8 ","1 ","260 ","0.2353 ",
"FDMC7200S","Active","H Pb   ","N-Channel, ","PowerTrench® T1, ","Power 33 (u8FL), ","Low-Medium Voltage, ","Logic, ","0, ","Dual, ","0, ","30, ","22, ","20, ","3, ","Q1: 7.0, Q2: 13.0, ","Q1: 1.9, Q2: 2.5, ","-, ","Q1: 34, Q2: 13.5, ","22, ","7.2, ","1080, ","-, ","-, ","-, ","-, ","WDFN-8 ","1 ","260 ","0.3248 ",
"FDMC7208S","Active","H Pb   ","N-Channel, ","PowerTrench® T1, ","Power 33 (u8FL), ","Low-Medium Voltage, ","Logic, ","0, ","Dual, ","0, ","30, ","Q1: 9, Q2: 6.4, ","12, ","3, ","Q1: 12.0, Q2: 16.0, ","1.9, ","-, ","Q1: 11.0, Q2: 7.5, ","14, ","14, ","1685, ","-, ","-, ","-, ","-, ","WDFN-8 ","1 ","260 ","0.3754 ",
"FDMC7570S","Active","H Pb   ","N-Channel, ","PowerTrench® T1, ","Power 33 (u8FL), ","Low-Medium Voltage, ","Logic, ","0, ","Single, ","0, ","25, ","2, ","20, ","3, ","40, ","59, ","-, ","2.9, ","9.5, ","22, ","3315, ","-, ","-, ","-, ","-, ","PQFN-8 ","1 ","260 ","0.5548 ",
"FDMC7660","Active","H Pb   ","N-Channel, ","PowerTrench® T1, ","Power 33 (u8FL), ","Low-Medium Voltage, ","Logic, ","0, ","Single, ","0, ","30, ","2.2, ","20, ","2.5, ","20, ","41, ","-, ","3.3, ","21, ","24, ","3630, ","-, ","-, ","-, ","-, ","PQFN-8 ","1 ","260 ","0.722 ",
"FDMC7660DC","Active, Not Rec","H Pb   ","N-Channel, ","PowerTrench® T1, ","Power 33 Dual Cool, ","Low-Medium Voltage, ","Logic, ","0, ","Single, ","0, ","30, ","2.2, ","20, ","2.5, ","40, ","78, ","-, ","3.3, ","25, ","24, ","3885, ","-, ","-, ","-, ","-, ","PQFN-8 ","1 ","260 ","0.667 ",
"FDMC7660S","Active","H Pb   ","N-Channel, ","PowerTrench® T1, ","Power 33 (u8FL), ","Low-Medium Voltage, ","Logic, ","0, ","Single, ","0, ","30, ","2.2, ","20, ","2.5, ","20, ","41, ","-, ","2.95, ","18, ","21, ","3250, ","-, ","-, ","-, ","-, ","PQFN-8 ","1 ","260 ","0.5647 ",
"FDMC7672","Active","H Pb   ","N-Channel, ","PowerTrench® T1, ","Power 33 (u8FL), ","Low-Medium Voltage, ","Logic, ","0, ","Single, ","0, ","30, ","7, ","20, ","3, ","16.9, ","33, ","-, ","7, ","14, ","18, ","2925, ","-, ","-, ","-, ","-, ","WDFN-8 ","1 ","260 ","0.3623 ",
"FDMC7672S","Active","H Pb   ","N-Channel, ","PowerTrench® T1, ","Power 33 (u8FL), ","Low-Medium Voltage, ","Logic, ","0, ","Single, ","0, ","30, ","6, ","20, ","3, ","14.8, ","36, ","-, ","7.1, ","14, ","14, ","1895, ","-, ","-, ","-, ","-, ","WDFN-8 ","1 ","260 ","0.299 ",
"FDMC7678-L701","Active","H Pb   ","N-Channel, ","PowerTrench® T1, ","Power 33 (u8FL), ","Low-Medium Voltage, ","Standard, ","0, ","Single, ","0, ","30, ","5.3, ","20, ","3, ","19.5, ","31, ","~NA~, ","6.8, ","14, ","28, ","1810, ","~NA~, ","13, ","620, ","75, ","WDFN-8 ","1 ","260 ","0.3415 ",
"FDMC7680","Active","H Pb   ","N-Channel, ","PowerTrench® T1, ","Power 33 (u8FL), ","Low-Medium Voltage, ","Logic, ","0, ","Single, ","0, ","30, ","7.2, ","20, ","3, ","14.8, ","31, ","-, ","9.5, ","8, ","14, ","2145, ","-, ","-, ","-, ","-, ","WDFN-8 ","1 ","260 ","0.287 ",
"FDMC7692","Active","H Pb   ","N-Channel, ","PowerTrench® T1, ","Power 33 (u8FL), ","Low-Medium Voltage, ","Logic, ","0, ","Single, ","0, ","30, ","8.5, ","20, ","3, ","13.3, ","29, ","-, ","11.5, ","8, ","10, ","1260, ","-, ","-, ","-, ","-, ","WDFN-8 ","1 ","260 ","0.2387 ",
"FDMC7696","Active","H Pb   ","N-Channel, ","PowerTrench® T1, ","Power 33 (u8FL), ","Low-Medium Voltage, ","Logic, ","0, ","Single, ","0, ","30, ","11.5, ","20, ","3, ","12, ","25, ","-, ","14.5, ","-, ","8, ","1075, ","-, ","-, ","-, ","-, ","WDFN-8 ","1 ","260 ","0.3394 ",
"FDMC8010","Active","H Pb   ","N-Channel, ","PowerTrench® T1, ","Power 33 (u8FL), ","Low-Medium Voltage, ","Logic, ","0, ","Single, ","0, ","30, ","1.3, ","20, ","2.5, ","75, ","54, ","-, ","1.8, ","32, ","32, ","4405, ","-, ","-, ","-, ","-, ","PQFN-8 ","1 ","260 ","0.6481 ",
"FDMC8010DC","Active","H Pb   ","N-Channel, ","PowerTrench® T1, ","Power 33 Dual Cool, ","Low-Medium Voltage, ","Logic, ","0, ","Single, ","0, ","30, ","1.28, ","3, ","3, ","157, ","50, ","-, ","1.74, ","-, ","32, ","4720, ","-, ","-, ","-, ","-, ","PQFN-8 ","1 ","260 ","0.4987 ",
"FDMC8015L","Active, Not Rec","H Pb   ","N-Channel, ","PowerTrench® T1, ","Power 33 (u8FL), ","Low-Medium Voltage, ","Logic, ","0, ","Single, ","0, ","40, ","26, ","±20, ","3, ","18, ","24, ","-, ","36, ","-, ","6.6, ","710, ","2.5, ","8.6, ","94, ","58, ","WDFN-8 ","1 ","260 ","0.2668 ",
"FDMC8097AC","Active","H Pb   ","Complementary, ","PowerTrench® T1, ","Power 33 (u8FL), ","Low-Medium Voltage, ","Standard, ","0, ","Dual, ","0, ","150, ","155, ","20, ","4, ","2.4, ","1.9, ","~NA~, ","~NA~, ","7.2, ","1.2, ","162, ","1, ","43, ","13, ","1.4, ","WDFN-8 ","1 ","260 ","1.9345 ",
"FDMC8200","Active","H Pb   ","N-Channel, ","PowerTrench® T1, ","Power 33 (u8FL), ","Low-Medium Voltage, ","Logic, ","0, ","Dual, ","0, ","30, ","Q1: 20, Q2: 9.5, ","20, ","3, ","Q1: 8.0, Q2: 12.0, ","Q1: 1.9; Q2: 2.2, ","-, ","Q1: 32, Q2: 13.5, ","7.6, ","7, ","1180, ","-, ","-, ","-, ","-, ","WDFN-8 ","1 ","260 ","0.2668 ",
"FDMC8200S","Active","H Pb   ","N-Channel, ","PowerTrench® T1, ","Power 33 (u8FL), ","Low-Medium Voltage, ","Logic, ","0, ","Dual, ","0, ","30, ","Q1: 20, Q2: 10, ","20, ","3, ","Q1: 6.0, Q2: 8.5, ","Q1: 1.9, Q2: 2.5, ","-, ","Q1: 32, Q2: 13.5, ","-, ","7.2, ","1080, ","-, ","-, ","-, ","-, ","WDFN-8 ","1 ","260 ","0.2788 ",
"FDMC8321L","Active","H Pb   ","N-Channel, ","PowerTrench® T1, ","Power 33 (u8FL), ","Low-Medium Voltage, ","Logic, ","0, ","Single, ","0, ","40, ","2.5, ","±20, ","3, ","49, ","40, ","-, ","4.1, ","-, ","44, ","2930, ","5.8, ","20, ","1000, ","60, ","PQFN-8 ","1 ","260 ","0.4851 ",
"FDMC8327L","Active","H Pb   ","N-Channel, ","PowerTrench® T1, ","Power 33 (u8FL), ","Low-Medium Voltage, ","Logic, ","0, ","Single, ","0, ","40, ","9.7, ","±20, ","3, ","14, ","30, ","-, ","12.5, ","-, ","18, ","1235, ","2.6, ","10, ","347, ","21, ","WDFN-8 ","1 ","260 ","0.2967 ",
"FDMC8360L","Active","H Pb   ","N-Channel, ","PowerTrench® T1, ","Power 33 (u8FL), ","Low-Medium Voltage, ","Logic, ","0, ","Single, ","0, ","40, ","2.1, ","±20, ","3, ","80, ","54, ","-, ","3.1, ","-, ","57, ","4140, ","5.7, ","29, ","1230, ","36, ","PQFN-8 ","1 ","260 ","0.5741 ",
"FDMC8462","Active","H Pb   ","N-Channel, ","PowerTrench® T1, ","Power 33 (u8FL), ","Low-Medium Voltage, ","Logic, ","0, ","Single, ","0, ","40, ","5.8, ","±20, ","3, ","20, ","41, ","-, ","8, ","12, ","30, ","2000, ","5, ","20, ","545, ","80, ","PQFN-8 ","1 ","260 ","0.4202 ",
"FDMC8554","Active","H Pb   ","N-Channel, ","PowerTrench® T1, ","Power 33 (u8FL), ","Low-Medium Voltage, ","Logic, ","0, ","Single, ","0, ","20, ","5, ","20, ","3, ","16.5, ","41, ","-, ","6.4, ","12, ","24, ","2540, ","-, ","-, ","-, ","-, ","WDFN-8 ","1 ","260 ","0.4117 ",
"FDMC8588","Active","H Pb   ","N-Channel, ","PowerTrench® T1, ","Power 33 (u8FL), ","Low-Medium Voltage, ","Logic, ","0, ","Single, ","0, ","25, ","5, ","12, ","1.8, ","40, ","26, ","-, ","5.7, ","3, ","12, ","1228, ","-, ","-, ","-, ","-, ","PQFN-8 ","1 ","260 ","0.342 ",
"FDMC86012","Active","H Pb   ","N-Channel, ","PowerTrench® T1, ","Power 33 (u8FL), ","Low-Medium Voltage, ","Logic, ","0, ","Single, ","0, ","30, ","-, ","12, ","1.5, ","88, ","54, ","4.7, ","2.7, ","-, ","16, ","3625, ","-, ","-, ","-, ","-, ","PQFN-8 ","1 ","260 ","0.6523 ",
"FDMC86102","Active","H Pb   ","N-Channel, ","PowerTrench® T1, ","Power 33 (u8FL), ","Low-Medium Voltage, ","Standard, ","0, ","Single, ","0, ","100, ","24, ","±20, ","4, ","20, ","41, ","-, ","-, ","-, ","8, ","725, ","3.6, ","40, ","175, ","15, ","PQFN-8 ","1 ","260 ","0.92 ",
"FDMC86102L","Active","H Pb   ","N-Channel, ","PowerTrench® T1, ","Power 33 (u8FL), ","Low-Medium Voltage, ","Logic, ","0, ","Single, ","0, ","100, ","23, ","±20, ","3, ","18, ","41, ","-, ","34, ","-, ","7.3, ","999, ","2.3, ","45, ","178, ","7.6, ","WDFN-8 ","1 ","260 ","0.5831 ",
"FDMC86102LZ","Active","H Pb   ","N-Channel, ","PowerTrench® T1, ","Power 33 (u8FL), ","Low-Medium Voltage, ","Logic, ","0, ","Single, ","0, ","100, ","24, ","±20, ","2.2, ","22, ","41, ","-, ","35, ","-, ","7.6, ","969, ","2.5, ","27, ","181, ","9, ","WDFN-8 ","1 ","260 ","0.7415 ",
"FDMC86116LZ","Active","H Pb   ","N-Channel, ","PowerTrench® T1, ","Power 33 (u8FL), ","Low-Medium Voltage, ","Logic, ","0, ","Single, ","0, ","100, ","103, ","±20, ","2.2, ","7.5, ","19, ","-, ","153, ","-, ","2, ","232, ","0.7, ","23, ","45, ","2.4, ","WDFN-8 ","1 ","260 ","0.3842 ",
"FDMC86139P","Active","H Pb   ","P-Channel, ","PowerTrench® T1, ","Power 33 (u8FL), ","Low-Medium Voltage, ","Standard, ","0, ","Single, ","0, ","-100, ","67, ","±25, ","-4, ","-15, ","40, ","-, ","-, ","-, ","9.8, ","1001, ","3.2, ","141, ","178, ","10, ","WDFN-8 ","1 ","260 ","0.7403 ",
"FDMC86160","Active","H Pb   ","N-Channel, ","PowerTrench® T1, ","Power 33 (u8FL), ","Low-Medium Voltage, ","Standard, ","0, ","Single, ","0, ","100, ","14, ","±20, ","4, ","43, ","54, ","-, ","-, ","-, ","9.8, ","968, ","3.5, ","45, ","241, ","11, ","PQFN-8 ","1 ","260 ","1.0184 ",
"FDMC86160ET100","Active","H Pb   ","N-Channel, ","PowerTrench® T1, ","Power 33 (u8FL), ","Low-Medium Voltage, ","Standard, ","0, ","Single, ","0, ","100, ","14, ","±20, ","4, ","43, ","65, ","-, ","-, ","-, ","9.8, ","968, ","3.5, ","45, ","241, ","11, ","PQFN-8 ","1 ","260 ","1.0804 ",
"FDMC86184","Active","H Pb   ","N-Channel, ","PowerTrench® T8, ","Power 33 (u8FL), ","Low-Medium Voltage, ","Standard, ","0, ","Single, ","0, ","100, ","8.5, ","±20, ","4, ","57, ","54, ","-, ","-, ","-, ","14, ","1490, ","4.6, ","96, ","906, ","13, ","PQFN-8 ","1 ","260 ","1.0104 ",
"FDMC8622","Active","H Pb   ","N-Channel, ","PowerTrench® T1, ","Power 33 (u8FL), ","Low-Medium Voltage, ","Standard, ","0, ","Single, ","0, ","100, ","56, ","±20, ","4, ","16, ","31, ","-, ","-, ","-, ","3, ","302, ","1.4, ","28, ","72.5, ","96, ","WDFN-8 ","1 ","260 ","0.6015 ",
"FDMC86240","Active","H Pb   ","N-Channel, ","PowerTrench® T1, ","Power 33 (u8FL), ","Low-Medium Voltage, ","Standard, ","0, ","Single, ","0, ","150, ","51, ","±20, ","4, ","16, ","40, ","-, ","-, ","-, ","6, ","680, ","2.3, ","63, ","79, ","4.3, ","WDFN-8 ","1 ","260 ","1.0222 ",
"FDMC86244","Active","H Pb   ","N-Channel, ","PowerTrench® T1, ","Power 33 (u8FL), ","Low-Medium Voltage, ","Standard, ","0, ","Single, ","0, ","150, ","134, ","±20, ","4, ","9.4, ","26, ","-, ","-, ","-, ","2.4, ","257, ","1, ","38, ","32, ","1.8, ","WDFN-8 ","1 ","260 ","0.4432 ",
"FDMC86248","Active","H Pb   ","N-Channel, ","PowerTrench® T1, ","Power 33 (u8FL), ","Low-Medium Voltage, ","Standard, ","0, ","Single, ","0, ","150, ","90, ","±20, ","4, ","13, ","36, ","-, ","-, ","-, ","3.7, ","393, ","1.7, ","48, ","50, ","2.6, ","PQFN-8 ","1 ","260 ","0.797 ",
"FDMC86259P","Active, Not Rec","H Pb   ","P-Channel, ","PowerTrench® T1, ","Power 33 (u8FL), ","Low-Medium Voltage, ","Standard, ","0, ","Single, ","0, ","-150, ","107, ","±25, ","-4, ","-13, ","62, ","-, ","-, ","-, ","14, ","1535, ","4.3, ","208, ","125, ","6, ","PQFN-8 ","1 ","260 ","1.2586 ",
"FDMC86260","Active","H Pb   ","N-Channel, ","PowerTrench® T1, ","Power 33 (u8FL), ","Low-Medium Voltage, ","Standard, ","0, ","Single, ","0, ","150, ","34, ","±20, ","4, ","25, ","54, ","-, ","-, ","-, ","9.7, ","1000, ","3.1, ","85, ","105, ","4.8, ","PQFN-8 ","1 ","260 ","1.0498 ",
"FDMC86260ET150","Active","H Pb   ","N-Channel, ","PowerTrench® T1, ","Power 33 (u8FL), ","Low-Medium Voltage, ","Standard, ","0, ","Single, ","0, ","150, ","34, ","±20, ","4, ","25, ","65, ","-, ","-, ","-, ","9.7, ","1000, ","3.1, ","85, ","105, ","4.8, ","PQFN-8 ","1 ","260 ","0.9576 ",
"FDMC86261P","Active","H Pb   ","P-Channel, ","PowerTrench® T1, ","Power 33 (u8FL), ","Low-Medium Voltage, ","Standard, ","0, ","Single, ","0, ","-150, ","160, ","±25, ","-4, ","-9, ","40, ","-, ","-, ","-, ","11, ","1021, ","3.7, ","197, ","87, ","4.7, ","WDFN-8 ","1 ","260 ","0.7531 ",
"FDMC86262P","Active","H Pb   ","P-Channel, ","PowerTrench® T1, ","Power 33 (u8FL), ","Low-Medium Voltage, ","Standard, ","0, ","Single, ","0, ","-150, ","307, ","±25, ","-4, ","-2, ","40, ","-, ","-, ","-, ","5.6, ","632, ","1.6, ","166, ","45, ","1.3, ","WDFN-8 ","1 ","260 ","0.4677 ",
"FDMC86320","Active","H Pb   ","N-Channel, ","PowerTrench® T6, ","Power 33 (u8FL), ","Low-Medium Voltage, ","Standard, ","0, ","Single, ","0, ","80, ","11.7, ","±20, ","4.5, ","22, ","40, ","-, ","-, ","-, ","24, ","1985, ","6.9, ","27, ","353, ","12, ","WDFN-8 ","1 ","260 ","0.7607 ",
"FDMC86324","Active","H Pb   ","N-Channel, ","PowerTrench® T1, ","Power 33 (u8FL), ","Low-Medium Voltage, ","Standard, ","0, ","Single, ","0, ","80, ","23, ","±20, ","4, ","20, ","41, ","-, ","-, ","-, ","13, ","725, ","3.6, ","40, ","175, ","15, ","PQFN-8 ","1 ","260 ","0.6081 ",
"FDMC86340","Active","H Pb   ","N-Channel, ","PowerTrench® T6, ","Power 33 (u8FL), ","Low-Medium Voltage, ","Standard, ","0, ","Single, ","0, ","80, ","6.5, ","±20, ","4, ","48, ","54, ","-, ","-, ","-, ","31, ","2775, ","8, ","25, ","468, ","15, ","PQFN-8 ","1 ","260 ","0.7849 ",
"FDMC8651","Active","H Pb   ","N-Channel, ","PowerTrench® T1, ","Power 33 (u8FL), ","Low-Medium Voltage, ","Logic, ","0, ","Single, ","0, ","30, ","-, ","12, ","1.5, ","20, ","41, ","9.3, ","6.1, ","-, ","19.4, ","2530, ","-, ","-, ","-, ","-, ","PQFN-8 ","1 ","260 ","0.5097 ",
"FDMC86520L","Active","H Pb   ","N-Channel, ","PowerTrench® T6, ","Power 33 (u8FL), ","Low-Medium Voltage, ","Logic, ","0, ","Single, ","0, ","60, ","7.9, ","±20, ","3, ","22, ","40, ","-, ","11.7, ","-, ","21, ","3420, ","4.9, ","21, ","638, ","25, ","WDFN-8 ","1 ","260 ","0.9798 ",
"FDMC86570L","Active","H Pb   ","N-Channel, ","PowerTrench® T6, ","Power 33 (u8FL), ","Low-Medium Voltage, ","Logic, ","0, ","Single, ","0, ","60, ","4.3, ","±20, ","3, ","84, ","54, ","-, ","6.5, ","-, ","29, ","4790, ","6.3, ","26, ","821, ","19, ","PQFN-8 ","1 ","260 ","1.2781 ",
"FDMC89521L","Active","H Pb   ","N-Channel, ","PowerTrench® T6, ","Power 33 (u8FL), ","Low-Medium Voltage, ","Logic, ","0, ","Single, ","0, ","60, ","17, ","±20, ","3, ","8.2, ","16, ","-, ","27, ","-, ","7.9, ","1228, ","1.9, ","11, ","243, ","10, ","WDFN-8 ","1 ","260 ","0.8473 ",
"FDMC9430L-F085","Active","H Pb A P ","N-Channel, ","PowerTrench® T1, ","Power 33 (u8FL), ","Low-Medium Voltage, ","Logic, ","0, ","Dual, ","0, ","40, ","Q1=Q2=8, ","12, ","3, ","12, ","11.4, ","-, ","Q1=Q2=11.5, ","-, ","15, ","984, ","2.1, ","16, ","315, ","18, ","WDFN-8 ","1 ","260 ","0.8853 ",
"FDME1024NZT","Active","H Pb   ","N-Channel, ","PowerTrench® T1, ","Power 22, ","Low-Medium Voltage, ","Logic, ","0, ","Dual, ","0, ","20, ","-, ","8, ","1, ","3.8, ","1.4, ","Q1=Q2=86, ","Q1=Q2=66, ","20, ","3, ","225, ","-, ","-, ","-, ","-, ","UDFN-6 ","1 ","260 ","0.1996 ",
"FDME1034CZT","Active","H Pb   ","Complementary, ","PowerTrench® T1, ","Power 22, ","Low-Medium Voltage, ","Logic, ","0, ","Dual, ","0, ","±20, ","-, ","8, ","±1, ","N: 2.8, P: -2.6, ","1.4, ","N:86, P: 213, ","N: 66, P: 142, ","-, ","5.5, ","305, ","-, ","-, ","-, ","-, ","UDFN-6 ","1 ","260 ","0.1996 ",
"FDME410NZT","Consult Sales Office","H Pb   ","N-Channel, ","PowerTrench® T1, ","Power 22, ","Low-Medium Voltage, ","Logic, ","0, ","Single, ","0, ","20, ","-, ","8, ","1, ","7, ","2.1, ","31, ","26, ","8.5, ","9.2, ","770, ","-, ","-, ","-, ","-, ","UDFN-6 ","1 ","260 ","0.0 ",
"FDME820NZT","Active","H Pb   ","N-Channel, ","PowerTrench® T1, ","Power 22, ","Low-Medium Voltage, ","Logic, ","0, ","Single, ","0, ","20, ","-, ","12, ","1, ","9, ","2.1, ","24, ","18, ","15, ","8.5, ","865, ","-, ","-, ","-, ","-, ","UDFN-6 ","1 ","260 ","0.2691 ",
"FDME905PT","Active","H Pb   ","P-Channel, ","PowerTrench® T1, ","Power 22, ","Low-Medium Voltage, ","Logic, ","0, ","Single, ","0, ","-12, ","-, ","8, ","-1, ","-8, ","2.1, ","26, ","22, ","5.5, ","14, ","1740, ","-, ","-, ","-, ","-, ","UDFN-6 ","1 ","260 ","0.1881 ",
"FDML7610S","Active","H Pb   ","N-Channel, ","PowerTrench® T1, ","Power 33 (u8FL), ","Low-Medium Voltage, ","Logic, ","0, ","Dual, ","0, ","30, ","Q1: 7.5, Q2: 4.2, ","20, ","3, ","Q1: 12.0, Q2: 17.0, ","Q1: 2.1,Q2:2.2, ","-, ","Q1: 12.0, Q2:5.5, ","-, ","20, ","2960, ","-, ","-, ","-, ","-, ","WDFN-8 ","1 ","260 ","0.5304 ",
"FDMQ8203","Active","H Pb   ","Complementary, ","PowerTrench® T1, ","WDFN-12, ","Low-Medium Voltage, ","Standard, ","0, ","Dual, ","0, ","±100, ","N: 110, P: 190, ","±20, ","Q1,Q4:4.0, Q2,Q3: -3.0, ","N: 6.0, P: -6.0, ","Q1: 22, Q2:37, ","-, ","-, ","-, ","6.4, ","Q1/Q4= 158, Q2/Q3: 639, ","Q1/Q4: 0.8 Q2/Q3: 2.6, ","Q1/Q4: 21 Q2/Q3: 26, ","Q1/Q4: 41 Q2/Q3: 46, ","Q1/Q4: 2.6 Q2/Q3: 24, ","WDFN-12 ","1 ","260 ","0.6611 ",
"FDMQ8205","Active","H Pb   ","Complementary, ","PowerTrench® T1, ","WDFN-12, ","Low-Medium Voltage, ","Standard, ","0, ","Quad, ","0, ","80, ","-, ","-, ","-, ","-, ","2.5, ","-, ","-, ","-, ","-, ","-, ","-, ","-, ","-, ","-, ","WDFN-12 ","1 ","260 ","2.7091 ",
"FDMQ8205A","Active","H Pb   ","Complementary, ","PowerTrench® T1, ","WDFN-12, ","Low-Medium Voltage, ","Standard, ","0, ","Quad, ","0, ","80, ","-, ","-, ","-, ","-, ","2.5, ","-, ","-, ","-, ","-, ","-, ","-, ","-, ","-, ","-, ","WDFN-12 ","1 ","260 ","1.5149 ",
"FDMQ8403","Active","H Pb   ","N-Channel, ","PowerTrench® T1, ","WDFN-12, ","Low-Medium Voltage, ","Standard, ","0, ","Bridge, ","0, ","100, ","110, ","±20, ","4, ","6, ","17, ","-, ","-, ","-, ","1.7, ","162, ","0.8, ","23, ","43, ","2.6, ","WDFN-12 ","1 ","260 ","1.5595 ",
"FDMQ86530L","Active","H Pb   ","N-Channel, ","PowerTrench® T6, ","WDFN-12, ","Low-Medium Voltage, ","Logic, ","0, ","Bridge, ","0, ","100, ","17.5, ","±20, ","3, ","8, ","22, ","-, ","25, ","-, ","11, ","1725, ","2.3, ","12, ","299, ","10, ","WDFN-12 ","1 ","260 ","1.4602 ",
"FDMS003N08C","Active","H Pb   ","N-Channel, ","PowerTrench® T8, ","Power 56 (SO-8FL), ","Low-Medium Voltage, ","Logic, ","0, ","Single, ","0, ","80, ","3.1, ","20, ","4, ","147, ","2.7, ","-, ","8.1, ","33, ","52, ","3820, ","10, ","53, ","1335, ","44, ","PQFN-8 ","1 ","260 ","3.5085 ",
"FDMS004N08C","Active","H Pb   ","N-Channel, ","PowerTrench® T8, ","Power 56 (SO-8FL), ","Low-Medium Voltage, ","Standard, ","0, ","Single, ","0, ","80, ","4, ","±20, ","4, ","126, ","125, ","-, ","-, ","-, ","25, ","3035, ","7, ","108, ","940, ","27, ","PQFN-8 ","1 ","260 ","1.3337 ",
"FDMS007N08LC","Active","H Pb   ","N-Channel, ","PowerTrench® T8, ","Power 56 (SO-8FL), ","Low-Medium Voltage, ","Logic, ","0, ","Single, ","0, ","80, ","6.7, ","20, ","2.5, ","84, ","2.5, ","-, ","9.9, ","16, ","33, ","2227, ","4, ","24, ","520, ","27, ","PQFN-8 ","1 ","260 ","0.95 ",
"FDMS0300S","Active","H Pb   ","N-Channel, ","PowerTrench® T1, ","Power 56 (SO-8FL), ","Low-Medium Voltage, ","Logic, ","0, ","Single, ","0, ","30, ","2, ","20, ","3, ","49, ","96, ","-, ","2, ","20, ","43, ","6545, ","-, ","-, ","-, ","-, ","PQFN-8 ","1 ","260 ","0.6664 ",
"FDMS0306AS","Active","H Pb   ","N-Channel, ","PowerTrench® T1, ","Power 56 (SO-8FL), ","Low-Medium Voltage, ","Logic, ","0, ","Single, ","0, ","30, ","2.4, ","20, ","3, ","49, ","59, ","-, ","3, ","16, ","20, ","2670, ","-, ","-, ","-, ","-, ","PQFN-8 ","1 ","260 ","0.3501 ",
"FDMS0308AS","Active","H Pb   ","N-Channel, ","PowerTrench® T1, ","Power 56 (SO-8FL), ","Low-Medium Voltage, ","Logic, ","0, ","Single, ","0, ","30, ","2.8, ","20, ","3, ","49, ","50, ","-, ","3.5, ","13, ","16, ","2255, ","-, ","-, ","-, ","-, ","PQFN-8 ","1 ","260 ","0.334 ",
"FDMS0309AS","Active","H Pb   ","N-Channel, ","PowerTrench® T1, ","Power 56 (SO-8FL), ","Low-Medium Voltage, ","Logic, ","0, ","Single, ","0, ","30, ","3.5, ","20, ","3, ","49, ","50, ","-, ","4.3, ","15, ","16, ","2255, ","-, ","-, ","-, ","-, ","PQFN-8 ","1 ","260 ","0.3167 ",
"FDMS030N06B","Active","H Pb   ","N-Channel, ","PowerTrench® T6, ","Power 56 (SO-8FL), ","Low-Medium Voltage, ","Standard, ","0, ","Single, ","0, ","60, ","3, ","±20, ","4.5, ","100, ","104, ","-, ","-, ","-, ","75, ","6585, ","14, ","85, ","1720, ","59, ","PQFN-8 ","1 ","260 ","1.6102 ",
"FDMS0310AS","Active","H Pb   ","N-Channel, ","PowerTrench® T1, ","Power 56 (SO-8FL), ","Low-Medium Voltage, ","Logic, ","0, ","Single, ","0, ","30, ","4.3, ","20, ","3, ","22, ","41, ","-, ","5.2, ","11, ","13, ","1715, ","-, ","-, ","-, ","-, ","PQFN-8 ","1 ","260 ","0.2939 ",
"FDMS0312AS","Active","H Pb   ","N-Channel, ","PowerTrench® T1, ","Power 56 (SO-8FL), ","Low-Medium Voltage, ","Logic, ","0, ","Single, ","0, ","30, ","5, ","20, ","3, ","22, ","36, ","-, ","6.2, ","-, ","11, ","1365, ","-, ","-, ","-, ","-, ","PQFN-8 ","1 ","260 ","0.2247 ",
"FDMS0312S","Active","H Pb   ","N-Channel, ","PowerTrench® T1, ","Power 56 (SO-8FL), ","Low-Medium Voltage, ","Logic, ","0, ","Single, ","0, ","30, ","4.9, ","20, ","3, ","42, ","46, ","-, ","5.8, ","-, ","15, ","2120, ","-, ","-, ","-, ","-, ","PQFN-8 ","1 ","260 ","0.2255 ",
"FDMS037N08B","Active","H Pb   ","N-Channel, ","PowerTrench® T6, ","Power 56 (SO-8FL), ","Low-Medium Voltage, ","Standard, ","0, ","Single, ","0, ","75, ","3.7, ","±20, ","4.5, ","100, ","104.2, ","-, ","-, ","43, ","76.8, ","4550, ","17.4, ","84, ","1060, ","30.2, ","PQFN-8 ","1 ","260 ","1.0885 ",
"FDMS039N08B","Active","H Pb   ","N-Channel, ","PowerTrench® T6, ","Power 56 (SO-8FL), ","Low-Medium Voltage, ","Standard, ","0, ","Single, ","0, ","80, ","3.9, ","±20, ","4.5, ","100, ","104, ","-, ","-, ","35, ","77, ","5715, ","16, ","80, ","881, ","15, ","PQFN-8 ","1 ","260 ","0.9509 ",
"FDMS10C4D2N","Active","H Pb   ","N-Channel, ","PowerTrench® T8, ","Power 56 (SO-8FL), ","Low-Medium Voltage, ","Standard, ","0, ","Single, ","0, ","100, ","4.2, ","±20, ","4, ","124, ","125, ","-, ","-, ","-, ","27, ","2945, ","9.3, ","158, ","1730, ","20, ","PQFN-8 ","1 ","260 ","1.4329 ",
"FDMS2572","Active","H Pb   ","N-Channel, ","PowerTrench® T1, ","Power 56 (SO-8FL), ","Low-Medium Voltage, ","Standard, ","0, ","Single, ","0, ","150, ","47, ","±20, ","4, ","27, ","78, ","-, ","-, ","-, ","31, ","1960, ","7, ","130, ","130, ","30, ","DFN-8 ","1 ","260 ","0.9856 ",
"FDMS2672","Active","H Pb   ","N-Channel, ","PowerTrench® T1, ","Power 56 (SO-8FL), ","Low-Medium Voltage, ","Standard, ","0, ","Single, ","0, ","200, ","77, ","±20, ","4, ","20, ","78, ","-, ","-, ","28, ","30, ","1740, ","8, ","238, ","95, ","30, ","DFN-8 ","1 ","260 ","1.1184 ",
"FDMS2734","Active","H Pb   ","N-Channel, ","PowerTrench® T1, ","Power 56 (SO-8FL), ","Low-Medium Voltage, ","Standard, ","0, ","Single, ","0, ","250, ","122, ","±20, ","4, ","14, ","78, ","-, ","-, ","21, ","30, ","1775, ","9, ","214, ","80, ","25, ","DFN-8 ","1 ","260 ","2.5101 ",
"FDMS2D5N08C","Active","H Pb   ","N-Channel, ","PowerTrench® T8, ","Power 56 (SO-8FL), ","Low-Medium Voltage, ","Standard, ","0, ","Single, ","0, ","80, ","2.7, ","20, ","4, ","166, ","138, ","-, ","-, ","-, ","54, ","4455, ","12, ","55, ","1480, ","59, ","PQFN-8 ","1 ","260 ","1.5813 ",
"FDMS3572","Active","H Pb   ","N-Channel, ","PowerTrench® T1, ","Power 56 (SO-8FL), ","Low-Medium Voltage, ","Standard, ","0, ","Single, ","0, ","100, ","16.5, ","±20, ","4, ","22, ","78, ","-, ","-, ","27, ","28, ","1870, ","8, ","71, ","275, ","78, ","DFN-8 ","1 ","260 ","1.0776 ",
"FDMS3604S","Active","H Pb   ","N-Channel, ","PowerTrench® T1, ","Power 56 (SO-8FL), ","Low-Medium Voltage, ","Logic, ","0, ","Dual, ","0, ","30, ","Q1: 8, Q2: 2.8, ","20, ","Q1: 2.7 , Q2: 3.0, ","Q1: 13.0, Q2: 23.0, ","Q1:2.2, Q2: 2.5, ","-, ","Q1: 8.5, Q2: 3.0, ","27, ","22, ","3240, ","-, ","-, ","-, ","-, ","PQFN-8 ","1 ","260 ","0.5811 ",
"FDMS3660S","Active","H Pb   ","N-Channel, ","PowerTrench® T1, ","Power 56 (SO-8FL), ","Low-Medium Voltage, ","Logic, ","0, ","Dual, ","0, ","30, ","Q1: 8, Q2: 1.8, ","12, ","Q1: 2.7, Q2; 2.2, ","Q1: 13.0, Q2: 30.0, ","Q1:2.2, Q2: 2.5, ","-, ","Q1: 11.0, Q2: 2.2, ","17, ","29, ","4130, ","-, ","-, ","-, ","-, ","PQFN-8 ","1 ","260 ","0.7783 ",
"FDMS3662","Active","H Pb   ","N-Channel, ","PowerTrench® T1, ","Power 56 (SO-8FL), ","Low-Medium Voltage, ","Standard, ","0, ","Single, ","0, ","100, ","14.8, ","±20, ","4.5, ","8.9, ","104, ","-, ","-, ","12, ","54, ","3470, ","15, ","71, ","245, ","110, ","PQFN-8 ","1 ","260 ","1.2484 ",
"FDMS3664S","Active","H Pb   ","N-Channel, ","PowerTrench® T1, ","Power 56 (SO-8FL), ","Low-Medium Voltage, ","Logic, ","0, ","Dual, ","0, ","30, ","Q1: 8, Q2: 2.6, ","12, ","Q1: 2.7, Q2; 2.2, ","Q1: 13.0, Q2: 25.0, ","Q1:2.2, Q2: 2.5, ","-, ","Q1: 11.0, Q2: 3.2, ","12, ","17, ","2515, ","-, ","-, ","-, ","-, ","PQFN-8 ","1 ","260 ","0.5175 ",
"FDMS3669S","Active","H Pb   ","N-Channel, ","PowerTrench® T1, ","Power 56 (SO-8FL), ","Low-Medium Voltage, ","Logic, ","0, ","Dual, ","0, ","30, ","Q1: 10, Q2: 5, ","12, ","Q1: 2.7, Q2; 2.5, ","Q1: 13.0, Q2: 18.0, ","Q1:2.2, Q2: 2.5, ","-, ","Q1: 14.5, Q2: 5.2, ","13, ","12, ","1469, ","-, ","-, ","-, ","-, ","PQFN-8 ","1 ","260 ","0.6785 ",
"FDMS3672","Active","H Pb   ","N-Channel, ","PowerTrench® T1, ","Power 56 (SO-8FL), ","Low-Medium Voltage, ","Standard, ","0, ","Single, ","0, ","100, ","23, ","±20, ","4, ","22, ","78, ","-, ","-, ","18, ","31, ","2015, ","8, ","101, ","210, ","90, ","DFN-8 ","1 ","260 ","1.1958 ",
"FDMS3D5N08LC","Active","H Pb   ","N-Channel, ","PowerTrench® T8, ","Power 56 (SO-8FL), ","Low-Medium Voltage, ","Logic, ","0, ","Single, ","0, ","80, ","3.5, ","20, ","2.5, ","136, ","2.5, ","-, ","5.1, ","28, ","59, ","4375, ","7, ","86, ","1025, ","39, ","PQFN-8 ","1 ","260 ","1.4875 ",
"FDMS4435BZ","Active","H Pb   ","P-Channel, ","PowerTrench® T1, ","Power 56 (SO-8FL), ","Low-Medium Voltage, ","Logic, ","0, ","Single, ","0, ","-25, ","20, ","25, ","-3, ","-18, ","39, ","-, ","37, ","-, ","18, ","1540, ","-, ","-, ","-, ","-, ","PQFN-8 ","1 ","260 ","0.2429 ",
"FDMS4D0N12C","Active","H Pb   ","N-Channel, ","PowerTrench® T1, ","Power 56 (SO-8FL), ","Low-Medium Voltage, ","Standard, ","0, ","Single, ","0, ","120, ","4, ","20, ","4, ","118, ","2.7, ","-, ","-, ","-, ","58, ","4565, ","9, ","175, ","2045, ","17, ","PQFN-8 ","1 ","260 ","2.0286 ",
"FDMS4D4N08C","Active","H Pb   ","N-Channel, ","PowerTrench® T8, ","Power 56 (SO-8FL), ","Low-Medium Voltage, ","Standard, ","0, ","Single, ","0, ","80, ","4.3, ","±20, ","4, ","123, ","125, ","-, ","-, ","-, ","25, ","2920, ","8, ","106, ","1045, ","35, ","PQFN-8 ","1 ","260 ","1.2665 ",
"FDMS4D5N08LC","Active","H Pb   ","N-Channel, ","PowerTrench® T8, ","Power 56 (SO-8FL), ","Low-Medium Voltage, ","Logic, ","0, ","Single, ","0, ","80, ","4.2, ","20, ","2.5, ","116, ","2.5, ","-, ","6.1, ","24, ","51, ","3640, ","6, ","38, ","834, ","39, ","PQFN-8 ","1 ","260 ","1.1195 ",
"FDMS5352","Active","H Pb   ","N-Channel, ","PowerTrench® T1, ","Power 56 (SO-8FL), ","Low-Medium Voltage, ","Logic, ","0, ","Single, ","0, ","60, ","6.7, ","±20, ","3, ","49, ","104, ","-, ","8.2, ","-, ","48, ","5220, ","17, ","48, ","410, ","225, ","PQFN-8 ","1 ","260 ","1.2612 ",
"FDMS5672","Active","H Pb   ","N-Channel, ","PowerTrench® T1, ","Power 56 (SO-8FL), ","Low-Medium Voltage, ","Standard, ","0, ","Single, ","0, ","60, ","11.5, ","±20, ","4, ","22, ","78, ","-, ","-, ","97, ","32, ","2100, ","8.3, ","42, ","375, ","120, ","DFN-8 ","1 ","260 ","1.6422 ",
"FDMS6673BZ","Active","H Pb   ","P-Channel, ","PowerTrench® T1, ","Power 56 (SO-8FL), ","Low-Medium Voltage, ","Logic, ","0, ","Single, ","0, ","-30, ","6.8, ","25, ","-3, ","-82, ","73, ","-, ","12.5, ","43, ","52, ","4444, ","-, ","-, ","-, ","-, ","PQFN-8 ","1 ","260 ","0.4908 ",
"FDMS7602S","Active","H Pb   ","N-Channel, ","PowerTrench® T1, ","Power 56 (SO-8FL), ","Low-Medium Voltage, ","Logic, ","0, ","Dual, ","0, ","30, ","Q1: 7.5, Q2: 5.0, ","20, ","3, ","Q1: 30.0, Q2: 30.0, ","Q1: 2.2; Q2: 2.5, ","-, ","Q1: 12.0, Q2: 6.8, ","7.9, ","16, ","2020, ","-, ","-, ","-, ","-, ","DFN-8 ","1 ","260 ","0.5192 ",
"FDMS7608S","Active","H Pb   ","N-Channel, ","PowerTrench® T1, ","Power 56 (SO-8FL), ","Low-Medium Voltage, ","Logic, ","0, ","Dual, ","0, ","20, ","Q1: 10, Q2: 6.3, ","20, ","3, ","Q1: 22.0, Q2: 30.0, ","Q1: 2.2; Q2: 2.5, ","-, ","Q1: 13.6, Q2: 7.2, ","63, ","12, ","1380, ","-, ","-, ","-, ","-, ","DFN-8 ","1 ","260 ","0.4704 ",
"FDMS7620S","Active","H Pb   ","N-Channel, ","PowerTrench® T1, ","Power 56 (SO-8FL), ","Low-Medium Voltage, ","Logic, ","0, ","Dual, ","0, ","20, ","Q1: 20, Q2: 11.2, ","20, ","3, ","Q1: 13.0, Q2: 22.0, ","Q1: 2.2; Q2: 2.5, ","-, ","Q1: 30, Q2: 14.2, ","62, ","7.9, ","1050, ","-, ","-, ","-, ","-, ","DFN-8 ","1 ","260 ","0.4921 ",
"FDMS7650","Active","H Pb   ","N-Channel, ","PowerTrench® T1, ","Power 56 (SO-8FL), ","Low-Medium Voltage, ","Logic, ","0, ","Single, ","0, ","30, ","0.99, ","20, ","3, ","267, ","104, ","-, ","1.55, ","43, ","63, ","11250, ","-, ","-, ","-, ","-, ","PQFN-8 ","1 ","260 ","0.9789 ",
"FDMS7650DC","Active","H Pb   ","N-Channel, ","PowerTrench® T1, ","Power 56 Dual Cool, ","Low-Medium Voltage, ","Logic, ","0, ","Single, ","0, ","30, ","0.99, ","20, ","2.7, ","100, ","125, ","-, ","1.55, ","35, ","62, ","11100, ","-, ","-, ","-, ","-, ","DFN-8 ","1 ","260 ","1.0253 ",
"FDMS7660","Active","H Pb   ","N-Channel, ","PowerTrench® T1, ","Power 56 (SO-8FL), ","Low-Medium Voltage, ","Logic, ","0, ","Single, ","0, ","30, ","2.4, ","20, ","3, ","42, ","83, ","-, ","3, ","17, ","27, ","4185, ","-, ","-, ","-, ","-, ","PQFN-8 ","1 ","260 ","0.4306 ",
"FDMS7670","Active","H Pb   ","N-Channel, ","PowerTrench® T1, ","Power 56 (SO-8FL), ","Low-Medium Voltage, ","Logic, ","0, ","Single, ","0, ","30, ","3.8, ","20, ","3, ","21, ","62, ","-, ","45, ","14, ","17, ","3085, ","-, ","-, ","-, ","-, ","PQFN-8 ","1 ","260 ","0.3441 ",
"FDMS7678","Active","H Pb   ","N-Channel, ","PowerTrench® T1, ","Power 56 (SO-8FL), ","Low-Medium Voltage, ","Logic, ","0, ","Single, ","0, ","30, ","5.5, ","20, ","3, ","26, ","41, ","-, ","6.8, ","9.9, ","14, ","1810, ","-, ","-, ","-, ","-, ","PQFN-8 ","1 ","260 ","0.2716 ",
"FDMS7680","Active","H Pb   ","N-Channel, ","PowerTrench® T1, ","Power 56 (SO-8FL), ","Low-Medium Voltage, ","Logic, ","0, ","Single, ","0, ","30, ","6.9, ","20, ","3, ","14, ","33, ","-, ","11, ","7, ","9, ","1390, ","-, ","-, ","-, ","-, ","PQFN-8 ","1 ","260 ","0.2493 ",
"FDMS7682","Active","H Pb   ","N-Channel, ","PowerTrench® T1, ","Power 56 (SO-8FL), ","Low-Medium Voltage, ","Logic, ","0, ","Single, ","0, ","30, ","6.3, ","20, ","3, ","16, ","33, ","-, ","10.4, ","7, ","9.9, ","1416, ","-, ","-, ","-, ","-, ","PQFN-8 ","1 ","260 ","0.2192 ",
"FDMS7692","Active","H Pb   ","N-Channel, ","PowerTrench® T1, ","Power 56 (SO-8FL), ","Low-Medium Voltage, ","Logic, ","0, ","Single, ","0, ","30, ","7.5, ","20, ","3, ","14, ","27, ","-, ","13, ","7, ","7, ","1015, ","-, ","-, ","-, ","-, ","PQFN-8 ","1 ","260 ","0.2029 ",
"FDMS7694","Active","H Pb   ","N-Channel, ","PowerTrench® T1, ","Power 56 (SO-8FL), ","Low-Medium Voltage, ","Logic, ","0, ","Single, ","0, ","30, ","9.5, ","20, ","3, ","13.2, ","27, ","-, ","14.5, ","48, ","7, ","1060, ","-, ","-, ","-, ","-, ","PQFN-8 ","1 ","260 ","0.1835 ",
"FDMS7698","Active","H Pb   ","N-Channel, ","PowerTrench® T1, ","Power 56 (SO-8FL), ","Low-Medium Voltage, ","Logic, ","0, ","Single, ","0, ","30, ","10, ","20, ","3, ","22, ","29, ","-, ","15, ","28, ","7.5, ","1205, ","-, ","-, ","-, ","-, ","PQFN-8 ","1 ","260 ","0.2245 ",
"FDMS8018","Active","H Pb   ","N-Channel, ","PowerTrench® T1, ","Power 56 (SO-8FL), ","Low-Medium Voltage, ","Logic, ","0, ","Single, ","0, ","30, ","1.8, ","20, ","3, ","175, ","83, ","-, ","2.4, ","20, ","28, ","3935, ","-, ","-, ","-, ","-, ","PQFN-8 ","1 ","260 ","0.4655 ",
"FDMS8023S","Active","H Pb   ","N-Channel, ","PowerTrench® T1, ","Power 56 (SO-8FL), ","Low-Medium Voltage, ","Logic, ","0, ","Single, ","0, ","30, ","2.4, ","20, ","3, ","49, ","59, ","-, ","3, ","13, ","20, ","2670, ","-, ","-, ","-, ","-, ","PQFN-8 ","1 ","260 ","0.3501 ",
"FDMS8025S","Active, Not Rec","H Pb   ","N-Channel, ","PowerTrench® T1, ","Power 56 (SO-8FL), ","Low-Medium Voltage, ","Logic, ","0, ","Single, ","0, ","30, ","2.8, ","20, ","3, ","49, ","50, ","-, ","3.5, ","11, ","16, ","2255, ","-, ","-, ","-, ","-, ","PQFN-8 ","1 ","260 ","0.46 ",
"FDMS8027S","Active","H Pb   ","N-Channel, ","PowerTrench® T1, ","Power 56 (SO-8FL), ","Low-Medium Voltage, ","Logic, ","0, ","Single, ","0, ","30, ","5, ","20, ","3, ","22, ","36, ","-, ","6.2, ","93, ","11, ","1365, ","-, ","-, ","-, ","-, ","PQFN-8 ","1 ","260 ","0.2268 ",
"FDMS8050","Active","H Pb   ","N-Channel, ","PowerTrench® T1, ","Power 56 (SO-8FL), ","Low-Medium Voltage, ","Logic, ","0, ","Single, ","0, ","30, ","0.65, ","20, ","3, ","200, ","156, ","-, ","0.9, ","-, ","93, ","16150, ","-, ","-, ","-, ","-, ","PQFN-8 ","1 ","260 ","1.9311 ",
"FDMS8090","Active","H Pb   ","N-Channel, ","PowerTrench® T1, ","Power 56 (SO-8FL), ","Low-Medium Voltage, ","Standard, ","0, ","Single, ","0, ","100, ","Q1: 13.0, Q2: 13.0, ","±20, ","4, ","10, ","59, ","-, ","-, ","-, ","10, ","1285, ","4.1, ","54, ","301, ","16, ","WDFN-8 ","1 ","260 ","2.9826 ",
"FDMS8320L","Active","H Pb   ","N-Channel, ","PowerTrench® T1, ","Power 56 (SO-8FL), ","Low-Medium Voltage, ","Logic, ","0, ","Single, ","0, ","40, ","1.1, ","±20, ","3, ","248, ","104, ","-, ","1.5, ","-, ","58, ","8350, ","16.5, ","104, ","2840, ","169, ","PQFN-8 ","1 ","260 ","0.9287 ",
"FDMS8320LDC","Active","H Pb   ","N-Channel, ","PowerTrench® T1, ","Power 56 Dual Cool, ","Low-Medium Voltage, ","Logic, ","0, ","Single, ","0, ","40, ","1.1, ","±20, ","3, ","192, ","125, ","-, ","1.5, ","-, ","57, ","8310, ","16, ","89, ","2255, ","132, ","DFN-8 ","1 ","260 ","0.9808 ",
"FDMS8333L","Active","H Pb   ","N-Channel, ","PowerTrench® T1, ","Power 56 (SO-8FL), ","Low-Medium Voltage, ","Logic, ","0, ","Single, ","0, ","40, ","3.1, ","±20, ","3, ","76, ","69, ","-, ","4.3, ","-, ","46, ","3245, ","5.5, ","20, ","840, ","32, ","PQFN-8 ","1 ","260 ","0.3436 ",
"FDMS8460","Active","H Pb   ","N-Channel, ","PowerTrench® T1, ","Power 56 (SO-8FL), ","Low-Medium Voltage, ","Logic, ","0, ","Single, ","0, ","40, ","2.2, ","±20, ","3, ","49, ","104, ","-, ","3, ","38, ","36, ","5415, ","10, ","40, ","1470, ","170, ","PQFN-8 ","1 ","260 ","0.576 ",
"FDMS86101","Active","H Pb   ","N-Channel, ","PowerTrench® T1, ","Power 56 (SO-8FL), ","Low-Medium Voltage, ","Standard, ","0, ","Single, ","0, ","100, ","8, ","±20, ","4, ","60, ","104, ","-, ","-, ","-, ","22, ","2255, ","10.8, ","61, ","460, ","30, ","PQFN-8 ","1 ","260 ","0.8772 ",
"FDMS86101A","Active","H Pb   ","N-Channel, ","PowerTrench® T1, ","Power 56 (SO-8FL), ","Low-Medium Voltage, ","Standard, ","0, ","Single, ","0, ","100, ","8, ","±20, ","4, ","60, ","104, ","-, ","-, ","-, ","22, ","3095, ","6.2, ","102, ","460, ","15, ","PQFN-8 ","1 ","260 ","1.4312 ",
"FDMS86101DC","Active","H Pb   ","N-Channel, ","PowerTrench® T1, ","Power 56 Dual Cool, ","Low-Medium Voltage, ","Standard, ","0, ","Single, ","0, ","100, ","7.5, ","±20, ","4, ","60, ","125, ","-, ","-, ","-, ","18, ","2354, ","7, ","62, ","467, ","23, ","DFN-8 ","1 ","260 ","1.8901 ",
"FDMS86102LZ","Active","H Pb   ","N-Channel, ","PowerTrench® T1, ","Power 56 (SO-8FL), ","Low-Medium Voltage, ","Logic, ","0, ","Single, ","0, ","100, ","25, ","±20, ","2.5, ","22, ","69, ","-, ","37, ","-, ","7.8, ","979, ","2.6, ","25, ","175, ","8.9, ","PQFN-8 ","1 ","260 ","0.8485 ",
"FDMS86103L","Active","H Pb   ","N-Channel, ","PowerTrench® T1, ","Power 56 (SO-8FL), ","Low-Medium Voltage, ","Logic, ","0, ","Single, ","0, ","100, ","8, ","±20, ","3, ","81, ","104, ","-, ","11, ","-, ","23, ","2790, ","7, ","68, ","469, ","22, ","PQFN-8 ","1 ","260 ","1.1528 ",
"FDMS86104","Active","H Pb   ","N-Channel, ","PowerTrench® T1, ","Power 56 (SO-8FL), ","Low-Medium Voltage, ","Standard, ","0, ","Single, ","0, ","100, ","24, ","±20, ","4, ","16, ","73, ","-, ","-, ","-, ","6.7, ","694, ","3, ","41, ","178, ","8, ","PQFN-8 ","1 ","260 ","1.0258 ",
"FDMS86105","Active","H Pb   ","N-Channel, ","PowerTrench® T1, ","Power 56 (SO-8FL), ","Low-Medium Voltage, ","Standard, ","0, ","Single, ","0, ","100, ","34, ","±20, ","4, ","26, ","48, ","-, ","-, ","-, ","4.2, ","483, ","1.7, ","32, ","114, ","5, ","PQFN-8 ","1 ","260 ","0.7467 ",
"FDMS86150","Active","H Pb   ","N-Channel, ","PowerTrench® T1, ","Power 56 (SO-8FL), ","Low-Medium Voltage, ","Standard, ","0, ","Single, ","0, ","100, ","4.85, ","±20, ","4, ","80, ","156, ","-, ","-, ","-, ","25, ","3055, ","9.2, ","94, ","696, ","29, ","PQFN-8 ","1 ","260 ","1.7847 ",
"FDMS86150A","Active","H Pb   ","N-Channel, ","PowerTrench® T1, ","Power 56 (SO-8FL), ","Low-Medium Voltage, ","Standard, ","0, ","Single, ","0, ","100, ","4.85, ","20, ","4, ","80, ","113, ","~NA~, ","~NA~, ","~NA~, ","47, ","3330, ","~NA~, ","86, ","703, ","20, ","PQFN-8 ","1 ","260 ","1.8616 ",
"FDMS86150ET100","Active","H Pb   ","N-Channel, ","PowerTrench® T1, ","Power 56 (SO-8FL), ","Low-Medium Voltage, ","Standard, ","0, ","Single, ","0, ","100, ","4.85, ","±20, ","4, ","128, ","187, ","-, ","-, ","-, ","25, ","3055, ","9.2, ","94, ","696, ","29, ","PQFN-8 ","1 ","260 ","3.4868 ",
"FDMS86152","Active","H Pb   ","N-Channel, ","PowerTrench® T1, ","Power 56 (SO-8FL), ","Low-Medium Voltage, ","Standard, ","0, ","Single, ","0, ","100, ","6, ","±20, ","4, ","45, ","125, ","-, ","-, ","-, ","23, ","2530, ","7.2, ","74, ","595, ","22, ","PQFN-8 ","1 ","260 ","2.2074 ",
"FDMS86163P","Active","H Pb   ","P-Channel, ","PowerTrench® T1, ","Power 56 (SO-8FL), ","Low-Medium Voltage, ","Standard, ","0, ","Single, ","0, ","-100, ","22, ","±25, ","-4, ","-50, ","104, ","-, ","-, ","-, ","26, ","3070, ","7.1, ","132, ","501, ","21, ","PQFN-8 ","1 ","260 ","1.2469 ",
"FDMS86180","Active","H Pb   ","N-Channel, ","PowerTrench® T8, ","Power 56 (SO-8FL), ","Low-Medium Voltage, ","Standard, ","0, ","Single, ","0, ","100, ","3.2, ","4, ","4, ","151, ","138, ","-, ","-, ","-, ","38, ","4439, ","12, ","235, ","2663, ","24, ","PQFN-8 ","1 ","260 ","2.4977 ",
"FDMS86181","Active","H Pb   ","N-Channel, ","PowerTrench® T8, ","Power 56 (SO-8FL), ","Low-Medium Voltage, ","Standard, ","0, ","Single, ","0, ","100, ","4.2, ","±20, ","4, ","124, ","125, ","-, ","-, ","-, ","27, ","2945, ","9.3, ","158, ","1730, ","20, ","PQFN-8 ","1 ","260 ","1.1283 ",
"FDMS86182","Active","H Pb   ","N-Channel, ","PowerTrench® T8, ","Power 56 (SO-8FL), ","Low-Medium Voltage, ","Standard, ","0, ","Single, ","0, ","100, ","7.2, ","±20, ","4, ","78, ","83, ","-, ","-, ","-, ","17, ","1880, ","5.1, ","116, ","1105, ","13, ","PQFN-8 ","1 ","260 ","0.8387 ",
"FDMS86183","Active","H Pb   ","N-Channel, ","PowerTrench® T8, ","Power 56 (SO-8FL), ","Low-Medium Voltage, ","Standard, ","0, ","Single, ","0, ","100, ","12.8, ","±20, ","4, ","51, ","63, ","-, ","-, ","-, ","10, ","1080, ","3.4, ","79, ","646, ","10, ","PQFN-8 ","1 ","260 ","0.5962 ",
"FDMS86200","Active","H Pb   ","N-Channel, ","PowerTrench® T1, ","Power 56 (SO-8FL), ","Low-Medium Voltage, ","Standard, ","0, ","Single, ","0, ","150, ","18, ","±20, ","4, ","35, ","104, ","-, ","-, ","-, ","18, ","2041, ","7.7, ","113, ","203, ","10, ","PQFN-8 ","1 ","260 ","1.0049 ",
"FDMS86200DC","Active","H Pb   ","N-Channel, ","PowerTrench® T1, ","Power 56 Dual Cool, ","Low-Medium Voltage, ","Standard, ","0, ","Single, ","0, ","150, ","17, ","±20, ","4, ","40, ","125, ","-, ","-, ","-, ","19, ","2110, ","5.6, ","126, ","205, ","8.1, ","DFN-8 ","1 ","260 ","1.9829 ",
"FDMS86201","Active","H Pb   ","N-Channel, ","PowerTrench® T1, ","Power 56 (SO-8FL), ","Low-Medium Voltage, ","Standard, ","0, ","Single, ","0, ","120, ","11.5, ","±20, ","4, ","49, ","104, ","-, ","-, ","-, ","18, ","2056, ","7.1, ","88, ","322, ","15, ","PQFN-8 ","1 ","260 ","1.1029 ",
"FDMS86202","Active","H Pb   ","N-Channel, ","PowerTrench® T1, ","Power 56 (SO-8FL), ","Low-Medium Voltage, ","Standard, ","0, ","Single, ","0, ","120, ","7.2, ","±20, ","4, ","64, ","156, ","-, ","-, ","-, ","29, ","3195, ","8.7, ","117, ","449, ","17, ","PQFN-8 ","1 ","260 ","1.8546 ",
"FDMS86202ET120","Active","H Pb   ","N-Channel, ","PowerTrench® T1, ","Power 56 (SO-8FL), ","Low-Medium Voltage, ","Standard, ","0, ","Single, ","0, ","120, ","7.2, ","±20, ","4, ","102, ","187, ","-, ","-, ","-, ","29, ","3275, ","9.5, ","140, ","460, ","17, ","PQFN-8 ","1 ","260 ","2.7376 ",
"FDMS8622","Active","H Pb   ","N-Channel, ","PowerTrench® T1, ","Power 56 (SO-8FL), ","Low-Medium Voltage, ","Standard, ","0, ","Single, ","0, ","100, ","56, ","±20, ","4, ","16.5, ","31, ","-, ","-, ","10, ","2.8, ","301, ","1.3, ","30, ","70, ","3.6, ","PQFN-8 ","1 ","260 ","0.3304 ",
"FDMS86250","Active","H Pb   ","N-Channel, ","PowerTrench® T1, ","Power 56 (SO-8FL), ","Low-Medium Voltage, ","Standard, ","0, ","Single, ","0, ","150, ","25, ","±20, ","4, ","30, ","96, ","-, ","-, ","-, ","14, ","1750, ","5.5, ","112, ","165, ","8.8, ","PQFN-8 ","1 ","260 ","1.0866 ",
"FDMS86252","Active","H Pb   ","N-Channel, ","PowerTrench® T1, ","Power 56 (SO-8FL), ","Low-Medium Voltage, ","Standard, ","0, ","Single, ","0, ","150, ","51, ","±20, ","4, ","16, ","69, ","-, ","-, ","-, ","6.1, ","678, ","2.4, ","61, ","74, ","4.3, ","PQFN-8 ","1 ","260 ","0.9624 ",
"FDMS86252L","Active","H Pb   ","N-Channel, ","PowerTrench® T1, ","Power 56 (SO-8FL), ","Low-Medium Voltage, ","Logic, ","0, ","Single, ","0, ","150, ","56, ","±20, ","3, ","12, ","50, ","-, ","75, ","-, ","7.6, ","952, ","2.3, ","51, ","74, ","3, ","PQFN-8 ","1 ","260 ","0.8641 ",
"FDMS86255","Active","H Pb   ","N-Channel, ","PowerTrench® T1, ","Power 56 (SO-8FL), ","Low-Medium Voltage, ","Standard, ","0, ","Single, ","0, ","150, ","12.4, ","±20, ","4, ","45, ","113, ","-, ","-, ","-, ","29, ","3200, ","8.8, ","165, ","291, ","11, ","PQFN-8 ","1 ","260 ","1.9763 ",
"FDMS86255ET150","Active","H Pb   ","N-Channel, ","PowerTrench® T1, ","Power 56 (SO-8FL), ","Low-Medium Voltage, ","Standard, ","0, ","Single, ","0, ","150, ","12.4, ","±20, ","4, ","63, ","136, ","-, ","-, ","-, ","29, ","3200, ","8.8, ","165, ","291, ","11, ","PQFN-8 ","1 ","260 ","2.8551 ",
"FDMS86263P","Active","H Pb   ","P-Channel, ","PowerTrench® T1, ","Power 56 (SO-8FL), ","Low-Medium Voltage, ","Standard, ","0, ","Single, ","0, ","-150, ","53, ","±25, ","-4, ","-22, ","384, ","-, ","-, ","-, ","29, ","2935, ","8.9, ","287, ","238, ","11, ","PQFN-8 ","1 ","260 ","1.3261 ",
"FDMS86300","Active","H Pb   ","N-Channel, ","PowerTrench® T6, ","Power 56 (SO-8FL), ","Low-Medium Voltage, ","Standard, ","0, ","Single, ","0, ","80, ","3.9, ","±20, ","4.5, ","122, ","104, ","-, ","-, ","-, ","59, ","5325, ","14.9, ","103, ","957, ","26, ","PQFN-8 ","1 ","260 ","0.9659 ",
"FDMS86300DC","Active","H Pb   ","N-Channel, ","PowerTrench® T6, ","Power 56 Dual Cool, ","Low-Medium Voltage, ","Standard, ","0, ","Single, ","0, ","80, ","3.1, ","±20, ","4.5, ","110, ","125, ","-, ","-, ","-, ","59, ","5265, ","14, ","42, ","929, ","21, ","DFN-8 ","1 ","260 ","1.1986 ",
"FDMS86310","Active","H Pb   ","N-Channel, ","PowerTrench® T6, ","Power 56 (SO-8FL), ","Low-Medium Voltage, ","Standard, ","0, ","Single, ","0, ","80, ","4.8, ","±20, ","4.5, ","50, ","96, ","-, ","-, ","-, ","55, ","4730, ","14, ","87, ","693, ","19, ","PQFN-8 ","1 ","260 ","1.0204 ",
"FDMS86320","Active","H Pb   ","N-Channel, ","PowerTrench® T6, ","Power 56 (SO-8FL), ","Low-Medium Voltage, ","Standard, ","0, ","Single, ","0, ","80, ","11.7, ","±20, ","4.5, ","44, ","69, ","-, ","-, ","-, ","24, ","1985, ","6.9, ","27, ","353, ","12, ","PQFN-8 ","1 ","260 ","0.6801 ",
"FDMS86322","Active","H Pb   ","N-Channel, ","PowerTrench® T1, ","Power 56 (SO-8FL), ","Low-Medium Voltage, ","Standard, ","0, ","Single, ","0, ","80, ","7.65, ","±20, ","4, ","60, ","104, ","-, ","-, ","-, ","39, ","2255, ","10.8, ","61, ","460, ","30, ","PQFN-8 ","1 ","260 ","1.0022 ",
"FDMS86350","Active","H Pb   ","N-Channel, ","PowerTrench® T6, ","Power 56 (SO-8FL), ","Low-Medium Voltage, ","Standard, ","0, ","Single, ","0, ","80, ","2.4, ","±20, ","4.5, ","130, ","156, ","-, ","-, ","-, ","90, ","8030, ","23, ","62, ","1370, ","31, ","PQFN-8 ","1 ","260 ","1.6898 ",
"FDMS86500DC","Active","H Pb   ","N-Channel, ","PowerTrench® T6, ","Power 56 Dual Cool, ","Low-Medium Voltage, ","Standard, ","0, ","Single, ","0, ","60, ","2.3, ","±20, ","4.5, ","108, ","125, ","-, ","-, ","-, ","62, ","5775, ","15, ","46, ","1605, ","48, ","DFN-8 ","1 ","260 ","1.5712 ",
"FDMS86500L","Active","H Pb   ","N-Channel, ","PowerTrench® T6, ","Power 56 (SO-8FL), ","Low-Medium Voltage, ","Logic, ","0, ","Single, ","0, ","60, ","2.5, ","±20, ","3, ","158, ","104, ","-, ","3.7, ","-, ","54, ","9420, ","11.5, ","84, ","1470, ","50, ","PQFN-8 ","1 ","260 ","1.1199 ",
"FDMS86520","Active","H Pb   ","N-Channel, ","PowerTrench® T6, ","Power 56 (SO-8FL), ","Low-Medium Voltage, ","Standard, ","0, ","Single, ","0, ","60, ","7.4, ","±20, ","4.5, ","42, ","69, ","-, ","-, ","-, ","23, ","9420, ","5.6, ","40, ","624, ","24, ","PQFN-8 ","1 ","260 ","0.6162 ",
"FDMS86520L","Active","H Pb   ","N-Channel, ","PowerTrench® T6, ","Power 56 (SO-8FL), ","Low-Medium Voltage, ","Logic, ","0, ","Single, ","0, ","60, ","8.2, ","±20, ","3, ","22, ","69, ","-, ","11.7, ","-, ","21, ","3470, ","4.7, ","37, ","625, ","25, ","PQFN-8 ","1 ","260 ","0.852 ",
"FDMS86540","Active","H Pb   ","N-Channel, ","PowerTrench® T6, ","Power 56 (SO-8FL), ","Low-Medium Voltage, ","Standard, ","0, ","Single, ","0, ","60, ","3.4, ","±20, ","4, ","129, ","96, ","-, ","-, ","-, ","53, ","4837, ","12, ","76, ","1413, ","50, ","PQFN-8 ","1 ","260 ","0.6623 ",
"FDMS86550","Active","H Pb   ","N-Channel, ","PowerTrench® T6, ","Power 56 (SO-8FL), ","Low-Medium Voltage, ","Standard, ","0, ","Single, ","0, ","60, ","1.65, ","±20, ","4.5, ","234, ","156, ","-, ","-, ","-, ","90, ","8235, ","20, ","62, ","2140, ","70, ","PQFN-8 ","1 ","260 ","3.1361 ",
"FDMS86550ET60","Active","H Pb   ","N-Channel, ","PowerTrench® T6, ","Power 56 (SO-8FL), ","Low-Medium Voltage, ","Standard, ","0, ","Single, ","0, ","60, ","1.65, ","±20, ","4.5, ","245, ","187, ","-, ","-, ","-, ","90, ","8235, ","20, ","62, ","2140, ","70, ","PQFN-8 ","1 ","260 ","3.7836 ",
"FDMS8820","Active","H Pb   ","N-Channel, ","PowerTrench® T1, ","Power 56 (SO-8FL), ","Low-Medium Voltage, ","Logic, ","0, ","Single, ","0, ","30, ","2, ","20, ","2.5, ","160, ","78, ","2.4, ","2.4, ","13, ","30, ","3995, ","-, ","-, ","-, ","-, ","PQFN-8 ","1 ","260 ","0.4303 ",
"FDMS8D8N15C","Active","H Pb   ","N-Channel, ","PowerTrench® T8, ","Power 56 (SO-8FL), ","Low-Medium Voltage, ","Standard, ","0, ","Single, ","0, ","150, ","8.8, ","20, ","4.5, ","85, ","2.7, ","-, ","-, ","-, ","38, ","3132, ","5.7, ","495, ","927, ","5.3, ","PQFN-8 ","1 ","260 ","1.6713 ",
"FDMT800100DC","Active","H Pb   ","N-Channel, ","PowerTrench® T1, ","Power 88 Dual Cool, ","Low-Medium Voltage, ","Standard, ","0, ","Single, ","0, ","100, ","2.95, ","±20, ","4, ","162, ","156, ","-, ","-, ","-, ","50, ","5595, ","16, ","94, ","1160, ","39, ","DFNW-8 ","1 ","260 ","4.268 ",
"FDMT800120DC","Active","H Pb   ","N-Channel, ","PowerTrench® T1, ","Power 88 Dual Cool, ","Low-Medium Voltage, ","Standard, ","0, ","Single, ","0, ","120, ","4.2, ","±20, ","4, ","128, ","156, ","-, ","-, ","-, ","48, ","5605, ","15, ","164, ","778, ","27, ","DFNW-8 ","1 ","260 ","3.3891 ",
"FDMT80040DC","Active","H Pb   ","N-Channel, ","PowerTrench® T1, ","Power 88 Dual Cool, ","Low-Medium Voltage, ","Standard, ","0, ","Single, ","0, ","40, ","0.56, ","±20, ","4, ","420, ","156, ","-, ","-, ","-, ","149, ","18650, ","35, ","219, ","5540, ","304, ","DFNW-8 ","1 ","260 ","3.7067 ",
"FDMT80060DC","Active","H Pb   ","N-Channel, ","PowerTrench® T6, ","Power 88 Dual Cool, ","Low-Medium Voltage, ","Standard, ","0, ","Single, ","0, ","60, ","1.1, ","±20, ","4, ","292, ","156, ","-, ","-, ","-, ","137, ","14406, ","19, ","89, ","3222, ","87, ","DFNW-8 ","1 ","260 ","3.7419 ",
"FDMT80080DC","Active","H Pb   ","N-Channel, ","PowerTrench® T6, ","Power 88 Dual Cool, ","Low-Medium Voltage, ","Standard, ","0, ","Single, ","0, ","80, ","1.35, ","±20, ","4, ","254, ","156, ","-, ","-, ","-, ","159, ","14800, ","36, ","88, ","2080, ","56, ","PQFN-8 ","1 ","260 ","2.2496 ",
"FDP020N06B-F102","Active","H Pb   ","N-Channel, ","PowerTrench® T6, ","TO-220, ","Low-Medium Voltage, ","Standard, ","0, ","Single, ","0, ","60, ","2, ","±20, ","4.5, ","313, ","333, ","-, ","-, ","-, ","206, ","16100, ","34, ","194, ","3840, ","127, ","TO-220-3 ","NA ","0 ","2.6807 ",
"FDP023N08B-F102","Active","H Pb   ","N-Channel, ","PowerTrench® T6, ","TO-220, ","Low-Medium Voltage, ","Standard, ","0, ","Single, ","0, ","75, ","2.35, ","±20, ","3.5, ","242, ","245, ","-, ","-, ","-, ","150, ","10350, ","31.7, ","114, ","1855, ","46.8, ","TO-220-3 ","NA ","0 ","1.7145 ",
"FDP027N08B-F102","Active","H Pb   ","N-Channel, ","PowerTrench® T6, ","TO-220, ","Low-Medium Voltage, ","Standard, ","0, ","Single, ","0, ","80, ","2.7, ","±20, ","4.5, ","223, ","246, ","-, ","-, ","-, ","137, ","10170, ","28, ","112, ","1670, ","35, ","TO-220-3 ","NA ","0 ","1.4138 ",
"FDP030N06B-F102","Active","H Pb   ","N-Channel, ","PowerTrench® T6, ","TO-220, ","Low-Medium Voltage, ","Standard, ","0, ","Single, ","0, ","60, ","3.1, ","±20, ","4, ","195, ","205, ","-, ","-, ","-, ","76, ","6035, ","12, ","78, ","1685, ","55, ","TO-220-3 ","NA ","0 ","0.9721 ",
"FDP032N08B-F102","Active","H Pb   ","N-Channel, ","PowerTrench® T6, ","TO-220, ","Low-Medium Voltage, ","Standard, ","0, ","Single, ","0, ","80, ","3.3, ","±20, ","4.5, ","211, ","263, ","-, ","-, ","-, ","111, ","8245, ","23, ","102, ","1250, ","28, ","TO-220-3 ","NA ","0 ","1.2793 ",
"FDP036N10A","Active","H Pb   ","N-Channel, ","PowerTrench® T1, ","TO-220, ","Low-Medium Voltage, ","Standard, ","0, ","Single, ","0, ","100, ","3.6, ","±20, ","4, ","214, ","333, ","-, ","-, ","-, ","89, ","5485, ","25, ","129, ","2430, ","210, ","TO-220-3 ","NA ","0 ","2.4163 ",
"FDP038AN06A0","Active","H Pb   ","N-Channel, ","PowerTrench® T1, ","TO-220, ","Low-Medium Voltage, ","Standard, ","0, ","Single, ","0, ","60, ","3.8, ","±20, ","4, ","80, ","310, ","-, ","-, ","-, ","96, ","6400, ","27, ","39, ","1123, ","367, ","TO-220-3 ","NA ","0 ","1.8744 ",
"FDP045N10A-F102","Active","H Pb   ","N-Channel, ","PowerTrench® T1, ","TO-220, ","Low-Medium Voltage, ","Standard, ","0, ","Single, ","0, ","100, ","4.5, ","±20, ","4, ","164, ","263, ","-, ","-, ","-, ","57, ","3960, ","13, ","120, ","925, ","34, ","TO-220-3 ","NA ","0 ","1.8282 ",
"FDP047AN08A0","Active, Not Rec","H Pb   ","N-Channel, ","PowerTrench® T1, ","TO-220, ","Low-Medium Voltage, ","Logic, ","0, ","Single, ","0, ","75, ","4.7, ","±20, ","4, ","80, ","310, ","-, ","8.7, ","11, ","92, ","6600, ","21, ","54, ","1000, ","240, ","TO-220-3 ","NA ","0 ","1.736 ",
"FDP047N08","Active","H Pb   ","N-Channel, ","PowerTrench® T1, ","TO-220, ","Low-Medium Voltage, ","Standard, ","0, ","Single, ","0, ","75, ","4.7, ","±20, ","4.5, ","164, ","268, ","-, ","-, ","-, ","117, ","7080, ","32, ","66, ","870, ","410, ","TO-220-3 ","NA ","0 ","1.4764 ",
"FDP050AN06A0","Active","H Pb   ","N-Channel, ","PowerTrench® T1, ","TO-220, ","Low-Medium Voltage, ","Standard, ","0, ","Single, ","0, ","60, ","5, ","±20, ","4, ","80, ","245, ","-, ","-, ","-, ","61, ","3900, ","15, ","25, ","750, ","270, ","TO-220-3 ","NA ","0 ","1.3604 ",
"FDP053N08B-F102","Active","H Pb   ","N-Channel, ","PowerTrench® T6, ","TO-220, ","Low-Medium Voltage, ","Standard, ","0, ","Single, ","0, ","80, ","5.3, ","±20, ","4.5, ","120, ","146, ","-, ","-, ","-, ","65.4, ","4480, ","15.3, ","62.5, ","740, ","20.5, ","TO-220-3 ","NA ","0 ","0.8454 ",
"FDP060AN08A0","Active","H Pb   ","N-Channel, ","PowerTrench® T1, ","TO-220, ","Low-Medium Voltage, ","Standard, ","0, ","Single, ","0, ","75, ","6, ","±20, ","4, ","80, ","255, ","-, ","-, ","-, ","73, ","5150, ","16, ","38, ","800, ","230, ","TO-220-3 ","NA ","0 ","1.4844 ",
"FDP070AN06A0","Active","H Pb   ","N-Channel, ","PowerTrench® T1, ","TO-220, ","Low-Medium Voltage, ","Standard, ","0, ","Single, ","0, ","60, ","7, ","±20, ","4, ","80, ","175, ","-, ","-, ","-, ","51, ","3000, ","16, ","35, ","510, ","230, ","TO-220-3 ","NA ","0 ","1.1278 ",
"FDP075N15A-F102","Active","H Pb   ","N-Channel, ","PowerTrench® T1, ","TO-220, ","Low-Medium Voltage, ","Standard, ","0, ","Single, ","0, ","150, ","7.5, ","±20, ","4, ","130, ","333, ","-, ","-, ","-, ","77, ","5525, ","16, ","264, ","516, ","21, ","TO-220-3 ","NA ","0 ","1.6692 ",
"FDP083N15A-F102","Active","H Pb   ","N-Channel, ","PowerTrench® T1, ","TO-220, ","Low-Medium Voltage, ","Standard, ","0, ","Single, ","0, ","150, ","8.3, ","±20, ","4, ","117, ","294, ","-, ","-, ","-, ","64.5, ","4645, ","13.5, ","268, ","1445, ","100, ","TO-220-3 ","NA ","0 ","2.1862 ",
"FDP085N10A-F102","Active","H Pb   ","N-Channel, ","PowerTrench® T1, ","TO-220, ","Low-Medium Voltage, ","Standard, ","0, ","Single, ","0, ","100, ","8.5, ","±20, ","4, ","96, ","188, ","-, ","-, ","-, ","31, ","2025, ","7.5, ","80, ","468, ","20, ","TO-220-3 ","NA ","0 ","1.1283 ",
"FDP120N10","Active","H Pb   ","N-Channel, ","PowerTrench® T1, ","TO-220, ","Low-Medium Voltage, ","Standard, ","0, ","Single, ","0, ","100, ","12, ","±20, ","4.5, ","74, ","170, ","-, ","-, ","-, ","66, ","4215, ","20, ","67, ","405, ","170, ","TO-220-3 ","NA ","0 ","1.0075 ",
"FDP150N10","Active","H Pb   ","N-Channel, ","PowerTrench® T1, ","TO-220, ","Low-Medium Voltage, ","Standard, ","0, ","Single, ","0, ","100, ","15, ","±20, ","4.5, ","57, ","110, ","-, ","-, ","-, ","53, ","3580, ","15, ","70, ","340, ","140, ","TO-220-3 ","NA ","0 ","1.054 ",
"FDP150N10A-F102","Active","H Pb   ","N-Channel, ","PowerTrench® T1, ","TO-220, ","Low-Medium Voltage, ","Standard, ","0, ","Single, ","0, ","100, ","15, ","±20, ","4, ","50, ","91, ","-, ","-, ","-, ","16.2, ","1080, ","3.7, ","55, ","267, ","11, ","TO-220-3 ","NA ","0 ","1.0793 ",
"FDP16AN08A0","Active","H Pb   ","N-Channel, ","PowerTrench® T1, ","TO-220, ","Low-Medium Voltage, ","Standard, ","0, ","Single, ","0, ","75, ","16, ","±20, ","4, ","58, ","135, ","-, ","-, ","-, ","28, ","1857, ","6.4, ","36, ","288, ","88, ","TO-220-3 ","NA ","0 ","0.8836 ",
"FDP2532","Active","H Pb   ","N-Channel, ","PowerTrench® T1, ","TO-220, ","Low-Medium Voltage, ","Standard, ","0, ","Single, ","0, ","150, ","16, ","±20, ","4, ","79, ","310, ","-, ","-, ","-, ","82, ","5870, ","19, ","327, ","615, ","135, ","TO-220-3 ","NA ","0 ","1.907 ",
"FDP2552","Active","H Pb   ","N-Channel, ","PowerTrench® T1, ","TO-220, ","Low-Medium Voltage, ","Standard, ","0, ","Single, ","0, ","150, ","36, ","±20, ","4, ","37, ","150, ","-, ","-, ","-, ","39, ","2800, ","8.3, ","242, ","285, ","55, ","TO-220-3 ","NA ","0 ","1.0028 ",
"FDP2572","Active","H Pb   ","N-Channel, ","PowerTrench® T1, ","TO-220, ","Low-Medium Voltage, ","Standard, ","0, ","Single, ","0, ","150, ","54, ","±20, ","4, ","29, ","135, ","-, ","-, ","-, ","26, ","1770, ","6, ","169, ","183, ","40, ","TO-220-3 ","NA ","0 ","1.056 ",
"FDP2614","Active","H Pb   ","N-Channel, ","PowerTrench® T1, ","TO-220, ","Low-Medium Voltage, ","Standard, ","0, ","Single, ","0, ","200, ","27, ","±30, ","5, ","62, ","260, ","-, ","-, ","-, ","76, ","5435, ","18, ","810, ","505, ","110, ","TO-220-3 ","NA ","0 ","2.4367 ",
"FDP2710","Active","H Pb   ","N-Channel, ","PowerTrench® T1, ","TO-220, ","Low-Medium Voltage, ","Standard, ","0, ","Single, ","0, ","250, ","42.5, ","±30, ","5, ","50, ","260, ","-, ","-, ","-, ","78, ","5470, ","18, ","1300, ","426, ","97, ","TO-220-3 ","NA ","0 ","1.8746 ",
"FDP2D3N10C","Active","H Pb   ","N-Channel, ","PowerTrench® T1, ","TO-220, ","Low-Medium Voltage, ","Standard, ","0, ","Single, ","0, ","100, ","2.3, ","4, ","4, ","222, ","214, ","-, ","-, ","-, ","108, ","7980, ","22, ","191, ","4490, ","40, ","TO-220-3 ","NA ","0 ","3.6151 ",
"FDP33N25","Active","H Pb   ","N-Channel, ","PowerTrench® T1, ","TO-220, ","Low-Medium Voltage, ","Standard, ","0, ","Single, ","0, ","250, ","94, ","±30, ","5, ","33, ","235, ","-, ","-, ","-, ","36.8, ","1640, ","17, ","1710, ","330, ","39, ","TO-220-3 ","NA ","0 ","0.9882 ",
"FDP3632","Active, Not Rec","H Pb   ","N-Channel, ","PowerTrench® T1, ","TO-220, ","Low-Medium Voltage, ","Logic, ","0, ","Single, ","0, ","100, ","9, ","±20, ","4, ","80, ","310, ","-, ","15, ","11, ","84, ","6000, ","20, ","120, ","820, ","200, ","TO-220-3 ","NA ","0 ","1.8068 ",
"FDP3651U","Active","H Pb   ","N-Channel, ","PowerTrench® T1, ","TO-220, ","Low-Medium Voltage, ","Standard, ","0, ","Single, ","0, ","100, ","18, ","±20, ","5.5, ","80, ","255, ","-, ","-, ","-, ","49, ","4152, ","16, ","202, ","485, ","89, ","TO-220-3 ","NA ","0 ","1.0705 ",
"FDP3652","Active, Not Rec","H Pb   ","N-Channel, ","PowerTrench® T1, ","TO-220, ","Low-Medium Voltage, ","Logic, ","0, ","Single, ","0, ","100, ","16, ","±20, ","4, ","61, ","150, ","-, ","26, ","5, ","41, ","2880, ","10, ","45, ","390, ","100, ","TO-220-3 ","NA ","0 ","0.8594 ",
"FDP3672","Active","H Pb   ","N-Channel, ","PowerTrench® T1, ","TO-220, ","Low-Medium Voltage, ","Standard, ","0, ","Single, ","0, ","100, ","33, ","±20, ","4, ","41, ","135, ","-, ","-, ","-, ","28, ","1670, ","6.5, ","42, ","240, ","55, ","TO-220-3 ","NA ","0 ","0.8877 ",
"FDP3682","Active","H Pb   ","N-Channel, ","PowerTrench® T1, ","TO-220, ","Low-Medium Voltage, ","Standard, ","0, ","Single, ","0, ","100, ","36, ","±20, ","4, ","32, ","95, ","-, ","-, ","-, ","18.5, ","1250, ","4.6, ","90, ","190, ","45, ","TO-220-3 ","NA ","0 ","0.9038 ",
"FDP42AN15A0","Active","H Pb   ","N-Channel, ","PowerTrench® T1, ","TO-220, ","Low-Medium Voltage, ","Standard, ","0, ","Single, ","0, ","150, ","42, ","±20, ","4, ","35, ","150, ","-, ","-, ","-, ","30, ","2040, ","6.5, ","193, ","216, ","48, ","TO-220-3 ","NA ","0 ","1.1537 ",
"FDP4D5N10C","Active","H Pb   ","N-Channel, ","PowerTrench® T8, ","TO-220, ","Low-Medium Voltage, ","Standard, ","0, ","Single, ","0, ","100, ","4.5, ","20, ","4, ","128, ","150, ","-, ","-, ","-, ","48, ","3615, ","9, ","106, ","2330, ","18, ","TO-220-3 ","NA ","0 ","2.6414 ",
"FDP51N25","Active","H Pb   ","N-Channel, ","PowerTrench® T1, ","TO-220, ","Low-Medium Voltage, ","Standard, ","0, ","Single, ","0, ","250, ","60, ","±30, ","5, ","51, ","320, ","-, ","-, ","-, ","55, ","2620, ","27, ","4000, ","530, ","63, ","TO-220-3 ","NA ","0 ","1.3721 ",
"FDP52N20","Active","H Pb   ","N-Channel, ","PowerTrench® T1, ","TO-220, ","Low-Medium Voltage, ","Standard, ","0, ","Single, ","0, ","200, ","49, ","±30, ","5, ","52, ","357, ","-, ","-, ","-, ","49, ","2230, ","24, ","1300, ","540, ","66, ","TO-220-3 ","NA ","0 ","1.3156 ",
"FDP5800","Active","H Pb   ","N-Channel, ","PowerTrench® T1, ","TO-220, ","Low-Medium Voltage, ","Logic, ","0, ","Single, ","0, ","60, ","7, ","±20, ","2.5, ","80, ","242, ","-, ","7.2, ","17, ","58, ","6890, ","18, ","106, ","750, ","295, ","TO-220-3 ","NA ","0 ","1.1842 ",
"FDP61N20","Active","H Pb   ","N-Channel, ","PowerTrench® T1, ","TO-220, ","Low-Medium Voltage, ","Standard, ","0, ","Single, ","0, ","200, ","41, ","±30, ","5, ","61, ","417, ","-, ","-, ","-, ","58, ","2615, ","24, ","1500, ","645, ","80, ","TO-220-3 ","NA ","0 ","1.3462 ",
"FDPC5018SG","Active","H Pb   ","N-Channel, ","PowerTrench® T1, ","Power 56 (SO-8FL), ","Low-Medium Voltage, ","Logic, ","0, ","Dual, ","0, ","30, ","Q1: 5.0, Q2: 1.6, ","12, ","3, ","Q1= 56.0, Q2: 109.0, ","Q1: 23, Q2: 29, ","-, ","Q1: 6.5, Q2: 2.0, ","30, ","28, ","4593, ","-, ","-, ","-, ","-, ","PQFN-8 ","1 ","260 ","0.6325 ",
"FDPC5030SG","Active","H Pb   ","N-Channel, ","PowerTrench® T1, ","Power 56 (SO-8FL), ","Low-Medium Voltage, ","Logic, ","0, ","Dual, ","0, ","30, ","Q1: 5.0, Q2: 2.4, ","12, ","3, ","Q1:56.0, Q2: 84.0, ","Q1: 23, Q2: 29, ","-, ","Q1: 6.5, Q2: 3.0, ","25, ","18, ","2730, ","-, ","-, ","-, ","-, ","PQFN-8 ","1 ","260 ","0.5012 ",
"FDPC8011S","Active","H Pb   ","N-Channel, ","PowerTrench® T1, ","Power 33 (u8FL), ","Low-Medium Voltage, ","Logic, ","0, ","Dual, ","0, ","25, ","Q1: 6.0, Q2:1.8, ","12, ","2.2, ","Q1: 20.0, Q2: 60.0, ","Q1: 1.6, Q2: 2.0, ","-, ","Q1: 7.3, Q2:2.1, ","21, ","30, ","4335, ","-, ","-, ","-, ","-, ","PQFN-8 ","1 ","260 ","0.592 ",
"FDPC8012S","Active","H Pb   ","N-Channel, ","PowerTrench® T1, ","Power 33 (u8FL), ","Low-Medium Voltage, ","Logic, ","0, ","Dual, ","0, ","25, ","-, ","12, ","2.2, ","Q1: 35.0, Q2: 88.0, ","Q1: 1.6, Q2: 2.0, ","-, ","Q1: 7, Q2: 2.2, ","44, ","25, ","3456, ","-, ","-, ","-, ","-, ","PQFN-8 ","1 ","260 ","0.4724 ",
"FDPC8013S","Active","H Pb   ","N-Channel, ","PowerTrench® T1, ","Power 33 (u8FL), ","Low-Medium Voltage, ","Logic, ","0, ","Dual, ","0, ","30, ","Q1: 6.4, Q2: 1.9, ","20, ","3, ","Q1:13.0 Q2: 26.0, ","Q1: 1.6, Q2: 2.0, ","-, ","Q1: 9.6, Q2: 2.7, ","43, ","21, ","2785, ","-, ","-, ","-, ","-, ","PQFN-8 ","1 ","260 ","0.6587 ",
"FDPC8016S","Active","H Pb   ","N-Channel, ","PowerTrench® T1, ","Power 56 (SO-8FL), ","Low-Medium Voltage, ","Logic, ","0, ","Dual, ","0, ","25, ","Q1: 3.8, Q2: 1.4, ","12, ","2.5, ","Q1: 20.0, Q2: 35.0, ","Q1: 21, Q2: 42, ","-, ","Q1: 4.7, Q2: 1.7, ","-, ","31, ","4715, ","-, ","-, ","-, ","-, ","PQFN-8 ","1 ","260 ","0.6706 ",
"FDPF035N06B-F154","Active","H Pb   ","N-Channel, ","PowerTrench® T6, ","TO-220, ","Low-Medium Voltage, ","Standard, ","0, ","Single, ","0, ","60, ","3.5, ","±20, ","4, ","88, ","46.3, ","~NA~, ","~NA~, ","~NA~, ","76, ","6035, ","~NA~, ","78, ","1685, ","55, ","TO-220 FULLPACK, 3-LEAD (ULTRA NARROW LEAD) ","NA ","0 ","1.3848 ",
"FDPF041N06BL1-F154","Active","H Pb   ","N-Channel, ","PowerTrench® T6, ","TO-220, ","Low-Medium Voltage, ","Standard, ","0, ","Single, ","0, ","60, ","4.1, ","±20, ","4, ","77, ","44.1, ","~NA~, ","~NA~, ","~NA~, ","53, ","4280, ","~NA~, ","63, ","1050, ","23, ","TO-220 FULLPACK, 3-LEAD (ULTRA NARROW LEAD) ","NA ","0 ","0.877 ",
"FDPF045N10A","Active","H Pb   ","N-Channel, ","PowerTrench® T1, ","TO-220, ","Low-Medium Voltage, ","Standard, ","0, ","Single, ","0, ","100, ","4.5, ","±20, ","4, ","67, ","43, ","-, ","-, ","-, ","57, ","3961, ","13, ","120, ","925, ","34, ","TO-220-3 FullPak ","NA ","0 ","1.8362 ",
"FDPF085N10A","Active","H Pb   ","N-Channel, ","PowerTrench® T1, ","TO-220, ","Low-Medium Voltage, ","Standard, ","0, ","Single, ","0, ","100, ","8.5, ","±20, ","4, ","40, ","33.3, ","-, ","-, ","-, ","31, ","2025, ","7.5, ","80, ","468, ","20, ","TO-220-3 FullPak ","NA ","0 ","1.1606 ",
"FDPF18N20FT","Active"," Pb   ","N-Channel, ","PowerTrench® T1, ","TO-220, ","Low-Medium Voltage, ","Standard, ","0, ","Single, ","0, ","200, ","140, ","±30, ","5, ","18, ","41, ","-, ","-, ","-, ","20, ","885, ","9, ","240, ","200, ","24, ","TO-220-3 FullPak ","NA ","0 ","0.728 ",
"FDPF190N15A","Active","H Pb   ","N-Channel, ","PowerTrench® T1, ","TO-220, ","Low-Medium Voltage, ","Standard, ","0, ","Single, ","0, ","150, ","19, ","±20, ","4, ","27.4, ","33, ","-, ","-, ","-, ","30, ","2020, ","7.3, ","180, ","700, ","56, ","TO-220-3 FullPak ","NA ","0 ","1.3123 ",
"FDPF2710T","Active"," Pb   ","N-Channel, ","PowerTrench® T1, ","TO-220, ","Low-Medium Voltage, ","Standard, ","0, ","Single, ","0, ","250, ","42.5, ","±30, ","5, ","25, ","62.5, ","-, ","-, ","-, ","78, ","5470, ","18, ","1300, ","426, ","97, ","TO-220-3 FullPak ","NA ","0 ","2.3355 ",
"FDPF2D3N10C","Active","H Pb   ","N-Channel, ","PowerTrench® T8, ","TO-220, ","Low-Medium Voltage, ","Standard, ","0, ","Single, ","0, ","100, ","2.3, ","4, ","4, ","222, ","45, ","-, ","-, ","-, ","108, ","7980, ","22, ","191, ","4490, ","40, ","TO-220-3 FullPak ","NA ","0 ","3.4591 ",
"FDPF33N25T","Active"," Pb   ","N-Channel, ","PowerTrench® T1, ","TO-220, ","Low-Medium Voltage, ","Standard, ","0, ","Single, ","0, ","250, ","94, ","±30, ","5, ","33, ","37, ","-, ","-, ","-, ","36.8, ","1640, ","17, ","1710, ","330, ","39, ","TO-220-3 FullPak ","NA ","0 ","1.1757 ",
"FDPF390N15A","Active","H Pb   ","N-Channel, ","PowerTrench® T1, ","TO-220, ","Low-Medium Voltage, ","Standard, ","0, ","Single, ","0, ","150, ","40, ","±20, ","4, ","15, ","22, ","-, ","-, ","-, ","14.3, ","965, ","3.5, ","131, ","96, ","5.8, ","TO-220-3 FullPak ","NA ","0 ","0.6954 ",
"FDPF39N20","Active"," Pb   ","N-Channel, ","PowerTrench® T1, ","TO-220, ","Low-Medium Voltage, ","Standard, ","0, ","Single, ","0, ","200, ","66, ","±30, ","5, ","15, ","37, ","-, ","-, ","-, ","38, ","1640, ","16.5, ","1100, ","400, ","57, ","TO-220-3 FullPak ","NA ","0 ","1.0256 ",
"FDPF44N25T","Active"," Pb   ","N-Channel, ","PowerTrench® T1, ","TO-220, ","Low-Medium Voltage, ","Standard, ","0, ","Single, ","0, ","250, ","69, ","±30, ","5, ","44, ","38, ","-, ","-, ","-, ","47, ","2210, ","24, ","1800, ","450, ","60, ","TO-220-3 FullPak ","NA ","0 ","1.2074 ",
"FDPF4D5N10C","Active","H Pb   ","N-Channel, ","PowerTrench® T8, ","TO-220, ","Low-Medium Voltage, ","Standard, ","0, ","Single, ","0, ","100, ","4.5, ","20, ","4, ","128, ","37.5, ","-, ","-, ","-, ","48, ","3615, ","9, ","106, ","2330, ","18, ","TO-220-3 FullPak ","NA ","0 ","2.7357 ",
"FDPF51N25","Active"," Pb   ","N-Channel, ","PowerTrench® T1, ","TO-220, ","Low-Medium Voltage, ","Standard, ","0, ","Single, ","0, ","250, ","60, ","±30, ","5, ","51, ","38, ","-, ","-, ","-, ","55, ","2620, ","27, ","4000, ","530, ","63, ","TO-220-3 FullPak ","NA ","0 ","1.1681 ",
"FDPF55N06","Active"," Pb   ","N-Channel, ","PowerTrench® T1, ","TO-220, ","Low-Medium Voltage, ","Standard, ","0, ","Single, ","0, ","60, ","22, ","±20, ","4, ","55, ","48, ","-, ","-, ","-, ","30, ","1160, ","7.5, ","55, ","375, ","60, ","TO-220-3 FullPak ","NA ","0 ","0.8462 ",
"FDWS86068-F085","Active","H Pb A P ","N-Channel, ","PowerTrench® T8, ","Power 56 (SO-8FL), ","Low-Medium Voltage, ","Standard, ","0, ","Single, ","0, ","100, ","6.4, ","± 20, ","4, ","80, ","214, ","~NA~, ","~NA~, ","~NA~, ","31, ","2220, ","~NA~, ","56, ","1350, ","19, ","DFNW-8 ","1 ","260 ","1.5355 ",
"FDWS86368-F085","Active","H Pb A P ","N-Channel, ","PowerTrench® T6, ","Power 56 (SO-8FL), ","Low-Medium Voltage, ","Standard, ","0, ","Single, ","0, ","80, ","4.5, ","±20, ","4, ","80, ","214, ","~NA~, ","~NA~, ","~NA~, ","57, ","4350, ","~NA~, ","49, ","636, ","20, ","DFNW-8 ","1 ","260 ","0.9036 ",
"FDWS86368-F085H","Active","H Pb A P ","N-Channel, ","PowerTrench® T6, ","Power 56 (SO-8FL), ","Low-Medium Voltage, ","Standard, ","0, ","Single, ","0, ","80, ","9, ","±20, ","4, ","80, ","214, ","~NA~, ","~NA~, ","~NA~, ","57, ","4350, ","~NA~, ","49, ","636, ","20, ","DFNW-8 ","1 ","260 ","0.7772 ",
"FDWS86369-F085","Active","H Pb A P ","N-Channel, ","PowerTrench® T6, ","Power 56 (SO-8FL), ","Low-Medium Voltage, ","Standard, ","0, ","Single, ","0, ","80, ","7.5, ","±20, ","4, ","65, ","107, ","~NA~, ","~NA~, ","~NA~, ","35, ","2470, ","~NA~, ","44, ","400, ","14, ","DFNW-8 ","1 ","260 ","0.5989 ",
"FDWS86380-F085","Active","H Pb A P ","N-Channel, ","PowerTrench® T6, ","Power 56 (SO-8FL), ","Low-Medium Voltage, ","Standard, ","0, ","Single, ","0, ","80, ","13.4, ","±20, ","4, ","50, ","75, ","~NA~, ","~NA~, ","~NA~, ","20, ","1440, ","4.4, ","23, ","300, ","14, ","DFNW-8 ","1 ","260 ","0.3976 ",
"FDWS9509L-F085","Active","H Pb A P ","P-Channel, ","PowerTrench® T1, ","Power 56 (SO-8FL), ","Low-Medium Voltage, ","Logic, ","0, ","Single, ","0, ","-40, ","13, ","±16, ","-3, ","-65, ","107, ","-, ","15.3, ","-, ","48, ","3360, ","6, ","45, ","1230, ","38, ","DFNW-8 ","1 ","260 ","0.5222 ",
"FQB12P20TM","Active"," Pb   ","P-Channel, ","PowerTrench® T1, ","D2PAK, ","Low-Medium Voltage, ","Standard, ","0, ","Single, ","0, ","-200, ","470, ","±30, ","-5, ","-11.5, ","120, ","-, ","-, ","-, ","31, ","920, ","16, ","1440, ","190, ","30, ","D2PAK-3 / TO-263-2 ","1 ","245 ","0.7947 ",
"FQB19N20TM","Active"," Pb   ","N-Channel, ","PowerTrench® T1, ","D2PAK, ","Low-Medium Voltage, ","Standard, ","0, ","Single, ","0, ","200, ","150, ","±30, ","5, ","19.4, ","140, ","-, ","-, ","-, ","31, ","1220, ","13.5, ","690, ","220, ","30, ","D2PAK-3 / TO-263-2 ","1 ","245 ","1.014 ",
"FQB19N20LTM","Active"," Pb   ","N-Channel, ","PowerTrench® T1, ","D2PAK, ","Low-Medium Voltage, ","Standard, ","0, ","Single, ","0, ","200, ","140, ","±30, ","2, ","21, ","140, ","-, ","-, ","-, ","27, ","1700, ","11.2, ","660, ","220, ","30, ","D2PAK-3 / TO-263-2 ","1 ","245 ","0.8005 ",
"FQB22P10TM","Active"," Pb   ","P-Channel, ","PowerTrench® T1, ","D2PAK, ","Low-Medium Voltage, ","Standard, ","0, ","Single, ","0, ","-100, ","125, ","±30, ","-4, ","-22, ","125, ","-, ","-, ","-, ","40, ","1170, ","21, ","600, ","460, ","160, ","D2PAK-3 / TO-263-2 ","1 ","245 ","0.9044 ",
"FQB27P06TM","Active"," Pb   ","P-Channel, ","PowerTrench® T1, ","D2PAK, ","Low-Medium Voltage, ","Standard, ","0, ","Single, ","0, ","-60, ","70, ","±25, ","-4, ","-27, ","120, ","-, ","-, ","-, ","33, ","1100, ","18, ","410, ","510, ","120, ","D2PAK-3 / TO-263-2 ","1 ","245 ","0.7972 ",
"FQB34N20LTM","Active"," Pb   ","N-Channel, ","PowerTrench® T1, ","D2PAK, ","Low-Medium Voltage, ","Standard, ","0, ","Single, ","0, ","200, ","75, ","±30, ","2, ","31, ","180, ","-, ","-, ","-, ","55, ","3000, ","27, ","1100, ","400, ","52, ","D2PAK-3 / TO-263-2 ","1 ","245 ","1.806 ",
"FQB34P10TM","Active"," Pb   ","P-Channel, ","PowerTrench® T1, ","D2PAK, ","Low-Medium Voltage, ","Standard, ","0, ","Single, ","0, ","-100, ","60, ","±30, ","-4, ","-33.5, ","155, ","-, ","-, ","-, ","85, ","2240, ","45, ","880, ","730, ","170, ","D2PAK-3 / TO-263-2 ","1 ","245 ","1.4773 ",
"FQB44N10TM","Active"," Pb   ","N-Channel, ","PowerTrench® T1, ","D2PAK, ","Low-Medium Voltage, ","Standard, ","0, ","Single, ","0, ","100, ","39, ","±25, ","4, ","43.5, ","146, ","-, ","-, ","24.5, ","48, ","1400, ","24, ","360, ","425, ","85, ","D2PAK-3 / TO-263-2 ","1 ","245 ","1.1018 ",
"FQB47P06TM-AM002","Active"," Pb   ","P-Channel, ","PowerTrench® T1, ","D2PAK, ","Low-Medium Voltage, ","Standard, ","0, ","Single, ","0, ","-60, ","26, ","±25, ","-4, ","-47, ","160, ","-, ","-, ","-, ","84, ","2800, ","44, ","550, ","1300, ","320, ","D2PAK-3 / TO-263-2 ","1 ","245 ","1.6049 ",
"FQB55N10TM","Active"," Pb   ","N-Channel, ","PowerTrench® T1, ","D2PAK, ","Low-Medium Voltage, ","Standard, ","0, ","Single, ","0, ","100, ","26, ","±25, ","4, ","55, ","155, ","-, ","-, ","-, ","75, ","2100, ","36, ","380, ","640, ","130, ","D2PAK-3 / TO-263-2 ","1 ","245 ","1.0948 ",
"FQB9P25TM","Active"," Pb   ","P-Channel, ","PowerTrench® T1, ","D2PAK, ","Low-Medium Voltage, ","Standard, ","0, ","Single, ","0, ","-250, ","620, ","-5, ","-5, ","-9.4, ","120, ","-, ","-, ","-, ","29, ","910, ","14, ","1450, ","170, ","27, ","D2PAK-3 / TO-263-2 ","1 ","245 ","0.7524 ",
"FQD11P06TM","Active"," Pb   ","P-Channel, ","PowerTrench® T1, ","DPAK, ","Low-Medium Voltage, ","Standard, ","0, ","Single, ","0, ","-60, ","185, ","±30, ","-4, ","-9.4, ","38, ","-, ","-, ","-, ","13, ","420, ","6.3, ","260, ","195, ","45, ","DPAK-3 / TO-252-3 ","1 ","260 ","0.3963 ",
"FQD12N20LTM","Active"," Pb   ","N-Channel, ","PowerTrench® T1, ","DPAK, ","Low-Medium Voltage, ","Logic, ","0, ","Single, ","0, ","200, ","280, ","±30, ","2, ","9, ","55, ","-, ","320, ","-, ","16, ","830, ","7.6, ","560, ","120, ","17, ","DPAK-3 / TO-252-3 ","1 ","260 ","0.3453 ",
"FQD13N06LTM","Active"," Pb   ","N-Channel, ","PowerTrench® T1, ","DPAK, ","Low-Medium Voltage, ","Logic, ","0, ","Single, ","0, ","60, ","115, ","±20, ","2.5, ","11, ","28, ","-, ","145, ","-, ","4.8, ","270, ","2.7, ","45, ","95, ","17, ","DPAK-3 / TO-252-3 ","1 ","260 ","0.2633 ",
"FQD13N10TM","Active"," Pb   ","N-Channel, ","PowerTrench® T1, ","DPAK, ","Low-Medium Voltage, ","Standard, ","0, ","Single, ","0, ","100, ","180, ","±25, ","4, ","10, ","40, ","-, ","-, ","-, ","12, ","345, ","5.1, ","170, ","100, ","20, ","DPAK-3 / TO-252-3 ","1 ","260 ","0.3352 ",
"FQD13N10LTM","Active"," Pb   ","N-Channel, ","PowerTrench® T1, ","DPAK, ","Low-Medium Voltage, ","Standard, ","0, ","Single, ","0, ","100, ","180, ","±20, ","2, ","10, ","40, ","-, ","-, ","-, ","8.7, ","400, ","5.3, ","170, ","95, ","20, ","DPAK-3 / TO-252-3 ","1 ","260 ","0.2737 ",
"FQD16N25CTM","Active"," Pb   ","N-Channel, ","PowerTrench® T1, ","DPAK, ","Low-Medium Voltage, ","Standard, ","0, ","Single, ","0, ","250, ","270, ","±30, ","4, ","16, ","160, ","-, ","-, ","-, ","41, ","830, ","22.7, ","2470, ","170, ","68, ","DPAK-3 / TO-252-3 ","1 ","260 ","0.5051 ",
"FQD17P06TM","Active"," Pb   ","P-Channel, ","PowerTrench® T1, ","DPAK, ","Low-Medium Voltage, ","Standard, ","0, ","Single, ","0, ","-60, ","135, ","±25, ","-4, ","-12, ","44, ","-, ","-, ","-, ","21, ","690, ","10, ","320, ","325, ","80, ","DPAK-3 / TO-252-3 ","1 ","260 ","0.3674 ",
"FQD18N20V2TM","Active"," Pb   ","N-Channel, ","PowerTrench® T1, ","DPAK, ","Low-Medium Voltage, ","Standard, ","0, ","Single, ","0, ","200, ","140, ","±30, ","5, ","15, ","83, ","-, ","-, ","-, ","20, ","830, ","10, ","1000, ","200, ","25, ","DPAK-3 / TO-252-3 ","1 ","260 ","0.5653 ",
"FQD19N10LTM","Active"," Pb   ","N-Channel, ","PowerTrench® T1, ","DPAK, ","Low-Medium Voltage, ","Standard, ","0, ","Single, ","0, ","100, ","100, ","±20, ","2, ","15.6, ","50, ","-, ","-, ","-, ","14, ","670, ","9.2, ","195, ","160, ","35, ","DPAK-3 / TO-252-3 ","1 ","260 ","0.4272 ",
"FQD30N06TM","Active"," Pb   ","N-Channel, ","PowerTrench® T1, ","DPAK, ","Low-Medium Voltage, ","Standard, ","0, ","Single, ","0, ","60, ","45, ","±20, ","4, ","22.7, ","44, ","-, ","-, ","-, ","19, ","725, ","8.5, ","65, ","270, ","40, ","DPAK-3 / TO-252-3 ","1 ","260 ","0.4657 ",
"FQD5P20TM","Active"," Pb   ","P-Channel, ","PowerTrench® T1, ","DPAK, ","Low-Medium Voltage, ","Standard, ","0, ","Single, ","0, ","-200, ","1400, ","±30, ","-5, ","-3.7, ","45, ","-, ","-, ","-, ","10, ","330, ","5.2, ","1070, ","75, ","12, ","DPAK-3 / TO-252-3 ","1 ","260 ","0.2952 ",
"FQD7N20LTM","Active"," Pb   ","N-Channel, ","PowerTrench® T1, ","DPAK, ","Low-Medium Voltage, ","Logic, ","0, ","Single, ","0, ","200, ","750, ","±30, ","2, ","5.5, ","45, ","-, ","780, ","-, ","6.8, ","390, ","3.4, ","440, ","55, ","8.5, ","DPAK-3 / TO-252-3 ","1 ","260 ","0.3115 ",
"FQD7P20TM","Active","H Pb   ","P-Channel, ","PowerTrench® T1, ","DPAK, ","Low-Medium Voltage, ","Standard, ","0, ","Single, ","0, ","-200, ","690, ","±30, ","-5, ","-5.7, ","55, ","-, ","-, ","-, ","19, ","590, ","9.5, ","1070, ","140, ","25, ","DPAK-3 / TO-252-3 ","1 ","260 ","0.4127 ",
"FQD8P10TM","Active"," Pb   ","P-Channel, ","PowerTrench® T1, ","DPAK, ","Low-Medium Voltage, ","Standard, ","0, ","Single, ","0, ","-100, ","530, ","±30, ","-4, ","-6.6, ","44, ","-, ","-, ","-, ","12, ","360, ","6.4, ","350, ","120, ","30, ","DPAK-3 / TO-252-3 ","1 ","260 ","0.2923 ",
"FQD8P10TM-F085","Active"," Pb A P ","P-Channel, ","PowerTrench® T1, ","DPAK, ","Low-Medium Voltage, ","Standard, ","0, ","Single, ","0, ","-100, ","530, ","±30, ","-4, ","-6.6, ","44, ","-, ","-, ","-, ","12, ","360, ","6.4, ","350, ","120, ","30, ","DPAK-3 / TO-252-3 ","1 ","260 ","0.7465 ",
"FQP17P06","Active","H Pb   ","P-Channel, ","PowerTrench® T1, ","TO-220, ","Low-Medium Voltage, ","Standard, ","0, ","Single, ","0, ","-60, ","120, ","±25, ","-4, ","-17, ","79, ","-, ","-, ","-, ","21, ","690, ","10, ","320, ","325, ","80, ","TO-220-3 ","NA ","0 ","0.7573 ",
"FQP17P10","Active","H Pb   ","P-Channel, ","PowerTrench® T1, ","TO-220, ","Low-Medium Voltage, ","Standard, ","0, ","Single, ","0, ","-100, ","190, ","±30, ","-4, ","-16.5, ","100, ","-, ","-, ","-, ","30, ","850, ","17, ","520, ","310, ","100, ","TO-220-3 ","NA ","0 ","0.6669 ",
"FQP27P06","Active","H Pb   ","P-Channel, ","PowerTrench® T1, ","TO-220, ","Low-Medium Voltage, ","Standard, ","0, ","Single, ","0, ","-60, ","70, ","±25, ","-4, ","-27, ","120, ","-, ","-, ","-, ","33, ","1100, ","18, ","410, ","510, ","120, ","TO-220-3 ","NA ","0 ","0.853 ",
"FQP45N15V2","Active","H Pb   ","N-Channel, ","PowerTrench® T1, ","TO-220, ","Low-Medium Voltage, ","Standard, ","0, ","Single, ","0, ","150, ","40, ","±25, ","4, ","45, ","220, ","-, ","-, ","-, ","72, ","2330, ","31, ","1190, ","510, ","135, ","TO-220-3 ","NA ","0 ","1.1532 ",
"FQP47P06","Active","H Pb   ","P-Channel, ","PowerTrench® T1, ","TO-220, ","Low-Medium Voltage, ","Standard, ","0, ","Single, ","0, ","-60, ","26, ","±25, ","-4, ","-47, ","160, ","-, ","-, ","-, ","84, ","2800, ","44, ","550, ","1300, ","320, ","TO-220-3 ","NA ","0 ","1.4663 ",
"FQPF19N20C","Active"," Pb   ","N-Channel, ","PowerTrench® T1, ","TO-220, ","Low-Medium Voltage, ","Standard, ","0, ","Single, ","0, ","200, ","170, ","±30, ","4, ","19, ","43, ","-, ","-, ","-, ","40.5, ","830, ","22.5, ","1630, ","195, ","85, ","TO-220-3 FullPak ","NA ","0 ","0.729 ",
"FQPF27N25","Active"," Pb   ","N-Channel, ","PowerTrench® T1, ","TO-220, ","Low-Medium Voltage, ","Standard, ","0, ","Single, ","0, ","250, ","110, ","±30, ","5, ","14, ","55, ","-, ","-, ","-, ","50, ","1900, ","26, ","1800, ","360, ","45, ","TO-220-3 FullPak ","NA ","0 ","1.7869 ",
"FQPF27P06","Active"," Pb   ","P-Channel, ","PowerTrench® T1, ","TO-220, ","Low-Medium Voltage, ","Standard, ","0, ","Single, ","0, ","-60, ","70, ","±25, ","-4, ","-17, ","47, ","-, ","-, ","-, ","33, ","1100, ","18, ","410, ","510, ","120, ","TO-220-3 FullPak ","NA ","0 ","0.8217 ",
"FQPF47P06","Active"," Pb   ","P-Channel, ","PowerTrench® T1, ","TO-220, ","Low-Medium Voltage, ","Standard, ","0, ","Single, ","0, ","-60, ","26, ","±25, ","-4, ","-30, ","62, ","-, ","-, ","-, ","84, ","2800, ","44, ","550, ","1300, ","320, ","TO-220-3 FullPak ","NA ","0 ","1.4186 ",
"FQPF7P20","Active"," Pb   ","P-Channel, ","PowerTrench® T1, ","TO-220, ","Low-Medium Voltage, ","Standard, ","0, ","Single, ","0, ","-200, ","690, ","±30, ","-5, ","-5.2, ","45, ","-, ","-, ","-, ","19, ","590, ","9.5, ","1070, ","140, ","25, ","TO-220-3 FullPak ","NA ","0 ","0.7123 ",
"HUF75321D3ST","Active"," Pb   ","N-Channel, ","PowerTrench® T1, ","DPAK, ","Low-Medium Voltage, ","Standard, ","0, ","Single, ","0, ","55, ","36, ","±20, ","4, ","20, ","93, ","-, ","-, ","-, ","21, ","680, ","9, ","82, ","270, ","60, ","DPAK-3 / TO-252-3 ","1 ","260 ","0.3836 ",
"HUF75321P3","Active","H Pb   ","N-Channel, ","PowerTrench® T1, ","TO-220, ","Low-Medium Voltage, ","Standard, ","0, ","Single, ","0, ","55, ","34, ","±20, ","4, ","35, ","93, ","-, ","-, ","-, ","21, ","680, ","9, ","82, ","270, ","60, ","TO-220-3 ","NA ","0 ","0.6215 ",
"HUF75329D3ST","Active"," Pb   ","N-Channel, ","PowerTrench® T1, ","DPAK, ","Low-Medium Voltage, ","Standard, ","0, ","Single, ","0, ","55, ","26, ","±20, ","4, ","20, ","128, ","-, ","-, ","-, ","32, ","1060, ","13, ","120, ","405, ","95, ","DPAK-3 / TO-252-3 ","1 ","260 ","0.4525 ",
"HUF75339P3","Active","H Pb   ","N-Channel, ","PowerTrench® T1, ","TO-220, ","Low-Medium Voltage, ","Standard, ","0, ","Single, ","0, ","55, ","12, ","±20, ","4, ","75, ","200, ","-, ","-, ","-, ","60, ","2000, ","23, ","160, ","700, ","160, ","TO-220-3 ","NA ","0 ","0.9101 ",
"HUF75344P3","Active","H Pb   ","N-Channel, ","PowerTrench® T1, ","TO-220, ","Low-Medium Voltage, ","Standard, ","0, ","Single, ","0, ","55, ","8, ","±20, ","4, ","75, ","285, ","-, ","-, ","-, ","90, ","3200, ","39, ","210, ","1170, ","310, ","TO-220-3 ","NA ","0 ","1.5034 ",
"HUF75345P3","Active","H Pb   ","N-Channel, ","PowerTrench® T1, ","TO-220, ","Low-Medium Voltage, ","Standard, ","0, ","Single, ","0, ","55, ","7, ","±20, ","4, ","75, ","325, ","-, ","-, ","-, ","125, ","4000, ","58, ","80, ","1450, ","450, ","TO-220-3 ","NA ","0 ","1.2948 ",
"HUF75345S3ST","Active"," Pb   ","N-Channel, ","PowerTrench® T1, ","D2PAK, ","Low-Medium Voltage, ","Standard, ","0, ","Single, ","0, ","55, ","7, ","±20, ","4, ","75, ","325, ","-, ","-, ","-, ","125, ","4000, ","58, ","80, ","1450, ","450, ","D2PAK-3 / TO-263-2 ","1 ","245 ","3.618 ",
"HUF75542P3","Active","H Pb   ","N-Channel, ","PowerTrench® T1, ","TO-220, ","Low-Medium Voltage, ","Standard, ","0, ","Single, ","0, ","80, ","14, ","±20, ","4, ","75, ","230, ","-, ","-, ","-, ","80, ","2750, ","33, ","255, ","700, ","250, ","TO-220-3 ","NA ","0 ","1.68 ",
"HUF75545P3","Active","H Pb   ","N-Channel, ","PowerTrench® T1, ","TO-220, ","Low-Medium Voltage, ","Standard, ","0, ","Single, ","0, ","80, ","10, ","±20, ","4, ","75, ","270, ","-, ","-, ","-, ","105, ","3750, ","43, ","300, ","1100, ","350, ","TO-220-3 ","NA ","0 ","1.3856 ",
"HUF75545S3ST","Active"," Pb   ","N-Channel, ","PowerTrench® T1, ","D2PAK, ","Low-Medium Voltage, ","Standard, ","0, ","Single, ","0, ","80, ","10, ","±20, ","4, ","75, ","270, ","-, ","-, ","-, ","105, ","3750, ","43, ","300, ","1100, ","350, ","D2PAK-3 / TO-263-2 ","1 ","245 ","1.106 ",
"HUF75639P3","Active","H Pb   ","N-Channel, ","PowerTrench® T1, ","TO-220, ","Low-Medium Voltage, ","Standard, ","0, ","Single, ","0, ","100, ","25, ","±20, ","4, ","56, ","200, ","-, ","-, ","-, ","57, ","2000, ","24, ","320, ","500, ","65, ","TO-220-3 ","NA ","0 ","1.1688 ",
"HUF75639S3ST","Active","H Pb   ","N-Channel, ","PowerTrench® T1, ","D2PAK, ","Low-Medium Voltage, ","Standard, ","0, ","Single, ","0, ","100, ","25, ","±20, ","4, ","56, ","200, ","-, ","-, ","-, ","57, ","2000, ","24, ","320, ","500, ","65, ","D2PAK-3 / TO-263-2 ","1 ","245 ","1.2396 ",
"HUF75645P3","Active","H Pb   ","N-Channel, ","PowerTrench® T1, ","TO-220, ","Low-Medium Voltage, ","Standard, ","0, ","Single, ","0, ","100, ","14, ","±20, ","4, ","75, ","310, ","-, ","-, ","-, ","106, ","3790, ","41, ","360, ","810, ","230, ","TO-220-3 ","NA ","0 ","1.4133 ",
"HUF76407D3ST","Active"," Pb   ","N-Channel, ","PowerTrench® T1, ","DPAK, ","Low-Medium Voltage, ","Logic, ","0, ","Single, ","0, ","60, ","92, ","±16, ","3, ","11, ","38, ","-, ","117, ","-, ","5.2, ","350, ","2.5, ","159, ","105, ","23, ","DPAK-3 / TO-252-3 ","1 ","260 ","0.4563 ",
"HUF76423P3","Active","H Pb   ","N-Channel, ","PowerTrench® T1, ","TO-220, ","Low-Medium Voltage, ","Logic, ","0, ","Single, ","0, ","60, ","30, ","±16, ","3, ","33, ","85, ","-, ","38, ","38, ","15, ","1060, ","7, ","205, ","315, ","65, ","TO-220-3 ","NA ","0 ","0.6372 ",
"HUF76429S3ST","Active","H Pb   ","N-Channel, ","PowerTrench® T1, ","D2PAK, ","Low-Medium Voltage, ","Logic, ","0, ","Single, ","0, ","60, ","22, ","16, ","4, ","44, ","110, ","-, ","27, ","-, ","21, ","1480, ","9.7, ","230, ","440, ","90, ","D2PAK-3 / TO-263-2 ","1 ","245 ","0.8641 ",
"HUF76439S3ST","Active","H Pb   ","N-Channel, ","PowerTrench® T1, ","D2PAK, ","Low-Medium Voltage, ","Logic, ","0, ","Single, ","0, ","60, ","12, ","16, ","4, ","71, ","180, ","-, ","15, ","-, ","38, ","2745, ","19, ","140, ","840, ","145, ","D2PAK-3 / TO-263-2 ","1 ","245 ","1.1705 ",
"HUF76629D3ST","Active","H Pb   ","N-Channel, ","PowerTrench® T1, ","DPAK, ","Low-Medium Voltage, ","Logic, ","0, ","Single, ","0, ","100, ","52, ","±20, ","3, ","20, ","110, ","-, ","55, ","-, ","21, ","1285, ","11, ","221, ","214, ","33, ","DPAK-3 / TO-252-3 ","1 ","260 ","1.2446 ",
"HUF76639S3ST","Active","H Pb   ","N-Channel, ","PowerTrench® T1, ","D2PAK, ","Low-Medium Voltage, ","Standard, ","0, ","Single, ","0, ","100, ","26, ","±20, ","4, ","50, ","180, ","-, ","-, ","-, ","39, ","2400, ","19, ","503, ","520, ","140, ","D2PAK-3 / TO-263-2 ","1 ","245 ","1.0414 ",
"HUFA76645S3ST-F085","Active, Not Rec"," Pb A P ","N-Channel, ","PowerTrench® T1, ","D2PAK, ","Low-Medium Voltage, ","Logic, ","0, ","Single, ","0, ","100, ","14, ","±20, ","3, ","75, ","310, ","-, ","15.5, ","-, ","127, ","4400, ","34, ","520, ","900, ","280, ","D2PAK-3 / TO-263-2 ","1 ","245 ","2.4392 ",
"MTP3055VL","Active","H Pb   ","N-Channel, ","PowerTrench® T1, ","TO-220, ","Low-Medium Voltage, ","Logic, ","0, ","Single, ","0, ","60, ","-, ","±15, ","2, ","12, ","48, ","-, ","180, ","-, ","7.8, ","345, ","-, ","-, ","114, ","410, ","TO-220-3 ","NA ","0 ","0.7378 ",
"NDB5060L","Active"," Pb   ","N-Channel, ","PowerTrench® T1, ","D2PAK, ","Low-Medium Voltage, ","Logic, ","0, ","Single, ","0, ","60, ","35, ","16, ","2, ","26, ","68, ","-, ","50, ","26, ","17, ","840, ","10, ","-, ","230, ","75, ","D2PAK-3 / TO-263-2 ","1 ","260 ","1.283 ",
"NDP6060","Active","H Pb   ","N-Channel, ","PowerTrench® T1, ","TO-220, ","Low-Medium Voltage, ","Standard, ","0, ","Single, ","0, ","60, ","25, ","±20, ","4, ","48, ","100, ","-, ","-, ","-, ","39, ","1190, ","22, ","-, ","475, ","150, ","TO-220-3 ","NA ","0 ","1.511 ",
"NDP6060L","Active","H Pb   ","N-Channel, ","PowerTrench® T1, ","TO-220, ","Low-Medium Voltage, ","Logic, ","0, ","Single, ","0, ","60, ","20, ","±20, ","2, ","48, ","49, ","-, ","25, ","3.5, ","36, ","1630, ","21, ","-, ","460, ","150, ","TO-220-3 ","NA ","0 ","1.5465 ",
"NSM3005NZTAG","Active","H Pb   ","N-Channel, ","PowerTrench® T1, ","Power 33, ","Low-Medium Voltage, ","Logic, ","0, ","Single, ","0, ","20, ","-, ","±8, ","1, ","0.224, ","0.8, ","1900, ","1400, ","0.7, ","-, ","15.8, ","0.1, ","-, ","3.5, ","2.4, ","UDFN-6 ","1 ","260 ","0.1601 ",
"NTB004N10G","Active","H Pb   ","N-Channel, ","PowerTrench® T8, ","D2PAK, ","Low-Medium Voltage, ","Standard, ","Wide SOA, ","Single, ","0, ","100, ","4.2, ","20, ","4, ","201, ","340, ","-, ","-, ","-, ","175, ","11900, ","40.8, ","157, ","1170, ","147, ","D2PAK-3 / TO-263-2 ","1 ","245 ","3.4982 ",
"NTB011N15MC","Active","H Pb   ","N-Channel, ","PowerTrench® T8, ","D2PAK, ","Low-Medium Voltage, ","Standard, ","0, ","Single, ","0, ","150, ","10.9, ","±20, ","4.5, ","75.4, ","136.4, ","~NA~, ","~NA~, ","~NA~, ","37, ","2810, ","~NA~, ","210, ","840, ","14, ","D2PAK-3 / TO-263-2 ","1 ","260 ","2.025 ",
"NTB25P06T4G","Active","H Pb   ","P-Channel, ","PowerTrench® T1, ","D2PAK, ","Low-Medium Voltage, ","Standard, ","0, ","Single, ","0, ","-60, ","82, ","15, ","4, ","-27.5, ","120, ","-, ","-, ","-, ","33, ","1200, ","-, ","200, ","345, ","90, ","D2PAK-3 / TO-263-2 ","1 ","260 ","1.067 ",
"NTB5D0N15MC","Active","H Pb   ","N-Channel, ","PowerTrench® T8, ","D2PAK, ","Low-Medium Voltage, ","Standard, ","0, ","Single, ","0, ","150, ","5, ","±20, ","4.5, ","139, ","214, ","~NA~, ","~NA~, ","~NA~, ","75, ","6300, ","~NA~, ","189, ","1900, ","13, ","D2PAK-3 / TO-263-2 ","1 ","260 ","2.5581 ",
"NTB6410ANT4G","Active","H Pb   ","N-Channel, ","PowerTrench® T1, ","D2PAK, ","Low-Medium Voltage, ","Standard, ","0, ","Single, ","0, ","100, ","13, ","20, ","4, ","76, ","188, ","-, ","-, ","-, ","120, ","4500, ","57, ","300, ","650, ","250, ","D2PAK-3 / TO-263-2 ","1 ","260 ","1.5662 ",
"NTB6413ANT4G","Active","H Pb   ","N-Channel, ","PowerTrench® T1, ","D2PAK, ","Low-Medium Voltage, ","Standard, ","0, ","Single, ","0, ","100, ","28, ","20, ","4, ","42, ","136, ","-, ","-, ","-, ","51, ","1800, ","26, ","230, ","280, ","100, ","D2PAK-3 / TO-263-2 ","1 ","260 ","0.9985 ",
"NTB7D3N15MC","Active","H Pb   ","N-Channel, ","PowerTrench® T8, ","D2PAK, ","Low-Medium Voltage, ","Standard, ","0, ","Single, ","0, ","150, ","7.3, ","±20, ","4.5, ","101, ","166, ","~NA~, ","~NA~, ","~NA~, ","53, ","4250, ","~NA~, ","247, ","1250, ","15, ","D2PAK-3 / TO-263-2 ","1 ","260 ","1.5827 ",
"NTBGS001N06C","Active","H Pb   ","N-Channel, ","PowerTrench® T1, ","D2PAK7, ","Low-Medium Voltage, ","Standard, ","0, ","Single, ","0, ","60, ","1.2, ","20, ","4, ","342, ","3.7, ","-, ","-, ","-, ","139, ","11110, ","19.5, ","647, ","6250, ","54, ","D2PAK7 (TO-263-7LD) 15.4x9.9x4.5 ","1 ","245 ","2.1847 ",
"NTBGS004N10G","Active","H Pb   ","N-Channel, ","PowerTrench® T8, ","D2PAK7, ","Low-Medium Voltage, ","Standard, ","Wide SOA, ","Single, ","0, ","100, ","4.1, ","20, ","4, ","203, ","3.7, ","-, ","-, ","-, ","178, ","12100, ","43, ","151, ","1170, ","165, ","D2PAK-7 / TO-263-7 ","1 ","245 ","2.9162 ",
"NTBGS1D5N06C","Active","H Pb   ","N-Channel, ","PowerTrench® T1, ","D2PAK7, ","Low-Medium Voltage, ","Standard, ","0, ","Single, ","0, ","60, ","1.62, ","20, ","4, ","267, ","3.7, ","-, ","-, ","-, ","78.6, ","6250, ","12.2, ","111, ","3060, ","66, ","D2PAK7 (TO-263-7LD) 15.4x9.9x4.5 ","1 ","245 ","1.4989 ",
"NTBGS4D1N15MC","Active","H Pb   ","N-Channel, ","PowerTrench® T8, ","D2PAK7, ","Low-Medium Voltage, ","Standard, ","0, ","Single, ","0, ","150, ","4.1, ","20, ","4.5, ","185, ","3.7, ","-, ","-, ","-, ","88.9, ","7285, ","13, ","164, ","2025, ","10.6, ","D2PAK-7 / TO-263-7 ","1 ","245 ","2.8147 ",
"NTBGS6D5N15MC","Active","H Pb   ","N-Channel, ","PowerTrench® T8, ","D2PAK7, ","Low-Medium Voltage, ","Standard, ","0, ","Single, ","0, ","150, ","6.5, ","20, ","4.5, ","130, ","3.8, ","-, ","-, ","-, ","58, ","4550, ","7.4, ","141, ","1370, ","10.3, ","D2PAK-7 / TO-263-7 ","1 ","245 ","2.8292 ",
"NTBLS001N06C","Active","H Pb   ","N-Channel, ","PowerTrench® T1, ","Power 1012 (TOLL), ","Low-Medium Voltage, ","Standard, ","0, ","Single, ","0, ","60, ","0.9, ","20, ","4, ","422, ","284, ","-, ","-, ","-, ","143, ","11575, ","13, ","322, ","5973, ","76, ","TO-LL 8L ","1 ","260 ","3.1332 ",
"NTBLS002N08MC","Active","H Pb   ","N-Channel, ","PowerTrench® T8, ","Power 1012 (TOLL), ","Low-Medium Voltage, ","Standard, ","0, ","Single, ","0, ","80, ","2, ","20, ","4, ","238, ","2.9, ","-, ","-, ","-, ","92, ","6580, ","21, ","166, ","1950, ","74, ","TO-LL 8L ","1 ","260 ","3.9493 ",
"NTBLS0D8N08XTXG","Active","H Pb   ","N-Channel, ","PowerTrench® T10, ","Power 1012 (TOLL), ","Low-Medium Voltage, ","Standard, ","0, ","Single, ","0, ","80, ","0.79, ","20, ","3.6, ","457, ","325, ","~NA~, ","~NA~, ","~NA~, ","174, ","12920, ","32, ","464, ","3670, ","55, ","TO-LL 8L ","1 ","260 ","3.4955 ",
"NTBLS0D9N08XTXG","Active","H Pb   ","N-Channel, ","PowerTrench® T10, ","Power 1012 (TOLL), ","Low-Medium Voltage, ","Standard, ","~NA~, ","Single, ","~NA~, ","80, ","0.89, ","20, ","3.6, ","435, ","319, ","~NA~, ","~NA~, ","~NA~, ","177, ","12620, ","~NA~, ","399, ","3630, ","54, ","TO-LL 8L ","1 ","260 ","0.0 ",
"NTBLS1D1N08H","Active","H Pb   ","N-Channel, ","PowerTrench® T8, ","Power 1012 (TOLL), ","Low-Medium Voltage, ","Standard, ","0, ","Single, ","0, ","80, ","1.05, ","20, ","4, ","351, ","4.2, ","-, ","-, ","-, ","166, ","11200, ","35, ","234, ","1600, ","49, ","TO-LL 8L ","1 ","260 ","3.1134 ",
"NTBLS1D1N08XTXG","Active","H Pb   ","N-Channel, ","PowerTrench® T10, ","Power 1012 (TOLL), ","Low-Medium Voltage, ","Standard, ","~NA~, ","Single, ","~NA~, ","80, ","1.1, ","20, ","3.6, ","299, ","197, ","~NA~, ","~NA~, ","~NA~, ","120, ","8620, ","~NA~, ","297, ","2460, ","37, ","TO-LL 8L ","1 ","260 ","2.5199 ",
"NTBLS1D5N08MC","Active","H Pb   ","N-Channel, ","PowerTrench® T8, ","Power 1012 (TOLL), ","Low-Medium Voltage, ","Standard, ","0, ","Single, ","0, ","80, ","1.53, ","20, ","4, ","298, ","2.9, ","-, ","-, ","-, ","111, ","8170, ","23, ","121, ","3025, ","82, ","TO-LL 8L ","1 ","260 ","3.7636 ",
"NTBLS1D5N10MCTXG","Active","H Pb   ","N-Channel, ","PowerTrench® T8, ","Power 1012 (TOLL), ","Low-Medium Voltage, ","Standard, ","0, ","Single, ","0, ","100, ","1.5, ","20, ","4, ","312, ","3.4, ","~NA~, ","~NA~, ","~NA~, ","131, ","10100, ","~NA~, ","143, ","5100, ","84, ","TO-LL 8L ","1 ","260 ","4.252 ",
"NTBLS1D7N08H","Active","H Pb   ","N-Channel, ","PowerTrench® T8, ","Power 1012 (TOLL), ","Low-Medium Voltage, ","Standard, ","0, ","Single, ","0, ","80, ","1.7, ","20, ","4, ","203, ","3.5, ","-, ","-, ","-, ","121, ","7675, ","29, ","138, ","1059, ","41, ","TO-LL 8L ","1 ","260 ","2.2933 ",
"NTBLS1D7N10MCTXG","Active","H Pb   ","N-Channel, ","PowerTrench® T8, ","Power 1012 (TOLL), ","Low-Medium Voltage, ","Standard, ","0, ","Single, ","0, ","100, ","1.8, ","20, ","4, ","272, ","3.4, ","~NA~, ","~NA~, ","~NA~, ","115, ","9200, ","~NA~, ","160, ","4600, ","79, ","TO-LL 8L ","1 ","260 ","3.6846 ",
"NTBLS4D0N15MC","Active","H Pb   ","N-Channel, ","PowerTrench® T8, ","Power 1012 (TOLL), ","Low-Medium Voltage, ","Standard, ","0, ","Single, ","0, ","150, ","4.4, ","20, ","4.5, ","187, ","3.4, ","-, ","-, ","-, ","90.4, ","7490, ","12.6, ","180, ","2055, ","27.2, ","TO-LL 8L ","1 ","260 ","2.8481 ",
"NTBS9D0N10MC","Active","H Pb   ","N-Channel, ","PowerTrench® T8, ","D2PAK, ","Low-Medium Voltage, ","Standard, ","0, ","Single, ","0, ","100, ","9, ","±20, ","4, ","60, ","68, ","~NA~, ","~NA~, ","~NA~, ","23, ","1695, ","~NA~, ","23, ","935, ","13, ","D2PAK-3 / TO-263-2 ","1 ","260 ","1.1423 ",
"NTBV45N06LT4G","Active, Not Rec","H Pb A P ","N-Channel, ","PowerTrench® T1, ","D2PAK, ","Low-Medium Voltage, ","Logic, ","0, ","Single, ","0, ","60, ","-, ","15, ","2, ","45, ","125, ","-, ","28, ","13, ","23, ","1212, ","-, ","90, ","352, ","90, ","D2PAK-3 / TO-263-2 ","1 ","260 ","0.0 ",
"NTBYST0D6N08XTXG","Active, New","H Pb   ","N-Channel, ","PowerTrench® T10, ","Power 1012 (TCPAK), ","Low-Medium Voltage, ","Standard, ","~NA~, ","Single, ","~NA~, ","80, ","0.64, ","20, ","3.6, ","767, ","750, ","~NA~, ","~NA~, ","~NA~, ","228, ","16419, ","~NA~, ","740, ","4654, ","69, ","TCPAK16 8.80x10.10, 1.20P (TCPAK1012) ","3 ","260 ","3.7736 ",
"NTD14N03RT4G","Active","H Pb   ","N-Channel, ","PowerTrench® T1, ","DPAK, ","Low-Medium Voltage, ","Logic, ","0, ","Single, ","0, ","25, ","95, ","20, ","2, ","12, ","1.56, ","-, ","130, ","-, ","110, ","115, ","-, ","0.2, ","62, ","33, ","DPAK-3 ","1 ","260 ","0.2177 ",
"NTD18N06LT4G","Active","H Pb   ","N-Channel, ","PowerTrench® T1, ","DPAK, ","Low-Medium Voltage, ","Logic, ","0, ","Single, ","0, ","60, ","-, ","15, ","2, ","18, ","55, ","-, ","65, ","16.1, ","11, ","482, ","-, ","57, ","166, ","56, ","DPAK-3 ","1 ","260 ","0.4785 ",
"NTD20N03L27T4G","Active","H Pb   ","N-Channel, ","PowerTrench® T1, ","DPAK, ","Low-Medium Voltage, ","Logic, ","0, ","Single, ","0, ","30, ","-, ","20, ","2, ","20, ","55.5, ","-, ","29, ","-, ","13.8, ","1005, ","-, ","0.017, ","271, ","87, ","DPAK-3 ","1 ","260 ","0.42 ",
"NTD20P06LT4G","Active","H Pb   ","P-Channel, ","PowerTrench® T1, ","DPAK, ","Low-Medium Voltage, ","Logic, ","0, ","Single, ","0, ","-60, ","-, ","20, ","2, ","-15.5, ","65, ","-, ","125, ","-, ","15, ","740, ","7, ","130, ","207, ","66, ","DPAK-3 ","1 ","260 ","0.4527 ",
"NTD24N06LT4G","Active","H Pb   ","N-Channel, ","PowerTrench® T1, ","DPAK, ","Low-Medium Voltage, ","Logic, ","0, ","Single, ","0, ","60, ","-, ","15, ","2, ","24, ","62.5, ","-, ","45, ","15, ","16, ","814, ","-, ","84, ","258, ","80, ","DPAK-3 ","1 ","260 ","0.728 ",
"NTD25P03LT4G","Active","H Pb   ","P-Channel, ","PowerTrench® T1, ","DPAK, ","Low-Medium Voltage, ","Logic, ","0, ","Single, ","0, ","-30, ","-, ","15, ","-2, ","-25, ","75, ","-, ","85, ","23.6, ","75, ","900, ","-, ","-, ","290, ","105, ","DPAK-3 ","1 ","260 ","0.352 ",
"NTD2955T4G","Active","H Pb   ","P-Channel, ","PowerTrench® T1, ","DPAK, ","Low-Medium Voltage, ","Logic, ","0, ","Single, ","0, ","-60, ","-, ","20, ","4, ","-12, ","55, ","-, ","135, ","-, ","15, ","500, ","7, ","100, ","150, ","50, ","DPAK-3 ","1 ","260 ","0.4968 ",
"NTD3055-094T4G","Active","H Pb   ","N-Channel, ","PowerTrench® T1, ","DPAK, ","Low-Medium Voltage, ","Standard, ","0, ","Single, ","0, ","60, ","94, ","20, ","4, ","12, ","48, ","-, ","-, ","-, ","10.9, ","323, ","-, ","47, ","107, ","34, ","DPAK-3 ","1 ","260 ","0.346 ",
"NTD3055-150T4G","Active","H Pb   ","N-Channel, ","PowerTrench® T1, ","DPAK, ","Low-Medium Voltage, ","Standard, ","0, ","Single, ","0, ","60, ","150, ","20, ","4, ","9, ","28.8, ","-, ","-, ","4.7, ","7, ","200, ","-, ","36, ","70, ","26, ","DPAK-3 ","1 ","260 ","0.3545 ",
"NTD3055L104T4G","Active","H Pb   ","N-Channel, ","PowerTrench® T1, ","DPAK, ","Low-Medium Voltage, ","Logic, ","0, ","Single, ","0, ","60, ","-, ","15, ","2, ","12, ","48, ","-, ","104, ","-, ","7.4, ","316, ","-, ","40, ","105, ","35, ","DPAK-3 ","1 ","260 ","0.4309 ",
"NTD5406NT4G","Consult Sales Office","H Pb   ","N-Channel, ","PowerTrench® T1, ","NA, ","Low-Medium Voltage, ","Logic, ","0, ","Single, ","0, ","40, ","10, ","20, ","3.5, ","70, ","100, ","-, ","17, ","-, ","45, ","1375, ","20, ","65, ","370, ","160, ","DPAK-3 ","1 ","260 ","0.0 ",
"NTD5407NT4G","Consult Sales Office","H Pb   ","N-Channel, ","PowerTrench® T1, ","NA, ","Low-Medium Voltage, ","Logic, ","0, ","Single, ","0, ","40, ","26, ","20, ","3.5, ","38, ","75, ","-, ","40, ","-, ","20, ","615, ","10.5, ","40, ","173, ","80, ","DPAK-3 ","1 ","260 ","0.0 ",
"NTD5C632NLT4G","Active","H Pb   ","N-Channel, ","PowerTrench® T6, ","DPAK, ","Low-Medium Voltage, ","Logic, ","0, ","Single, ","0, ","60, ","2.5, ","±20, ","2.1, ","155, ","115, ","-, ","3.4, ","34, ","78, ","5700, ","6.1, ","110, ","2800, ","36, ","DPAK-3 ","1 ","260 ","0.5305 ",
"NTD6414ANT4G","Active","H Pb   ","N-Channel, ","PowerTrench® T1, ","DPAK, ","Low-Medium Voltage, ","Standard, ","0, ","Single, ","0, ","100, ","37, ","20, ","4, ","32, ","100, ","-, ","-, ","-, ","40, ","1450, ","20, ","195, ","230, ","95, ","DPAK-3 ","1 ","260 ","0.5175 ",
"NTD6415ANLT4G","Active","H Pb   ","N-Channel, ","PowerTrench® T1, ","DPAK, ","Low-Medium Voltage, ","Logic, ","0, ","Single, ","0, ","100, ","52, ","20, ","2, ","23, ","83, ","-, ","56, ","-, ","35, ","1024, ","14, ","152, ","156, ","70, ","DPAK-3 ","1 ","260 ","0.91 ",
"NTD6416ANT4G","Active","H Pb   ","N-Channel, ","PowerTrench® T1, ","DPAK, ","Low-Medium Voltage, ","Standard, ","0, ","Single, ","0, ","100, ","81, ","20, ","4, ","17, ","71, ","-, ","-, ","-, ","20, ","620, ","10, ","135, ","110, ","50, ","DPAK-3 ","1 ","260 ","0.5021 ",
"NTD6416ANLT4G","Active","H Pb   ","N-Channel, ","PowerTrench® T1, ","DPAK, ","Low-Medium Voltage, ","Standard, ","0, ","Single, ","0, ","100, ","74, ","20, ","2.2, ","19, ","71, ","-, ","-, ","16.1, ","25, ","700, ","9.6, ","112, ","110, ","50, ","DPAK-3 ","1 ","260 ","0.5384 ",
"NTDV20N06T4G-VF01","Active, Not Rec","H Pb A P ","N-Channel, ","PowerTrench® T1, ","DPAK, ","Low-Medium Voltage, ","Standard, ","0, ","Single, ","0, ","60, ","46, ","±20, ","4, ","20, ","60, ","-, ","-, ","-, ","21.2, ","725, ","-, ","84, ","213, ","58, ","DPAK-3 ","1 ","260 ","1.1651 ",
"NTDV20N06T4G","Consult Sales Office","H Pb A P ","N-Channel, ","PowerTrench® T1, ","DPAK, ","Low-Medium Voltage, ","Standard, ","0, ","Single, ","0, ","60, ","46, ","±20, ","4, ","20, ","60, ","-, ","-, ","-, ","21.2, ","725, ","-, ","84, ","213, ","58, ","DPAK-3 ","1 ","260 ","0.0 ",
"NTDV20P06LT4G-VF01","Active, Not Rec","H Pb A P ","P-Channel, ","PowerTrench® T1, ","DPAK, ","Low-Medium Voltage, ","Logic, ","0, ","Single, ","0, ","-60, ","-, ","20, ","-2, ","-15.5, ","65, ","-, ","150, ","2.1, ","15, ","740, ","7, ","0.13, ","207, ","66, ","DPAK-3 ","1 ","260 ","0.6451 ",
"STDV3055L104T4G","Active, Not Rec","H Pb A P ","N-Channel, ","PowerTrench® T1, ","DPAK, ","Low-Medium Voltage, ","Logic, ","0, ","Single, ","0, ","60, ","-, ","15, ","2, ","12, ","48, ","-, ","104, ","1.82, ","7.4, ","316, ","-, ","0.04, ","105, ","35, ","DPAK-3 ","1 ","260 ","0.5365 ",
"NTLJD3115PT1G","Active","H Pb   ","P-Channel, ","PowerTrench® T1, ","Power 22, ","Low-Medium Voltage, ","Logic, ","0, ","Dual, ","0, ","-20, ","-, ","8, ","1, ","3.3, ","1.5, ","Q1=Q2=135, ","Q1=Q2=100, ","6.5, ","5.5, ","531, ","1.4, ","5, ","91, ","56, ","WDFN-6 ","1 ","260 ","0.2317 ",
"NTLJD3119CTBG","Active","H Pb   ","Complementary, ","PowerTrench® T1, ","Power 22, ","Low-Medium Voltage, ","Logic, ","0, ","Dual, ","0, ","±20, ","-, ","8, ","1, ","3.8, ","1.5, ","N:85, P:135, ","N:65, P:100, ","5.5, ","3.7, ","N: 271, P: 531, ","1, ","3, ","72, ","43, ","WDFN-6 ","1 ","260 ","0.2896 ",
"NTLJD4116NT1G","Active","H Pb   ","N-Channel, ","PowerTrench® T1, ","Power 22, ","Low-Medium Voltage, ","Logic, ","0, ","Dual, ","0, ","30, ","-, ","8, ","1, ","3.7, ","1.5, ","Q1=Q2=90, ","Q1=Q2=70, ","5.4, ","5.4, ","427, ","1.24, ","5, ","51, ","32, ","WDFN-6 ","1 ","260 ","0.2853 ",
"NTLJF3117PT1G","Active","H Pb   ","P-Channel, ","PowerTrench® T1, ","Power 22, ","Low-Medium Voltage, ","Logic, ","0, ","with Schottky Diode, ","0, ","-20, ","-, ","8, ","1, ","3.3, ","1.5, ","135, ","100, ","12.8, ","5.5, ","531, ","-, ","5.7, ","91, ","56, ","WDFN-6 ","1 ","260 ","0.1483 ",
"NTLJF4156NT1G","Active","H Pb   ","N-Channel, ","PowerTrench® T1, ","Power 22, ","Low-Medium Voltage, ","Logic, ","0, ","with Schottky Diode, ","0, ","30, ","-, ","8, ","1, ","3.7, ","1.5, ","90, ","70, ","13, ","5.4, ","427, ","1.24, ","5, ","51, ","32, ","WDFN-6 ","1 ","260 ","0.1964 ",
"NTLJF4156NTAG","Active","H Pb   ","N-Channel, ","PowerTrench® T1, ","Power 22, ","Low-Medium Voltage, ","Logic, ","0, ","with Schottky Diode, ","0, ","30, ","-, ","8, ","1, ","3.7, ","1.5, ","90, ","70, ","13, ","5.4, ","427, ","1.24, ","5, ","51, ","32, ","WDFN-6 ","1 ","260 ","0.1657 ",
"NTLJS14D0P03P8ZTAG","Active","H Pb   ","P-Channel, ","PowerTrench® T1, ","Power 22, ","Low-Medium Voltage, ","Logic, ","0, ","Single, ","0, ","-25, ","13.5, ","25, ","-2.6, ","-11, ","2.4, ","~NA~, ","27, ","8, ","20, ","1440, ","13, ","~NA~, ","477, ","458, ","PQFN-6 ","1 ","260 ","0.0 ",
"NTLJS17D0P03P8ZTAG","Active","H Pb   ","P-Channel, ","PowerTrench® T1, ","Power 22, ","Low-Medium Voltage, ","Logic, ","0, ","Single, ","0, ","-30, ","11.3, ","±25, ","-3, ","11.7, ","2.4, ","-, ","21.3, ","25, ","-, ","1500, ","4.5, ","-, ","530, ","495, ","PQFN-6 ","1 ","260 ","0.2347 ",
"NTLJS2103PTBG","Active","H Pb   ","P-Channel, ","PowerTrench® T1, ","Power 22, ","Low-Medium Voltage, ","Logic, ","0, ","Single, ","0, ","-12, ","-, ","8, ","0.8, ","5.9, ","1.9, ","35, ","25, ","8.5, ","12.8, ","1157, ","-, ","14, ","300, ","200, ","WDFN-6 ","1 ","260 ","0.218 ",
"NTLJS4114NTAG","Active","H Pb   ","N-Channel, ","PowerTrench® T1, ","Power 22, ","Low-Medium Voltage, ","Logic, ","0, ","Single, ","0, ","30, ","-, ","12, ","1, ","6, ","1.92, ","45, ","35, ","-, ","8.5, ","650, ","2.1, ","5, ","115.5, ","70, ","WDFN-6 ","1 ","260 ","0.23 ",
"NTLJS4114NT1G","Active","H Pb   ","N-Channel, ","PowerTrench® T1, ","Power 22, ","Low-Medium Voltage, ","Logic, ","0, ","Single, ","0, ","30, ","-, ","12, ","1, ","6, ","1.92, ","45, ","35, ","-, ","8.5, ","650, ","2.1, ","5, ","115.5, ","70, ","WDFN-6 ","1 ","260 ","0.3297 ",
"NTLJS4D9N03HTAG","Active","H Pb   ","N-Channel, ","PowerTrench® T6, ","Power 22, ","Low-Medium Voltage, ","Standard, ","0, ","Single, ","0, ","30, ","-, ","-, ","-, ","-, ","-, ","-, ","-, ","-, ","-, ","-, ","-, ","-, ","-, ","-, ","PQFN-6 ","1 ","260 ","0.328 ",
"NTLJS5D0N03CTAG","Active","H Pb   ","N-Channel, ","PowerTrench® T6, ","Power 22, ","Low-Medium Voltage, ","Logic, ","0, ","Single, ","0, ","30, ","4.38, ","20, ","2.2, ","18.8, ","2.4, ","~NA~, ","7.25, ","8, ","18, ","1255, ","2, ","~NA~, ","625, ","20, ","PQFN-6 ","1 ","260 ","0.1942 ",
"NTLJS7D2P02P8ZTAG","Active","H Pb   ","P-Channel, ","PowerTrench® T1, ","Power 22, ","Low-Medium Voltage, ","Logic, ","0, ","Single, ","0, ","-20, ","~NA~, ","8, ","1.5, ","13.1, ","2.4, ","11, ","9, ","26.7, ","~NA~, ","2790, ","6.7, ","5.4, ","412, ","369, ","PQFN-6 ","1 ","260 ","0.3333 ",
"NTLUF4189NZTAG","Consult Sales Office","H Pb   ","N-Channel, ","PowerTrench® T1, ","NA, ","Low-Medium Voltage, ","Logic, ","0, ","with Schottky Diode, ","0, ","30, ","-, ","8, ","1.5, ","1.2, ","0.8, ","350, ","200, ","10.4, ","1.4, ","95, ","0.4, ","2.1, ","15, ","10, ","UDFN-6 ","1 ","260 ","0.0 ",
"NTLUS020N03CTAG","Active","H Pb   ","N-Channel, ","PowerTrench® T6, ","Power 22, ","Low-Medium Voltage, ","Logic, ","0, ","Single, ","0, ","30, ","15, ","±20, ","2.2, ","8.2, ","1.52, ","-, ","22, ","4.2, ","-, ","600, ","-, ","-, ","330, ","16, ","UDFN-6 ","1 ","260 ","0.1845 ",
"NTLUS030N03CTAG","Active","H Pb   ","N-Channel, ","PowerTrench® T6, ","Power 22, ","Low-Medium Voltage, ","Logic, ","0, ","Single, ","0, ","30, ","21, ","±20, ","2.2, ","6.9, ","1.49, ","-, ","30, ","2.8, ","-, ","393, ","-, ","-, ","218, ","10, ","UDFN-6 ","1 ","260 ","0.1676 ",
"NTMFC013NP10M5L","Active","H Pb   ","Complementary, ","PowerTrench® T1, ","Power 56 (SO-8FL), ","Low-Medium Voltage, ","Logic, ","0, ","Dual Series, ","0, ","100, ","13.4, ","20, ","3, ","60, ","102, ","~NA~, ","35, ","12, ","23, ","1345, ","5, ","38, ","307, ","17.5, ","WDFN-8 ","1 ","260 ","1.3025 ",
"NTMFD001N03P9","Active","H Pb   ","N-Channel, ","PowerTrench® T1, ","Power 56 (SO-8FL), ","Low-Medium Voltage, ","Logic, ","0, ","Dual, ","0, ","30, ","5, ","16, ","3, ","128, ","25, ","~NA~, ","6.5, ","7.9, ","17, ","1224, ","2, ","~NA~, ","397, ","42, ","PQFN-8 ","1 ","260 ","0.8933 ",
"NTMFD016N06CT1G","Active","H Pb   ","N-Channel, ","PowerTrench® T6, ","Power 56 (SO-8FL), ","Low-Medium Voltage, ","Standard, ","0, ","Dual, ","0, ","60, ","16.3, ","20, ","4, ","32, ","3.1, ","-, ","-, ","-, ","6.9, ","489, ","0.62, ","15, ","319, ","5.7, ","SO-8FL Dual / DFN-8 ","1 ","260 ","0.5197 ",
"NTMFD020N06CT1G","Active","H Pb   ","N-Channel, ","PowerTrench® T6, ","Power 56 (SO-8FL), ","Low-Medium Voltage, ","Standard, ","0, ","Dual, ","0, ","60, ","20.3, ","20, ","4, ","27, ","3.1, ","-, ","-, ","-, ","5.8, ","355, ","0.53, ","12, ","260, ","4.9, ","SO-8FL Dual / DFN-8 ","1 ","260 ","0.5047 ",
"NTMFD024N06CT1G","Active","H Pb   ","N-Channel, ","PowerTrench® T6, ","Power 56 (SO-8FL), ","Low-Medium Voltage, ","Standard, ","0, ","Dual Series, ","0, ","60, ","22.6, ","20, ","4, ","24, ","28, ","~NA~, ","~NA~, ","~NA~, ","5.7, ","333, ","~NA~, ","11, ","225, ","5.05, ","SO-8FL Dual / DFN-8 ","1 ","260 ","0.3 ",
"NTMFD030N06CT1G","Active","H Pb   ","N-Channel, ","PowerTrench® T6, ","Power 56 (SO-8FL), ","Low-Medium Voltage, ","Standard, ","0, ","Dual, ","0, ","60, ","29.7, ","20, ","4, ","19, ","3.2, ","-, ","-, ","-, ","4.7, ","255, ","0.54, ","9.7, ","173, ","4.4, ","SO-8FL Dual / DFN-8 ","1 ","260 ","0.3844 ",
"NTMFD1D1N02X","Active","H Pb   ","N-Channel, ","PowerTrench® T10, ","Power 56 (SO-8FL), ","Low-Medium Voltage, ","Logic, ","0, ","Dual, ","0, ","25, ","3, ","16, ","2.1, ","75, ","27, ","~NA~, ","1.1, ","6.8, ","15, ","1060, ","1.4, ","6.6, ","322, ","47, ","PQFN-8 ","1 ","260 ","1.4006 ",
"NTMFD1D6N03P8","Active","H Pb   ","N-Channel, ","PowerTrench® T8, ","Power 56 (SO-8FL), ","Low-Medium Voltage, ","Logic, ","0, ","Dual, ","0, ","30, ","1.6, ","12, ","3, ","109, ","29, ","~NA~, ","2, ","28, ","62, ","4593, ","5.3, ","40, ","1210, ","80, ","PQFN-8 ","1 ","260 ","0.68 ",
"NTMFD5C446NLT1G","Active","H Pb   ","N-Channel, ","PowerTrench® T6, ","Power 56 (SO-8FL), ","Low-Medium Voltage, ","Logic, ","0, ","Dual, ","0, ","40, ","2.65, ","20, ","2.2, ","145, ","62, ","-, ","3.9, ","25, ","54, ","3170, ","7, ","55, ","1270, ","48, ","SO-8FL Dual / DFN-8 ","1 ","260 ","0.561 ",
"NTMFD5C466NT1G","Active","H Pb   ","N-Channel, ","PowerTrench® T6, ","Power 56 (SO-8FL), ","Low-Medium Voltage, ","Standard, ","0, ","Dual, ","0, ","40, ","8.1, ","20, ","3.5, ","49, ","3, ","-, ","-, ","-, ","11, ","650, ","1.8, ","10, ","320, ","14, ","SO-8FL Dual / DFN-8 ","1 ","260 ","0.2829 ",
"NTMFD5C466NLT1G","Active","H Pb   ","N-Channel, ","PowerTrench® T6, ","Power 56 (SO-8FL), ","Low-Medium Voltage, ","Logic, ","0, ","Dual, ","0, ","40, ","7.4, ","20, ","2.2, ","52, ","40, ","-, ","12.6, ","7, ","16, ","997, ","2.2, ","8, ","354, ","13, ","SO-8FL Dual / DFN-8 ","1 ","260 ","0.2877 ",
"NTMFD5C672NLT1G","Active","H Pb   ","N-Channel, ","PowerTrench® T6, ","Power 56 (SO-8FL), ","Low-Medium Voltage, ","Logic, ","0, ","Dual, ","0, ","60, ","11.9, ","20, ","2.2, ","49, ","45, ","-, ","16.8, ","5.7, ","12.3, ","793, ","1.2, ","13, ","383, ","9, ","SO-8FL Dual / DFN-8 ","1 ","260 ","0.3549 ",
"NTMFD5C674NLT1G","Active","H Pb   ","N-Channel, ","PowerTrench® T6, ","Power 56 (SO-8FL), ","Low-Medium Voltage, ","Logic, ","0, ","Dual, ","0, ","60, ","14.4, ","20, ","2.2, ","42, ","37, ","-, ","20.4, ","4.7, ","10, ","640, ","1, ","11.2, ","313, ","7.7, ","SO-8FL Dual / DFN-8 ","1 ","260 ","0.2639 ",
"NTMFD5C680NLT1G","Active","H Pb   ","N-Channel, ","PowerTrench® T6, ","Power 56 (SO-8FL), ","Low-Medium Voltage, ","Logic, ","0, ","Dual, ","0, ","60, ","28, ","20, ","2.2, ","26, ","19, ","-, ","41, ","2, ","5, ","350, ","0.8, ","7, ","150, ","6, ","SO-8FL Dual / DFN-8 ","1 ","260 ","0.2314 ",
"NTMFD6H840NLT1G","Active","H Pb   ","N-Channel, ","PowerTrench® T8, ","Power 56 (SO-8FL), ","Low-Medium Voltage, ","Logic, ","0, ","Dual, ","0, ","80, ","6.9, ","20, ","2, ","74, ","3.1, ","~NA~, ","8.8, ","15, ","32, ","2002, ","5.3, ","50, ","249, ","11, ","SO-8FL Dual / DFN-8 ","1 ","260 ","0.9568 ",
"NTMFD6H846NLT1G","Active","H Pb   ","N-Channel, ","PowerTrench® T8, ","Power 56 (SO-8FL), ","Low-Medium Voltage, ","Logic, ","0, ","Dual, ","0, ","80, ","15, ","20, ","2, ","31, ","3.2, ","-, ","19, ","8, ","17, ","900, ","3, ","25, ","120, ","7, ","SO-8FL Dual / DFN-8 ","1 ","260 ","0.5497 ",
"NTMFD6H852NLT1G","Active","H Pb   ","N-Channel, ","PowerTrench® T8, ","Power 56 (SO-8FL), ","Low-Medium Voltage, ","Logic, ","0, ","Dual, ","0, ","80, ","25.5, ","20, ","2, ","25, ","3.2, ","~NA~, ","31.5, ","5, ","10, ","521, ","1.7, ","20, ","69, ","4, ","SO-8FL Dual / DFN-8 ","1 ","260 ","0.5192 ",
"NTMFS002N10MCLT1G","Active","H Pb   ","N-Channel, ","PowerTrench® T8, ","Power 56 (SO-8FL), ","Low-Medium Voltage, ","Logic, ","0, ","Single, ","0, ","100, ","2.8, ","20, ","3, ","175, ","189, ","~NA~, ","3.8, ","45, ","97, ","7200, ","~NA~, ","93, ","2400, ","36, ","DFN-5 4.90x5.90x1.00, 1.27P ","1 ","260 ","1.764 ",
"NTMFS002P03P8ZT1G","Active","H Pb   ","P-Channel, ","PowerTrench® T1, ","Power 56 (SO-8FL), ","Low-Medium Voltage, ","Logic, ","0, ","Single, ","0, ","-30, ","1.7, ","±25, ","-3, ","-226, ","138.9, ","-, ","2.8, ","242, ","-, ","14712, ","154, ","-, ","4992, ","4880, ","DFN-5 4.90x5.90x1.00, 1.27P ","1 ","260 ","1.0025 ",
"NTMFS003P03P8ZT1G","Active","H Pb   ","P-Channel, ","PowerTrench® T1, ","Power 56 (SO-8FL), ","Low-Medium Voltage, ","Logic, ","0, ","Single, ","0, ","-30, ","1.8, ","±25, ","-3, ","-234, ","139, ","-, ","2.9, ","167, ","277, ","12120, ","116, ","-, ","4020, ","4100, ","SO-8FL / DFN-5 ","1 ","260 ","0.8666 ",
"NTMFS005N10MCLT1G","Active","H Pb   ","N-Channel, ","PowerTrench® T8, ","Power 56 (SO-8FL), ","Low-Medium Voltage, ","Logic, ","0, ","Single, ","0, ","100, ","5.1, ","±20, ","3, ","105, ","125, ","~NA~, ","7.1, ","26, ","55, ","4100, ","~NA~, ","54, ","1350, ","22, ","SO-8FL / DFN-5 ","1 ","260 ","0.8978 ",
"NTMFS005P03P8ZT1G","Active","H Pb   ","P-Channel, ","PowerTrench® T1, ","Power 56 (SO-8FL), ","Low-Medium Voltage, ","Logic, ","0, ","Single, ","0, ","-30, ","2.7, ","±25, ","3, ","-164, ","104, ","-, ","4.4, ","112, ","183, ","7880, ","76, ","-, ","2630, ","2550, ","SO-8FL / DFN-5 ","1 ","260 ","0.6 ",
"NTMFS006N08MC","Active","H Pb   ","N-Channel, ","PowerTrench® T8, ","Power 56 (SO-8FL), ","Low-Medium Voltage, ","Standard, ","0, ","Single, ","0, ","80, ","6, ","20, ","4, ","32, ","2.5, ","-, ","-, ","-, ","30, ","2300, ","6, ","51.4, ","710, ","31, ","PQFN-8 ","1 ","260 ","0.9042 ",
"NTMFS006N12MCT1G","Active","H Pb   ","N-Channel, ","PowerTrench® T1, ","Power 56 (SO-8FL), ","Low-Medium Voltage, ","Standard, ","0, ","Single, ","0, ","120, ","6, ","20, ","4, ","93, ","2.7, ","-, ","-, ","-, ","42, ","3365, ","6.3, ","161, ","1490, ","5.8, ","SO-8FL / DFN-5 ","1 ","260 ","1.3914 ",
"NTMFS008N12MCT1G","Active","H Pb   ","N-Channel, ","PowerTrench® T1, ","Power 56 (SO-8FL), ","Low-Medium Voltage, ","Standard, ","0, ","Single, ","0, ","120, ","8, ","20, ","4, ","79, ","2.7, ","-, ","-, ","-, ","33, ","2705, ","6, ","165, ","1150, ","4.9, ","SO-8FL / DFN-5 ","1 ","260 ","0.9485 ",
"NTMFS010N10GTWG","Active","H Pb   ","N-Channel, ","PowerTrench® T8, ","Power 56 (SO-8FL), ","Low-Medium Voltage, ","Standard, ","Wide SOA, ","Single, ","0, ","100, ","10.8, ","20, ","4, ","83, ","150, ","~NA~, ","~NA~, ","~NA~, ","58.5, ","3950, ","~NA~, ","147, ","430, ","60, ","PQFN-8 ","1 ","260 ","1.1838 ",
"NTMFS011N15MC","Active","H Pb   ","N-Channel, ","PowerTrench® T8, ","Power 56 (SO-8FL), ","Low-Medium Voltage, ","Standard, ","0, ","Single, ","0, ","150, ","11.5, ","20, ","4.5, ","78, ","2.7, ","-, ","-, ","-, ","30.7, ","2478, ","4.5, ","227, ","728, ","7.9, ","PQFN-8 ","1 ","260 ","6.7454 ",
"NTMFS015N10MCLT1G","Active","H Pb   ","N-Channel, ","PowerTrench® T8, ","Power 56 (SO-8FL), ","Low-Medium Voltage, ","Logic, ","0, ","Single, ","0, ","100, ","12.2, ","20, ","2.2, ","54, ","3, ","-, ","18.3, ","9, ","19, ","1338, ","3, ","76, ","521, ","9, ","SO-8FL / DFN-5 ","1 ","260 ","0.5143 ",
"NTMFS015N15MC","Active","H Pb   ","N-Channel, ","PowerTrench® T8, ","Power 56 (SO-8FL), ","Low-Medium Voltage, ","Standard, ","0, ","Single, ","0, ","150, ","14, ","20, ","4.5, ","61, ","2.5, ","-, ","-, ","-, ","27, ","2120, ","4, ","197, ","595, ","10.5, ","PQFN-8 ","1 ","260 ","1.507 ",
"NTMFS016N06CT1G","Active","H Pb   ","N-Channel, ","PowerTrench® T6, ","Power 56 (SO-8FL), ","Low-Medium Voltage, ","Standard, ","0, ","Single, ","0, ","60, ","15.6, ","20, ","4, ","33, ","36, ","~NA~, ","~NA~, ","~NA~, ","6.9, ","489, ","~NA~, ","15, ","319, ","5.7, ","SO-8FL / DFN-5 ","1 ","260 ","0.1559 ",
"NTMFS020N06CT1G","Active","H Pb   ","N-Channel, ","PowerTrench® T6, ","Power 56 (SO-8FL), ","Low-Medium Voltage, ","Standard, ","0, ","Single, ","0, ","60, ","19.6, ","20, ","4, ","28, ","3.4, ","-, ","-, ","-, ","5.8, ","355, ","0.53, ","12, ","260, ","4.9, ","SO-8FL / DFN-5 ","1 ","260 ","0.2092 ",
"NTMFS022N15MC","Active","H Pb   ","N-Channel, ","PowerTrench® T8, ","Power 56 (SO-8FL), ","Low-Medium Voltage, ","Standard, ","0, ","Single, ","0, ","150, ","22, ","20, ","4.5, ","41.9, ","2.5, ","-, ","-, ","-, ","17, ","1315, ","2.7, ","155, ","380, ","6, ","PQFN-8 ","1 ","260 ","0.9773 ",
"NTMFS034N15MC","Active","H Pb   ","N-Channel, ","PowerTrench® T8, ","Power 56 (SO-8FL), ","Low-Medium Voltage, ","Standard, ","0, ","Single, ","0, ","150, ","31, ","20, ","4.5, ","31, ","2.5, ","-, ","-, ","-, ","12, ","905, ","1.8, ","126, ","270, ","5, ","PQFN-8 ","1 ","260 ","0.8158 ",
"NTMFS08N2D5C","Active","H Pb   ","N-Channel, ","PowerTrench® T8, ","Power 56 (SO-8FL), ","Low-Medium Voltage, ","Standard, ","0, ","Single, ","0, ","80, ","2.7, ","±20, ","4, ","24, ","138, ","-, ","-, ","-, ","38, ","4455, ","12, ","55, ","1480, ","59, ","PQFN-8 ","1 ","260 ","3.4867 ",
"NTMFS0D4N04XMT1G","Active","H Pb   ","N-Channel, ","PowerTrench® T10, ","Power 56 (SO-8FL), ","Low-Medium Voltage, ","Standard, ","0, ","Single, ","0, ","40, ","0.42, ","20, ","3.5, ","509, ","197, ","~NA~, ","~NA~, ","~NA~, ","133, ","8577, ","~NA~, ","316, ","6090, ","120, ","DFN5 5.00x5.90x1.00, 1.27P ","1 ","260 ","1.3826 ",
"NTMFS0D55N03CGT1G","Active","H Pb   ","N-Channel, ","PowerTrench® T6, ","Power 56 (SO-8FL), ","Low-Medium Voltage, ","Standard, ","Wide SOA, ","Single, ","0, ","30, ","0.55, ","±20, ","2.2, ","435, ","3.9, ","N/A, ","N/A, ","N/A, ","195, ","14311, ","16, ","N/A, ","7472, ","253, ","DFN-5 4.90x5.90x1.00, 1.27P ","1 ","260 ","0.9601 ",
"NTMFS0D5N03CT1G","Active","H Pb   ","N-Channel, ","PowerTrench® T6, ","Power 56 (SO-8FL), ","Low-Medium Voltage, ","Logic, ","0, ","Single, ","0, ","30, ","0.5, ","±20, ","2.2, ","462, ","187, ","-, ","0.75, ","-, ","195, ","12800, ","16, ","-, ","7500, ","320, ","DFN-5 4.90x5.90x1.00, 1.27P ","1 ","260 ","0.8296 ",
"NTMFS0D5N04XLT1G","Active","H Pb   ","N-Channel, ","PowerTrench® T10, ","Power 56 (SO-8FL), ","Low-Medium Voltage, ","Logic, ","0, ","Single, ","0, ","40, ","0.49, ","20, ","2.2, ","455, ","194, ","~NA~, ","0.78, ","57, ","127, ","9444, ","9, ","108, ","2468, ","38, ","DFN5 5.00x5.90x1.00, 1.27P ","1 ","260 ","1.6842 ",
"NTMFS0D5N04XMT1G","Active","H Pb   ","N-Channel, ","PowerTrench® T10, ","Power 56 (SO-8FL), ","Low-Medium Voltage, ","Standard, ","0, ","Single, ","0, ","40, ","0.52, ","20, ","3.5, ","414, ","163, ","~NA~, ","~NA~, ","~NA~, ","97.5, ","6267, ","~NA~, ","206, ","4454, ","89.3, ","DFN5 5.00x5.90x1.00, 1.27P ","1 ","260 ","1.1848 ",
"NTMFS0D6N03CT1G","Active","H Pb   ","N-Channel, ","PowerTrench® T6, ","Power 56 (SO-8FL), ","Low-Medium Voltage, ","Logic, ","0, ","Single, ","0, ","30, ","0.6, ","±20, ","2.2, ","442, ","187, ","-, ","0.9, ","-, ","153, ","11000, ","13, ","-, ","5800, ","122, ","DFN-5 4.90x5.90x1.00, 1.27P ","1 ","260 ","0.8293 ",
"NTMFS0D6N04XMT1G","Active","H Pb   ","N-Channel, ","PowerTrench® T10, ","Power 56 (SO-8FL), ","Low-Medium Voltage, ","Standard, ","0, ","Single, ","0, ","40, ","0.57, ","20, ","3.5, ","380, ","150, ","~NA~, ","~NA~, ","~NA~, ","86.4, ","5574, ","~NA~, ","162, ","3887, ","79.5, ","DFN5 5.00x5.90x1.00, 1.27P ","1 ","260 ","1.0746 ",
"NTMFS0D7N03CGT1G","Active","H Pb   ","N-Channel, ","PowerTrench® T6, ","Power 56 (SO-8FL), ","Low-Medium Voltage, ","Standard, ","Wide SOA, ","Single, ","0, ","30, ","65, ","±20, ","2.2, ","409, ","4, ","N/A, ","N/A, ","N/A, ","147, ","12300, ","8.6, ","N/A, ","5800, ","88, ","DFN-5 4.90x5.90x1.00, 1.27P ","1 ","260 ","1.0808 ",
"NTMFS0D7N04XLT1G","Active","H Pb   ","N-Channel, ","PowerTrench® T10, ","Power 56 (SO-8FL), ","Low-Medium Voltage, ","Logic, ","0, ","Single, ","0, ","40, ","0.7, ","20, ","2.2, ","349, ","167, ","~NA~, ","1.1, ","42, ","96, ","7090, ","6, ","87, ","1860, ","40, ","SO-8FL / DFN-5 ","1 ","260 ","0.987 ",
"NTMFS0D7N04XMT1G","Active","H Pb   ","N-Channel, ","PowerTrench® T10, ","Power 56 (SO-8FL), ","Low-Medium Voltage, ","Standard, ","0, ","Single, ","0, ","40, ","0.7, ","20, ","3.5, ","323, ","134, ","~NA~, ","~NA~, ","~NA~, ","71.6, ","4595, ","~NA~, ","144, ","2980, ","41.8, ","SO-8FL / DFN-5 ","1 ","260 ","0.782 ",
"NTMFS0D8N02P1ET1G","Active","H Pb   ","N-Channel, ","PowerTrench® T8, ","Power 56 (SO-8FL), ","Low-Medium Voltage, ","Logic, ","0, ","Single, ","0, ","25, ","0.68, ","+16, -12, ","2, ","380, ","139, ","N/A, ","0.84, ","52, ","116, ","8600, ","21, ","N/A, ","2285, ","129, ","SO-8FL / DFN-5 ","1 ","260 ","1.2954 ",
"NTMFS0D8N03CT1G","Active","H Pb   ","N-Channel, ","PowerTrench® T6, ","Power 56 (SO-8FL), ","Low-Medium Voltage, ","Logic, ","0, ","Single, ","0, ","30, ","0.8, ","±20, ","2.2, ","342, ","150, ","-, ","1.1, ","-, ","-, ","12800, ","17, ","-, ","7500, ","320, ","SO-8FL / DFN-5 ","1 ","260 ","0.5572 ",
"NTMFS0D9N03CGT1G","Active","H Pb   ","N-Channel, ","PowerTrench® T1, ","Power 56 (SO-8FL), ","Low-Medium Voltage, ","Standard, ","Wide SOA, ","Single, ","0, ","30, ","0.9, ","±20, ","2.2, ","298, ","null, ","-, ","-, ","-, ","131.4, ","9550, ","24.2, ","-, ","4306, ","243, ","SO-8FL / DFN-5 ","1 ","260 ","0.7787 ",
"NTMFS0D9N04XLT1G","Active","H Pb   ","N-Channel, ","PowerTrench® T10, ","Power 56 (SO-8FL), ","Low-Medium Voltage, ","Logic, ","0, ","Single, ","0, ","40, ","0.9, ","20, ","2.2, ","278, ","136, ","~NA~, ","1.5, ","31, ","70, ","5160, ","5, ","67, ","1350, ","23, ","SO-8FL / DFN-5 ","1 ","260 ","1.176 ",
"NTMFS0D9N04XMT1G","Active","H Pb   ","N-Channel, ","PowerTrench® T10, ","Power 56 (SO-8FL), ","Low-Medium Voltage, ","Standard, ","0, ","Single, ","0, ","40, ","0.9, ","20, ","3.5, ","273, ","121, ","~NA~, ","~NA~, ","~NA~, ","61, ","3918, ","~NA~, ","107, ","2793, ","57.2, ","SO-8FL / DFN-5 ","1 ","260 ","0.882 ",
"NTMFS10N3D2C","Active","H Pb   ","N-Channel, ","PowerTrench® T8, ","Power 56 (SO-8FL), ","Low-Medium Voltage, ","Standard, ","0, ","Single, ","0, ","100, ","3.2, ","±20, ","4, ","151, ","138, ","-, ","-, ","-, ","60, ","4439, ","-, ","235, ","2663, ","24, ","PQFN-8 ","1 ","260 ","3.8949 ",
"NTMFS10N7D2C","Active","H Pb   ","N-Channel, ","PowerTrench® T8, ","Power 56 (SO-8FL), ","Low-Medium Voltage, ","Standard, ","0, ","Single, ","0, ","100, ","7.2, ","±20, ","4, ","78, ","83, ","-, ","-, ","-, ","26, ","1880, ","5.1, ","116, ","1105, ","13, ","PQFN-8 ","1 ","260 ","1.5088 ",
"NTMFS1D15N03CGT1G","Active","H Pb   ","N-Channel, ","PowerTrench® T1, ","Power 56 (SO-8FL), ","Low-Medium Voltage, ","Standard, ","Wide SOA, ","Single, ","0, ","30, ","-, ","±25, ","2.2, ","245, ","43, ","1.15, ","-, ","-, ","94, ","7300, ","6.9, ","-, ","3600, ","99, ","SO-8FL / DFN-5 ","1 ","260 ","0.6686 ",
"NTMFS1D1N04XMT1G","Active","H Pb   ","N-Channel, ","PowerTrench® T10, ","Power 56 (SO-8FL), ","Low-Medium Voltage, ","Standard, ","0, ","Single, ","0, ","40, ","1.05, ","20, ","3.5, ","233, ","104, ","~NA~, ","~NA~, ","~NA~, ","49.3, ","3138, ","~NA~, ","80, ","2015, ","29.4, ","SO-8FL / DFN-5 ","1 ","260 ","0.7 ",
"NTMFS1D3N04XMT1G","Active","H Pb   ","N-Channel, ","PowerTrench® T10, ","Power 56 (SO-8FL), ","Low-Medium Voltage, ","Standard, ","0, ","Single, ","0, ","40, ","1.3, ","20, ","3.5, ","195, ","90, ","~NA~, ","~NA~, ","~NA~, ","38.6, ","2459, ","~NA~, ","54, ","1578, ","23.3, ","SO-8FL / DFN-5 ","1 ","260 ","0.588 ",
"NTMFS1D7N03CGT1G","Active","H Pb   ","N-Channel, ","PowerTrench® T6, ","Power 56 (SO-8FL), ","Low-Medium Voltage, ","Standard, ","Wide SOA, ","Single, ","0, ","30, ","1.7, ","±20, ","2.2, ","180, ","88, ","-, ","-, ","-, ","57, ","3590, ","8, ","-, ","1940, ","92, ","SO-8FL / DFN-5 ","1 ","260 ","0.3969 ",
"NTMFS1D7N04XMT1G","Active","H Pb   ","N-Channel, ","PowerTrench® T10, ","Power 56 (SO-8FL), ","Low-Medium Voltage, ","Standard, ","~NA~, ","Single, ","~NA~, ","40, ","1.8, ","20, ","3.5, ","151, ","75.8, ","~NA~, ","~NA~, ","~NA~, ","28.7, ","1844, ","~NA~, ","33, ","1321, ","29.7, ","SO-8FL / DFN-5 ","1 ","260 ","0.5276 ",
"NTMFS2D1N08XT1G","Active","H Pb   ","N-Channel, ","PowerTrench® T10, ","Power 56 (SO-8FL), ","Low-Medium Voltage, ","Standard, ","0, ","Single, ","0, ","80, ","1.9, ","20, ","3.6, ","201, ","164, ","~NA~, ","~NA~, ","~NA~, ","63, ","4470, ","~NA~, ","202, ","1290, ","20, ","SO-8FL / DFN-5 ","1 ","260 ","1.0966 ",
"NTMFS2D3N04XMT1G","Active","H Pb   ","N-Channel, ","PowerTrench® T10, ","Power 56 (SO-8FL), ","Low-Medium Voltage, ","Standard, ","0, ","Single, ","0, ","40, ","2.35, ","20, ","3.5, ","111, ","53, ","~NA~, ","~NA~, ","~NA~, ","22.1, ","1421, ","~NA~, ","23.1, ","1015, ","24, ","SO-8FL / DFN-5 ","1 ","260 ","0.426 ",
"NTMFS2D5N08XT1G","Active","H Pb   ","N-Channel, ","PowerTrench® T10, ","Power 56 (SO-8FL), ","Low-Medium Voltage, ","Standard, ","0, ","Single, ","0, ","80, ","2.1, ","20, ","3.6, ","181, ","148, ","~NA~, ","~NA~, ","~NA~, ","53, ","3800, ","~NA~, ","183, ","1100, ","17, ","SO-8FL / DFN-5 ","1 ","260 ","0.956 ",
"NTMFS3D0N08XT1G","Active","H Pb   ","N-Channel, ","PowerTrench® T10, ","Power 56 (SO-8FL), ","Low-Medium Voltage, ","Standard, ","0, ","Single, ","0, ","80, ","2.6, ","20, ","3.6, ","154, ","133, ","~NA~, ","~NA~, ","~NA~, ","45, ","3200, ","~NA~, ","163, ","930, ","14, ","SO-8FL / DFN-5 ","1 ","260 ","0.8614 ",
"NTMFS3D1N04XMT1G","Active","H Pb   ","N-Channel, ","PowerTrench® T10, ","Power 56 (SO-8FL), ","Low-Medium Voltage, ","Standard, ","0, ","Single, ","0, ","40, ","3.1, ","20, ","3.5, ","83, ","39, ","~NA~, ","~NA~, ","~NA~, ","15.6, ","1002, ","~NA~, ","14.5, ","717, ","18.4, ","SO-8FL / DFN-5 ","1 ","260 ","0.368 ",
"NTMFS3D2N10MDT1G","Active","H Pb   ","N-Channel, ","PowerTrench® T1, ","Power 56 (SO-8FL), ","Low-Medium Voltage, ","Standard, ","0, ","Single, ","0, ","100, ","3.5, ","20, ","4, ","142, ","155, ","~NA~, ","~NA~, ","~NA~, ","48, ","3900, ","~NA~, ","74, ","1100, ","24, ","DFN-5 4.90x5.90x1.00, 1.27P ","1 ","260 ","1.4718 ",
"NTMFS3D5N08XT1G","Active","H Pb   ","N-Channel, ","PowerTrench® T10, ","Power 56 (SO-8FL), ","Low-Medium Voltage, ","Standard, ","0, ","Single, ","0, ","80, ","3, ","20, ","3.6, ","135, ","119, ","~NA~, ","~NA~, ","~NA~, ","38, ","2680, ","~NA~, ","144, ","780, ","12, ","SO-8FL / DFN-5 ","1 ","260 ","0.6625 ",
"NTMFS3D6N10MCLT1G","Active","H Pb   ","N-Channel, ","PowerTrench® T8, ","Power 56 (SO-8FL), ","Low-Medium Voltage, ","Logic, ","0, ","Single, ","0, ","100, ","3.6, ","20, ","2.2, ","131, ","3, ","-, ","5.8, ","29, ","60, ","4411, ","7, ","183, ","1808, ","29, ","SO-8FL / DFN-5 ","1 ","260 ","1.1388 ",
"NTMFS4825NFET3G","Consult Sales Office","H Pb   ","N-Channel, ","PowerTrench® T1, ","NA, ","Low-Medium Voltage, ","Logic, ","0, ","Single, ","0, ","30, ","2, ","20, ","2.5, ","171, ","96.2, ","-, ","3, ","40.2, ","83.6, ","5660, ","13.4, ","34, ","1150, ","495, ","SO-8FL / DFN-5 ","3 ","260 ","0.0 ",
"NTMFS4833NST3G","Consult Sales Office","H Pb   ","N-Channel, ","PowerTrench® T1, ","Power 56 (SO-8FL), ","Low-Medium Voltage, ","Logic, ","0, ","Single, ","0, ","30, ","2.2, ","20, ","2.5, ","156, ","86.2, ","-, ","3.4, ","36, ","-, ","5250, ","13, ","32, ","1080, ","500, ","SO-8FL / DFN-8  ","1 ","260 ","0.0 ",
"NTMFS4833NST1G","Consult Sales Office","H Pb   ","N-Channel, ","PowerTrench® T1, ","Power 56 (SO-8FL), ","Low-Medium Voltage, ","Logic, ","0, ","Single, ","0, ","30, ","2.2, ","20, ","2.5, ","156, ","86.2, ","-, ","3.4, ","36, ","-, ","5250, ","13, ","32, ","1080, ","500, ","SO-8FL / DFN-8  ","1 ","260 ","0.0 ",
"NTMFS4854NST3G","Consult Sales Office","H Pb   ","N-Channel, ","PowerTrench® T1, ","Power 56 (SO-8FL), ","Low-Medium Voltage, ","Logic, ","0, ","Single, ","0, ","25, ","2.5, ","16, ","2.5, ","149, ","86.2, ","-, ","3.9, ","36, ","-, ","4830, ","15, ","33, ","1130, ","550, ","SO-8FL / DFN-8  ","1 ","260 ","0.0 ",
"NTMFS4922NET3G","Consult Sales Office","H Pb   ","N-Channel, ","PowerTrench® T1, ","Power 56 (SO-8FL), ","Low-Medium Voltage, ","Logic, ","0, ","Single, ","0, ","30, ","2, ","20, ","2, ","147, ","69.4, ","-, ","3, ","34, ","76.5, ","5505, ","8.1, ","70, ","2355, ","90, ","SO-8FL / DFN-5 ","3 ","260 ","0.0 ",
"NTMFS4923NET3G","Consult Sales Office","H Pb   ","N-Channel, ","PowerTrench® T1, ","Power 56 (SO-8FL), ","Low-Medium Voltage, ","Logic, ","0, ","Single, ","0, ","30, ","3.3, ","20, ","2, ","91, ","48, ","-, ","4.8, ","22, ","49.4, ","3579, ","3, ","-, ","1264, ","39, ","SO-8FL / DFN-5 ","3 ","260 ","0.0 ",
"NTMFS4925NET3G","Consult Sales Office","H Pb   ","N-Channel, ","PowerTrench® T1, ","Power 56 (SO-8FL), ","Low-Medium Voltage, ","Logic, ","0, ","Single, ","0, ","30, ","6, ","20, ","2.2, ","48, ","23.2, ","-, ","10, ","10.8, ","21.5, ","1264, ","4.2, ","13.6, ","483, ","143, ","SO-8FL / DFN-5 ","3 ","260 ","0.0 ",
"NTMFS4926NET3G","Consult Sales Office","H Pb   ","N-Channel, ","PowerTrench® T1, ","NA, ","Low-Medium Voltage, ","Logic, ","0, ","Single, ","0, ","30, ","7, ","20, ","2.2, ","44, ","21.6, ","-, ","12, ","8.7, ","-, ","1004, ","3.5, ","8, ","390, ","119, ","SO-8FL / DFN-5 ","3 ","260 ","0.0 ",
"NTMFS4C020NT1G","Active","H Pb   ","N-Channel, ","PowerTrench® T6, ","Power 56 (SO-8FL), ","Low-Medium Voltage, ","Logic, ","0, ","Single, ","0, ","30, ","0.7, ","20, ","2.2, ","303, ","1.54, ","-, ","1, ","-, ","139, ","10144, ","13, ","147, ","5073, ","148, ","SO-8FL / DFN-5 ","1 ","260 ","0.457 ",
"NTMFS4C022NT1G","Active","H Pb   ","N-Channel, ","PowerTrench® T6, ","Power 56 (SO-8FL), ","Low-Medium Voltage, ","Logic, ","0, ","Single, ","0, ","30, ","1.7, ","20, ","2.2, ","136, ","64, ","-, ","2.4, ","-, ","45.2, ","3071, ","4.7, ","39, ","1673, ","67, ","SO-8FL / DFN-5 ","1 ","260 ","0.2238 ",
"NTMFS4C024NT1G","Active","H Pb   ","N-Channel, ","PowerTrench® T6, ","Power 56 (SO-8FL), ","Low-Medium Voltage, ","Logic, ","0, ","Single, ","0, ","30, ","2.8, ","20, ","2.2, ","78, ","112, ","-, ","4, ","-, ","30, ","1972, ","5, ","30.2, ","1215, ","59, ","SO-8FL / DFN-5 ","1 ","260 ","0.1256 ",
"NTMFS4C025NT1G","Active","H Pb   ","N-Channel, ","PowerTrench® T6, ","Power 56 (SO-8FL), ","Low-Medium Voltage, ","Logic, ","0, ","Single, ","0, ","30, ","3.41, ","20, ","2.1, ","69, ","25.5, ","-, ","4.88, ","-, ","26, ","1683, ","4, ","22, ","841, ","40, ","SO-8FL / DFN-5 ","1 ","260 ","0.13 ",
"NTMFS4C028NT1G","Active","H Pb   ","N-Channel, ","PowerTrench® T6, ","Power 56 (SO-8FL), ","Low-Medium Voltage, ","Logic, ","0, ","Single, ","0, ","30, ","4.73, ","20, ","2.1, ","52, ","92, ","-, ","7, ","-, ","22.2, ","1252, ","5.4, ","15, ","610, ","126, ","SO-8FL / DFN-5 ","1 ","260 ","0.1459 ",
"NTMFS4C029NT1G","Active","H Pb   ","N-Channel, ","PowerTrench® T6, ","Power 56 (SO-8FL), ","Low-Medium Voltage, ","Logic, ","0, ","Single, ","0, ","30, ","5.88, ","20, ","2.2, ","46, ","0.69, ","-, ","9, ","15, ","18.9, ","987, ","3.7, ","13.7, ","574, ","162, ","SO-8FL / DFN-5 ","1 ","260 ","0.1034 ",
"NTMFS4C03NT1G","Active","H Pb   ","N-Channel, ","PowerTrench® T6, ","Power 56 (SO-8FL), ","Low-Medium Voltage, ","Logic, ","0, ","Single, ","0, ","30, ","2.1, ","20, ","2.2, ","136, ","64, ","-, ","2.8, ","-, ","19.8, ","3071, ","4.7, ","39, ","1673, ","67, ","SO-8FL / DFN-5 ","1 ","260 ","0.197 ",
"NTMFS4C05NT1G","Active","H Pb   ","N-Channel, ","PowerTrench® T6, ","Power 56 (SO-8FL), ","Low-Medium Voltage, ","Logic, ","0, ","Single, ","0, ","30, ","3.4, ","20, ","2.1, ","78, ","33, ","-, ","5, ","-, ","13, ","1972, ","5, ","30.2, ","1215, ","59, ","SO-8FL / DFN-5 ","1 ","260 ","0.1473 ",
"NTMFS4C06NT1G","Active","H Pb   ","N-Channel, ","PowerTrench® T1, ","Power 56 (SO-8FL), ","Low-Medium Voltage, ","Logic, ","0, ","Single, ","0, ","30, ","4, ","20, ","2.1, ","69, ","30.5, ","-, ","6, ","-, ","11.6, ","1683, ","4, ","22, ","841, ","40, ","SO-8FL / DFN-5 ","1 ","260 ","0.1858 ",
"NTMFS4C06NCT1G","Active","H Pb   ","N-Channel, ","PowerTrench® T6, ","Power 56 (SO-8FL), ","Low-Medium Voltage, ","Logic, ","0, ","Single, ","0, ","30, ","4, ","20, ","2.1, ","69, ","30.5, ","~NA~, ","6, ","~NA~, ","11.6, ","1683, ","4, ","22, ","841, ","40, ","SO-8FL / DFN-5 ","1 ","260 ","0.1341 ",
"NTMFS4C08NT1G","Active","H Pb   ","N-Channel, ","PowerTrench® T6, ","Power 56 (SO-8FL), ","Low-Medium Voltage, ","Logic, ","0, ","Single, ","0, ","30, ","5.8, ","20, ","2.1, ","52, ","25.5, ","-, ","8.5, ","-, ","8.4, ","1113, ","3.3, ","15.3, ","702, ","39, ","SO-8FL / DFN-5 ","1 ","260 ","0.1124 ",
"NTMFS4C09NT1G","Active","H Pb   ","N-Channel, ","PowerTrench® T6, ","Power 56 (SO-8FL), ","Low-Medium Voltage, ","Logic, ","0, ","Single, ","0, ","30, ","5.8, ","20, ","2.1, ","52, ","25.5, ","-, ","8.5, ","-, ","10.9, ","1252, ","5.4, ","1.5
15, ","610, ","126, ","SO-8FL / DFN-5 ","1 ","260 ","0.1124 ",
"NTMFS4C10NT1G","Active","H Pb   ","N-Channel, ","PowerTrench® T1, ","Power 56 (SO-8FL), ","Low-Medium Voltage, ","Logic, ","0, ","Single, ","0, ","30, ","6.95, ","20, ","2.1, ","46, ","23.6, ","-, ","10.8, ","63, ","9.3, ","987, ","3.7, ","13.7, ","574, ","162, ","SO-8FL / DFN-5 ","1 ","260 ","0.1034 ",
"NTMFS4C13NT1G","Active","H Pb   ","N-Channel, ","PowerTrench® T6, ","Power 56 (SO-8FL), ","Low-Medium Voltage, ","Logic, ","0, ","Single, ","0, ","30, ","9.1, ","20, ","2.1, ","38, ","21.6, ","-, ","13.8, ","20.8, ","6.6, ","770, ","3.7, ","9.7, ","443, ","127, ","SO-8FL / DFN-5 ","1 ","260 ","0.1962 ",
"NTMFS4C302NT3G","Active","H Pb   ","N-Channel, ","PowerTrench® T1, ","Power 56 (SO-8FL), ","Low-Medium Voltage, ","Logic, ","0, ","Single, ","0, ","30, ","1.15, ","20, ","2.2, ","230, ","96, ","-, ","1.7, ","37, ","82, ","5780, ","7, ","69, ","2320, ","70, ","SO-8FL / DFN-5 ","1 ","260 ","0.3995 ",
"NTMFS4C302NT1G","Active","H Pb   ","N-Channel, ","PowerTrench® T6, ","Power 56 (SO-8FL), ","Low-Medium Voltage, ","Logic, ","0, ","Single, ","0, ","30, ","1.15, ","20, ","2.2, ","230, ","96, ","-, ","1.7, ","37, ","82, ","5780, ","7, ","69, ","2320, ","70, ","SO-8FL / DFN-5 ","1 ","260 ","0.2659 ",
"NTMFS4C908NAT3G","Active","H Pb   ","N-Channel, ","PowerTrench® T6, ","Power 56 (SO-8FL), ","Low-Medium Voltage, ","Logic, ","0, ","Single, ","0, ","30, ","4.8, ","20, ","2.1, ","52, ","25.5, ","~NA~, ","7.47, ","8.4, ","18.2, ","1113, ","3.3, ","15.3, ","702, ","39, ","SO-8FL / DFN-5 ","1 ","260 ","0.1744 ",
"NTMFS4C922NAT3G","Active","H Pb   ","N-Channel, ","PowerTrench® T6, ","Power 56 (SO-8FL), ","Low-Medium Voltage, ","Logic, ","0, ","Single, ","0, ","30, ","1.7, ","20, ","2.2, ","136, ","64, ","~NA~, ","2.6, ","20.8, ","45.2, ","3071, ","4.7, ","39, ","1673, ","67, ","SO-8FL / DFN-5 ","1 ","260 ","0.3492 ",
"NTMFS4D0N04XMT1G","Active","H Pb   ","N-Channel, ","PowerTrench® T10, ","Power 56 (SO-8FL), ","Low-Medium Voltage, ","Standard, ","~NA~, ","Single, ","~NA~, ","40, ","4, ","20, ","3, ","77, ","44, ","~NA~, ","~NA~, ","~NA~, ","12, ","774, ","~NA~, ","20, ","498, ","10, ","SO-8FL / DFN-5 ","1 ","260 ","0.32 ",
"NTMFS4D0N08XT1G","Active","H Pb   ","N-Channel, ","PowerTrench® T10, ","Power 56 (SO-8FL), ","Low-Medium Voltage, ","Standard, ","0, ","Single, ","0, ","80, ","3.5, ","20, ","3.6, ","119, ","107, ","~NA~, ","~NA~, ","~NA~, ","33, ","2400, ","~NA~, ","130, ","700, ","11, ","SO-8FL / DFN-5 ","1 ","260 ","0.56 ",
"NTMFS4D2N10MDT1G","Active","H Pb   ","N-Channel, ","PowerTrench® T1, ","Power 56 (SO-8FL), ","Low-Medium Voltage, ","Standard, ","0, ","Single, ","0, ","100, ","4.44, ","20, ","4, ","113, ","2.8, ","-, ","-, ","-, ","41, ","3100, ","6.1, ","66.1, ","800, ","23, ","SO-8FL / DFN-5 ","1 ","260 ","1.0234 ",
"NTMFS4D5N08XT1G","Active","H Pb   ","N-Channel, ","PowerTrench® T10, ","Power 56 (SO-8FL), ","Low-Medium Voltage, ","Standard, ","~NA~, ","Single, ","~NA~, ","80, ","4.5, ","20, ","3.6, ","94, ","82, ","~NA~, ","~NA~, ","~NA~, ","24, ","1714, ","3.8, ","101, ","493, ","7.5, ","SO-8FL / DFN-5 ","1 ","260 ","0.47 ",
"NTMFS4D7N04XMT1G","Active","H Pb   ","N-Channel, ","PowerTrench® T10, ","Power 56 (SO-8FL), ","Low-Medium Voltage, ","Standard, ","0, ","Single, ","0, ","40, ","4.7, ","20, ","3.5, ","66, ","38, ","-, ","-, ","-, ","10.4, ","668, ","-, ","11.6, ","479, ","13.6, ","SO-8FL / DFN-5 ","1 ","260 ","0.21 ",
"NTMFS5113PLT1G","Active","H Pb   ","P-Channel, ","PowerTrench® T1, ","Power 56 (SO-8FL), ","Low-Medium Voltage, ","Logic, ","0, ","Single, ","0, ","-60, ","14, ","20, ","2.5, ","-64, ","3.8, ","-, ","22, ","45, ","83, ","4400, ","27, ","50, ","505, ","319, ","SO-8FL / DFN-5 ","1 ","260 ","0.896 ",
"NTMFS5C404NT1G","Active","H Pb   ","N-Channel, ","PowerTrench® T6, ","Power 56 (SO-8FL), ","Low-Medium Voltage, ","Standard, ","0, ","Single, ","0, ","40, ","0.7, ","±20, ","4, ","378, ","200, ","-, ","-, ","66, ","128, ","8400, ","-, ","189, ","4600, ","120, ","DFN-5 4.90x5.90x1.00, 1.27P ","1 ","260 ","3.864 ",
"NTMFS5C404NLT1G","Active","H Pb   ","N-Channel, ","PowerTrench® T6, ","Power 56 (SO-8FL), ","Low-Medium Voltage, ","Logic, ","0, ","Single, ","0, ","40, ","0.67, ","±20, ","2, ","352, ","167, ","-, ","1, ","-, ","181, ","12168, ","23.8, ","190, ","4600, ","110, ","DFN-5 4.90x5.90x1.00, 1.27P ","1 ","260 ","1.3809 ",
"NTMFS5C406NT1G","Active","H Pb   ","N-Channel, ","PowerTrench® T6, ","Power 56 (SO-8FL), ","Low-Medium Voltage, ","Standard, ","0, ","Single, ","0, ","40, ","0.8, ","20, ","4, ","353, ","179, ","~NA~, ","~NA~, ","~NA~, ","110, ","7288, ","20, ","120, ","4530, ","150, ","DFN-5 4.90x5.90x1.00, 1.27P ","1 ","260 ","0.7193 ",
"NTMFS5C406NLT1G","Active","H Pb   ","N-Channel, ","PowerTrench® T6, ","Power 56 (SO-8FL), ","Low-Medium Voltage, ","Logic, ","0, ","Single, ","0, ","40, ","0.7, ","20, ","2, ","362, ","3.9, ","-, ","1.1, ","-, ","149, ","9400, ","22, ","174, ","4600, ","140, ","DFN-5 4.90x5.90x1.00, 1.27P ","1 ","260 ","0.7373 ",
"NTMFS5C410NT1G","Active","H Pb   ","N-Channel, ","PowerTrench® T6, ","Power 56 (SO-8FL), ","Low-Medium Voltage, ","Standard, ","0, ","Single, ","0, ","40, ","0.92, ","±20, ","3.5, ","300, ","166, ","-, ","-, ","-, ","86, ","6100, ","14, ","159, ","3400, ","70, ","SO-8FL / DFN-5 ","1 ","260 ","0.6738 ",
"NTMFS5C410NT3G","Active","H Pb   ","N-Channel, ","PowerTrench® T6, ","Power 56 (SO-8FL), ","Low-Medium Voltage, ","Standard, ","0, ","Single, ","0, ","40, ","0.92, ","±20, ","3.5, ","300, ","166, ","-, ","-, ","-, ","86, ","6100, ","14, ","159, ","3400, ","70, ","SO-8FL / DFN-5 ","1 ","260 ","0.5944 ",
"NTMFS5C410NLT1G","Active","H Pb   ","N-Channel, ","PowerTrench® T6, ","Power 56 (SO-8FL), ","Low-Medium Voltage, ","Logic, ","0, ","Single, ","0, ","40, ","0.82, ","±20, ","2, ","302, ","167, ","-, ","1.2, ","-, ","143, ","8862, ","22, ","126, ","3500, ","81, ","SO-8FL / DFN-5 ","1 ","260 ","1.0544 ",
"NTMFS5C423NLT1G","Active","H Pb   ","N-Channel, ","PowerTrench® T6, ","Power 56 (SO-8FL), ","Low-Medium Voltage, ","Logic, ","0, ","Single, ","0, ","40, ","2, ","±20, ","2, ","150, ","83, ","-, ","3, ","32, ","50, ","3100, ","9.6, ","30, ","1300, ","60, ","SO-8FL / DFN-5 ","1 ","260 ","0.2939 ",
"NTMFS5C423NLT3G","Active","H Pb   ","N-Channel, ","PowerTrench® T6, ","Power 56 (SO-8FL), ","Low-Medium Voltage, ","Logic, ","0, ","Single, ","0, ","40, ","2, ","±20, ","2, ","150, ","83, ","-, ","3, ","32, ","50, ","3100, ","9.6, ","30, ","1300, ","60, ","SO-8FL / DFN-5 ","1 ","260 ","0.4589 ",
"NTMFS5C426NT1G","Active","H Pb   ","N-Channel, ","PowerTrench® T6, ","Power 56 (SO-8FL), ","Low-Medium Voltage, ","Standard, ","0, ","Single, ","0, ","40, ","1.3, ","±20, ","3.5, ","235, ","128, ","-, ","-, ","-, ","65, ","4300, ","12, ","92, ","2100, ","59, ","SO-8FL / DFN-5 ","1 ","260 ","0.4896 ",
"NTMFS5C426NLT1G","Active","H Pb   ","N-Channel, ","PowerTrench® T6, ","Power 56 (SO-8FL), ","Low-Medium Voltage, ","Logic, ","0, ","Single, ","0, ","40, ","1.2, ","20, ","2, ","237, ","3.8, ","-, ","1.8, ","44, ","93, ","5600, ","13.6, ","43, ","2600, ","70, ","SO-8FL / DFN-5 ","1 ","260 ","0.4392 ",
"NTMFS5C430NT1G","Active","H Pb   ","N-Channel, ","PowerTrench® T6, ","Power 56 (SO-8FL), ","Low-Medium Voltage, ","Standard, ","0, ","Single, ","0, ","40, ","1.7, ","±20, ","3.5, ","185, ","106, ","-, ","-, ","23, ","47, ","3300, ","7, ","68, ","1600, ","45, ","SO-8FL / DFN-5 ","1 ","260 ","0.3892 ",
"NTMFS5C430NLT1G","Active","H Pb   ","N-Channel, ","PowerTrench® T6, ","Power 56 (SO-8FL), ","Low-Medium Voltage, ","Logic, ","0, ","Single, ","0, ","40, ","1.4, ","20, ","2, ","200, ","110, ","-, ","2.2, ","23, ","70, ","4300, ","9, ","80, ","1900, ","72, ","SO-8FL / DFN-5 ","1 ","260 ","0.3442 ",
"NTMFS5C442NT3G","Active","H Pb   ","N-Channel, ","PowerTrench® T6, ","Power 56 (SO-8FL), ","Low-Medium Voltage, ","Standard, ","0, ","Single, ","0, ","40, ","2.3, ","±20, ","4, ","140, ","83, ","-, ","-, ","-, ","32, ","2100, ","4.7, ","40, ","1100, ","40, ","SO-8FL / DFN-5 ","1 ","260 ","0.2939 ",
"NTMFS5C442NT1G","Active","H Pb   ","N-Channel, ","PowerTrench® T6, ","Power 56 (SO-8FL), ","Low-Medium Voltage, ","Standard, ","0, ","Single, ","0, ","40, ","2.3, ","±20, ","4, ","140, ","83, ","-, ","-, ","-, ","32, ","2100, ","4.7, ","40, ","1100, ","40, ","SO-8FL / DFN-5 ","1 ","260 ","0.3062 ",
"NTMFS5C442NLT1G","Active","H Pb   ","N-Channel, ","PowerTrench® T6, ","Power 56 (SO-8FL), ","Low-Medium Voltage, ","Logic, ","0, ","Single, ","0, ","40, ","2.5, ","±20, ","2, ","130, ","69, ","-, ","3.7, ","-, ","50, ","3100, ","6.7, ","40, ","1200, ","28, ","SO-8FL / DFN-5 ","1 ","260 ","0.4613 ",
"NTMFS5C442NLT3G","Active","H Pb   ","N-Channel, ","PowerTrench® T6, ","Power 56 (SO-8FL), ","Low-Medium Voltage, ","Logic, ","0, ","Single, ","0, ","40, ","2.5, ","±20, ","2, ","130, ","69, ","-, ","3.7, ","-, ","50, ","3100, ","6.7, ","40, ","1200, ","28, ","SO-8FL / DFN-5 ","1 ","260 ","0.4613 ",
"NTMFS5C450NLT1G","Active","H Pb   ","N-Channel, ","PowerTrench® T6, ","Power 56 (SO-8FL), ","Low-Medium Voltage, ","Logic, ","0, ","Single, ","0, ","40, ","2.8, ","20, ","2, ","110, ","68, ","-, ","4.4, ","8.2, ","35, ","2100, ","5, ","30, ","1000, ","42, ","SO-8FL / DFN-5 ","1 ","260 ","0.3748 ",
"NTMFS5C456NLT1G","Active","H Pb   ","N-Channel, ","PowerTrench® T6, ","Power 56 (SO-8FL), ","Low-Medium Voltage, ","Logic, ","0, ","Single, ","0, ","40, ","3.7, ","±20, ","2, ","87, ","55, ","-, ","6, ","4.4, ","18, ","1600, ","2.1, ","200, ","590, ","21, ","SO-8FL / DFN-5 ","1 ","260 ","0.1894 ",
"NTMFS5C460NLT3G","Active","H Pb   ","N-Channel, ","PowerTrench® T6, ","Power 56 (SO-8FL), ","Low-Medium Voltage, ","Logic, ","0, ","Single, ","0, ","40, ","4.5, ","±20, ","2, ","78, ","50, ","-, ","7.2, ","52, ","23, ","1300, ","3, ","100, ","530, ","22, ","SO-8FL / DFN-5 ","1 ","260 ","0.1818 ",
"NTMFS5C468NLT1G","Active","H Pb   ","N-Channel, ","PowerTrench® T6, ","Power 56 (SO-8FL), ","Low-Medium Voltage, ","Logic, ","0, ","Single, ","0, ","40, ","10.3, ","±20, ","2, ","37, ","28, ","-, ","17.6, ","-, ","7.3, ","570, ","1.3, ","6, ","250, ","11, ","SO-8FL / DFN-5 ","1 ","260 ","0.1218 ",
"NTMFS5C604NT1G","Active","H Pb   ","N-Channel, ","PowerTrench® T6, ","Power 56 (SO-8FL), ","Low-Medium Voltage, ","Standard, ","0, ","Single, ","0, ","60, ","1.2, ","20, ","4, ","280, ","3.9, ","-, ","-, ","-, ","80, ","6400, ","14, ","218, ","4260, ","24, ","DFN-5 4.90x5.90x1.00, 1.27P ","1 ","260 ","1.0689 ",
"NTMFS5C604NLT1G","Active","H Pb   ","N-Channel, ","PowerTrench® T6, ","Power 56 (SO-8FL), ","Low-Medium Voltage, ","Logic, ","0, ","Single, ","0, ","60, ","1.2, ","±20, ","2, ","276, ","200, ","-, ","1.7, ","41, ","120, ","8900, ","12.7, ","190, ","4000, ","110, ","DFN-5 4.90x5.90x1.00, 1.27P ","1 ","260 ","1.0264 ",
"NTMFS5C604NLT3G","Active","H Pb   ","N-Channel, ","PowerTrench® T6, ","Power 56 (SO-8FL), ","Low-Medium Voltage, ","Logic, ","0, ","Single, ","0, ","60, ","1.2, ","±20, ","2, ","276, ","200, ","-, ","1.7, ","41, ","120, ","8900, ","12.7, ","190, ","4000, ","110, ","DFN-5 4.90x5.90x1.00, 1.27P ","1 ","260 ","1.0264 ",
"NTMFS5C612NT1G","Active","H Pb   ","N-Channel, ","PowerTrench® T6, ","Power 56 (SO-8FL), ","Low-Medium Voltage, ","Standard, ","0, ","Single, ","0, ","60, ","1.6, ","20, ","4, ","230, ","3.8, ","~NA~, ","~NA~, ","~NA~, ","60.2, ","4830, ","6.3, ","139, ","3180, ","22, ","SO-8FL / DFN-5 ","1 ","260 ","0.8526 ",
"NTMFS5C612NLT1G","Active","H Pb   ","N-Channel, ","PowerTrench® T6, ","Power 56 (SO-8FL), ","Low-Medium Voltage, ","Logic, ","0, ","Single, ","0, ","60, ","1.5, ","±20, ","2, ","226, ","167, ","-, ","2.3, ","22, ","91, ","6660, ","10.9, ","105, ","3000, ","81, ","SO-8FL / DFN-5 ","1 ","260 ","0.5333 ",
"NTMFS5C628NT1G","Active","H Pb   ","N-Channel, ","PowerTrench® T6, ","Power 56 (SO-8FL), ","Low-Medium Voltage, ","Standard, ","0, ","Single, ","0, ","60, ","3, ","4, ","4, ","150, ","3.7, ","-, ","-, ","-, ","34, ","2630, ","3.8, ","75, ","1680, ","13, ","SO-8FL / DFN-5 ","1 ","260 ","0.3987 ",
"NTMFS5C628NLT3G","Active","H Pb   ","N-Channel, ","PowerTrench® T6, ","Power 56 (SO-8FL), ","Low-Medium Voltage, ","Logic, ","0, ","Single, ","0, ","60, ","2.4, ","±20, ","2, ","150, ","110, ","-, ","3.3, ","-, ","52, ","3600, ","6, ","60, ","1500, ","33, ","SO-8FL / DFN-5 ","1 ","260 ","0.5989 ",
"NTMFS5C628NLT1G","Active","H Pb   ","N-Channel, ","PowerTrench® T6, ","Power 56 (SO-8FL), ","Low-Medium Voltage, ","Logic, ","0, ","Single, ","0, ","60, ","2.4, ","±20, ","2, ","150, ","110, ","-, ","3.3, ","-, ","52, ","3600, ","6, ","60, ","1500, ","33, ","SO-8FL / DFN-5 ","1 ","260 ","0.4526 ",
"NTMFS5C645NLT1G","Active","H Pb   ","N-Channel, ","PowerTrench® T1, ","Power 56 (SO-8FL), ","Low-Medium Voltage, ","Logic, ","0, ","Single, ","0, ","60, ","4, ","±20, ","2, ","100, ","79, ","-, ","5.7, ","15.7, ","34, ","2200, ","5.1, ","32, ","900, ","17, ","SO-8FL / DFN-5 ","1 ","260 ","0.4666 ",
"NTMFS5C646NLT1G","Active","H Pb   ","N-Channel, ","PowerTrench® T1, ","Power 56 (SO-8FL), ","Low-Medium Voltage, ","Logic, ","0, ","Single, ","0, ","60, ","4.7, ","±20, ","2, ","89, ","79, ","-, ","6.3, ","4.5, ","33.7, ","2164, ","5.1, ","32, ","950, ","25, ","SO-8FL / DFN-5 ","1 ","260 ","0.9928 ",
"NTMFS5C670NLT1G","Active","H Pb   ","N-Channel, ","PowerTrench® T6, ","Power 56 (SO-8FL), ","Low-Medium Voltage, ","Logic, ","0, ","Single, ","0, ","60, ","6.1, ","±20, ","2, ","71, ","61, ","-, ","8.8, ","-, ","20, ","1400, ","2, ","19, ","640, ","15, ","SO-8FL / DFN-5 ","1 ","260 ","0.1973 ",
"NTMFS5C670NLT3G","Active","H Pb   ","N-Channel, ","PowerTrench® T6, ","Power 56 (SO-8FL), ","Low-Medium Voltage, ","Logic, ","0, ","Single, ","0, ","60, ","6.1, ","±20, ","2, ","71, ","61, ","-, ","8.8, ","-, ","20, ","1400, ","2, ","19, ","640, ","15, ","SO-8FL / DFN-5 ","1 ","260 ","0.1932 ",
"NTMFS5C670NT1G","Active","H Pb   ","N-Channel, ","PowerTrench® T6, ","Power 56 (SO-8FL), ","Low-Medium Voltage, ","Standard, ","0, ","Single, ","0, ","60, ","7, ","20, ","4, ","71, ","3.6, ","-, ","-, ","-, ","14.4, ","1035, ","1.5, ","31, ","680, ","8.5, ","SO-8FL / DFN-5 ","1 ","260 ","0.1923 ",
"NTMFS5C673NLT1G","Active","H Pb   ","N-Channel, ","PowerTrench® T6, ","Power 56 (SO-8FL), ","Low-Medium Voltage, ","Logic, ","0, ","Single, ","0, ","60, ","9.2, ","±20, ","2, ","50, ","46, ","-, ","13, ","50, ","9.5, ","880, ","0.8, ","18, ","450, ","11, ","SO-8FL / DFN-5 ","1 ","260 ","0.1659 ",
"NTMFS5C673NT1G","Active","H Pb   ","N-Channel, ","PowerTrench® T6, ","Power 56 (SO-8FL), ","Low-Medium Voltage, ","Standard, ","0, ","Single, ","0, ","60, ","10.7, ","20, ","4, ","50, ","3.6, ","-, ","-, ","-, ","9.6, ","680, ","0.9, ","22, ","465, ","6, ","SO-8FL / DFN-5 ","1 ","260 ","0.158 ",
"NTMFS5C677NLT1G","Active","H Pb   ","N-Channel, ","PowerTrench® T6, ","Power 56 (SO-8FL), ","Low-Medium Voltage, ","Logic, ","0, ","Single, ","0, ","60, ","15, ","20, ","2, ","36, ","3.5, ","-, ","21.5, ","4.5, ","9.7, ","620, ","1, ","11.6, ","340, ","7, ","SO-8FL / DFN-5 ","1 ","260 ","0.1372 ",
"NTMFS5H400NLT1G","Active","H Pb   ","N-Channel, ","PowerTrench® T1, ","Power 56 (SO-8FL), ","Low-Medium Voltage, ","Logic, ","0, ","Single, ","0, ","40, ","0.8, ","±20, ","2, ","330, ","160, ","-, ","1.1, ","40, ","120, ","7700, ","19, ","100, ","1800, ","75, ","DFN-5 4.90x5.90x1.00, 1.27P ","1 ","260 ","1.3094 ",
"NTMFS5H400NLT3G","Active","H Pb   ","N-Channel, ","PowerTrench® T1, ","Power 56 (SO-8FL), ","Low-Medium Voltage, ","Logic, ","0, ","Single, ","0, ","40, ","0.8, ","±20, ","2, ","330, ","160, ","-, ","1.1, ","40, ","120, ","7700, ","19, ","100, ","1800, ","75, ","DFN-5 4.90x5.90x1.00, 1.27P ","1 ","260 ","1.3094 ",
"NTMFS5H409NLT1G","Active","H Pb   ","N-Channel, ","PowerTrench® T1, ","Power 56 (SO-8FL), ","Low-Medium Voltage, ","Logic, ","0, ","Single, ","0, ","40, ","1.1, ","±20, ","2, ","270, ","140, ","-, ","1.6, ","-, ","89, ","5700, ","16, ","80, ","1400, ","79, ","SO-8FL / DFN-5 ","1 ","260 ","0.9971 ",
"NTMFS5H409NLT3G","Active","H Pb   ","N-Channel, ","PowerTrench® T1, ","Power 56 (SO-8FL), ","Low-Medium Voltage, ","Logic, ","0, ","Single, ","0, ","40, ","1.1, ","±20, ","2, ","270, ","140, ","-, ","1.6, ","-, ","89, ","5700, ","16, ","80, ","1400, ","79, ","SO-8FL / DFN-5 ","1 ","260 ","0.9966 ",
"NTMFS5H419NLT1G","Active","H Pb   ","N-Channel, ","PowerTrench® T1, ","Power 56 (SO-8FL), ","Low-Medium Voltage, ","Logic, ","0, ","Single, ","0, ","40, ","2.1, ","20, ","2, ","150, ","3.1, ","-, ","3, ","19, ","41, ","2700, ","6.2, ","TBD, ","650, ","37, ","SO-8FL / DFN-5 ","1 ","260 ","0.5932 ",
"NTMFS5H431NLT1G","Active","H Pb   ","N-Channel, ","PowerTrench® T1, ","Power 56 (SO-8FL), ","Low-Medium Voltage, ","Logic, ","0, ","Single, ","0, ","40, ","3.3, ","20, ","2, ","110, ","3, ","-, ","4.7, ","14, ","27, ","1800, ","4.5, ","TBD, ","440, ","25, ","SO-8FL / DFN-5 ","1 ","260 ","0.3946 ",
"NTMFS5H600NLT1G","Active","H Pb   ","N-Channel, ","PowerTrench® T6, ","Power 56 (SO-8FL), ","Low-Medium Voltage, ","Logic, ","0, ","Single, ","0, ","60, ","1.3, ","±20, ","2, ","250, ","160, ","-, ","1.7, ","-, ","89, ","6680, ","6.5, ","60, ","1230, ","30, ","DFN-5 4.90x5.90x1.00, 1.27P ","1 ","260 ","1.314 ",
"NTMFS5H600NLT3G","Active","H Pb   ","N-Channel, ","PowerTrench® T6, ","Power 56 (SO-8FL), ","Low-Medium Voltage, ","Logic, ","0, ","Single, ","0, ","60, ","1.3, ","±20, ","2, ","250, ","160, ","-, ","1.7, ","-, ","89, ","6680, ","6.5, ","60, ","1230, ","30, ","DFN-5 4.90x5.90x1.00, 1.27P ","1 ","260 ","1.3191 ",
"NTMFS5H610NLT1G","Active","H Pb   ","N-Channel, ","PowerTrench® T1, ","Power 56 (SO-8FL), ","Low-Medium Voltage, ","Logic, ","0, ","Single, ","0, ","60, ","10, ","20, ","2, ","47, ","3, ","~NA~, ","13, ","6, ","13, ","880, ","1.25, ","14, ","150, ","6, ","SO-8FL / DFN-5 ","1 ","260 ","0.2874 ",
"NTMFS5H615NLT1G","Active","H Pb   ","N-Channel, ","PowerTrench® T6, ","Power 56 (SO-8FL), ","Low-Medium Voltage, ","Logic, ","0, ","Single, ","0, ","60, ","1.8, ","20, ","2, ","200, ","3.2, ","-, ","2.5, ","28, ","62, ","4860, ","4.5, ","80, ","900, ","18, ","SO-8FL / DFN-5 ","1 ","260 ","0.9669 ",
"NTMFS5H630NLT1G","Active","H Pb   ","N-Channel, ","PowerTrench® T6, ","Power 56 (SO-8FL), ","Low-Medium Voltage, ","Logic, ","0, ","Single, ","0, ","60, ","3.1, ","20, ","2, ","120, ","89, ","-, ","4.4, ","16, ","35, ","2540, ","2.7, ","44.8, ","470, ","12, ","SO-8FL / DFN-5 ","1 ","260 ","0.5835 ",
"NTMFS6D1N08HT1G","Active","H Pb   ","N-Channel, ","PowerTrench® T1, ","Power 56 (SO-8FL), ","Low-Medium Voltage, ","Standard, ","0, ","Single, ","0, ","80, ","5.5, ","20, ","4, ","89, ","3.8, ","-, ","-, ","-, ","32, ","2085, ","6, ","60, ","300, ","10, ","SO-8FL / DFN-5 ","1 ","260 ","0.555 ",
"NTMFS6D2N08XT1G","Active","H Pb   ","N-Channel, ","PowerTrench® T10, ","Power 56 (SO-8FL), ","Low-Medium Voltage, ","Standard, ","~NA~, ","Single, ","~NA~, ","80, ","6.2, ","20, ","3.6, ","73, ","68, ","~NA~, ","~NA~, ","~NA~, ","19, ","1346, ","3, ","83, ","388, ","5.9, ","SO-8FL / DFN-5 ","1 ","260 ","0.43 ",
"NTMFS6H800NT1G","Active","H Pb   ","N-Channel, ","PowerTrench® T8, ","Power 56 (SO-8FL), ","Low-Medium Voltage, ","Standard, ","0, ","Single, ","0, ","80, ","2.1, ","20, ","4, ","203, ","3.8, ","-, ","-, ","-, ","85, ","5530, ","16, ","82, ","760, ","27, ","DFN-5 4.90x5.90x1.00, 1.27P ","1 ","260 ","1.376 ",
"NTMFS6H800NLT1G","Active","H Pb   ","N-Channel, ","PowerTrench® T8, ","Power 56 (SO-8FL), ","Low-Medium Voltage, ","Logic, ","0, ","Single, ","0, ","80, ","1.8, ","20, ","3.5, ","224, ","3.9, ","-, ","2.4, ","53, ","112, ","6900, ","17, ","110, ","800, ","22, ","DFN-5 4.90x5.90x1.00, 1.27P ","1 ","260 ","1.2552 ",
"NTMFS6H801NT1G","Active","H Pb   ","N-Channel, ","PowerTrench® T8, ","Power 56 (SO-8FL), ","Low-Medium Voltage, ","Standard, ","0, ","Single, ","0, ","80, ","2.8, ","20, ","4, ","157, ","166, ","-, ","-, ","-, ","64, ","4120, ","~NA~, ","98, ","586, ","22, ","SO-8FL / DFN-5 ","1 ","260 ","0.9601 ",
"NTMFS6H801NLT1G","Active","H Pb   ","N-Channel, ","PowerTrench® T8, ","Power 56 (SO-8FL), ","Low-Medium Voltage, ","Logic, ","0, ","Single, ","0, ","80, ","2.7, ","20, ","2, ","160, ","3.8, ","~NA~, ","3.3, ","44, ","90, ","5126, ","16, ","92, ","657, ","30, ","SO-8FL / DFN-5 ","1 ","260 ","0.9677 ",
"NTMFS6H818NT1G","Active","H Pb   ","N-Channel, ","PowerTrench® T8, ","Power 56 (SO-8FL), ","Low-Medium Voltage, ","Standard, ","0, ","Single, ","0, ","80, ","3.7, ","20, ","4, ","123, ","3.8, ","-, ","-, ","-, ","46, ","3100, ","8, ","55, ","400, ","20, ","SO-8FL / DFN-5 ","1 ","260 ","0.7566 ",
"NTMFS6H818NLT1G","Active","H Pb   ","N-Channel, ","PowerTrench® T8, ","Power 56 (SO-8FL), ","Low-Medium Voltage, ","Logic, ","0, ","Single, ","0, ","80, ","3.2, ","20, ","2, ","135, ","3.8, ","-, ","4.1, ","31, ","64, ","3844, ","11.2, ","73, ","484, ","21, ","SO-8FL / DFN-5 ","1 ","260 ","0.7278 ",
"NTMFS6H824NT1G","Active","H Pb   ","N-Channel, ","PowerTrench® T1, ","Power 56 (SO-8FL), ","Low-Medium Voltage, ","Standard, ","0, ","Single, ","0, ","80, ","4.5, ","20, ","4, ","103, ","3.8, ","-, ","-, ","-, ","38, ","2470, ","7, ","67, ","342, ","11, ","SO-8FL / DFN-5 ","1 ","260 ","0.7004 ",
"NTMFS6H824NLT1G","Active","H Pb   ","N-Channel, ","PowerTrench® T8, ","Power 56 (SO-8FL), ","Low-Medium Voltage, ","Logic, ","0, ","Single, ","0, ","80, ","4, ","20, ","2, ","110, ","3.8, ","-, ","5.2, ","25, ","52, ","2900, ","9, ","59, ","366, ","15, ","SO-8FL / DFN-5 ","1 ","260 ","0.705 ",
"NTMFS6H836NLT1G","Active","H Pb   ","N-Channel, ","PowerTrench® T8, ","Power 56 (SO-8FL), ","Low-Medium Voltage, ","Logic, ","0, ","Single, ","0, ","80, ","6.2, ","20, ","2, ","77, ","3.7, ","-, ","7.8, ","16, ","34, ","1950, ","5.5, ","45, ","250, ","11, ","SO-8FL / DFN-5 ","1 ","260 ","0.4453 ",
"NTMFS6H848NLT1G","Active","H Pb   ","N-Channel, ","PowerTrench® T8, ","Power 56 (SO-8FL), ","Low-Medium Voltage, ","Logic, ","0, ","Single, ","0, ","80, ","8.8, ","20, ","2, ","59, ","3.7, ","-, ","11, ","12, ","25, ","1420, ","4.3, ","36, ","192, ","11, ","SO-8FL / DFN-5 ","1 ","260 ","0.3715 ",
"NTMFS6H852NT1G","Active","H Pb   ","N-Channel, ","PowerTrench® T1, ","Power 56 (SO-8FL), ","Low-Medium Voltage, ","Standard, ","0, ","Single, ","0, ","80, ","-, ","-, ","-, ","-, ","-, ","-, ","-, ","-, ","-, ","-, ","-, ","-, ","-, ","-, ","SO-8FL / DFN-5 ","1 ","260 ","0.326 ",
"NTMFS6H852NLT1G","Active","H Pb   ","N-Channel, ","PowerTrench® T8, ","Power 56 (SO-8FL), ","Low-Medium Voltage, ","Logic, ","0, ","Single, ","0, ","80, ","13.1, ","20, ","2, ","42, ","3.6, ","-, ","17, ","8, ","17, ","906, ","2.9, ","25, ","116, ","6, ","SO-8FL / DFN-5 ","1 ","260 ","0.2881 ",
"NTMFS6H858NLT1G","Active","H Pb   ","N-Channel, ","PowerTrench® T8, ","Power 56 (SO-8FL), ","Low-Medium Voltage, ","Logic, ","0, ","Single, ","0, ","80, ","19.5, ","20, ","2, ","30, ","3.5, ","-, ","25, ","6, ","12, ","623, ","2.1, ","21, ","82, ","5, ","SO-8FL / DFN-5 ","1 ","260 ","0.2889 ",
"NTMFS6H864NLT1G","Active","H Pb   ","N-Channel, ","PowerTrench® T8, ","Power 56 (SO-8FL), ","Low-Medium Voltage, ","Logic, ","0, ","Single, ","0, ","80, ","29, ","20, ","2, ","22, ","3.5, ","-, ","38, ","4, ","9, ","431, ","1.4, ","16, ","55, ","4, ","SO-8FL / DFN-5 ","1 ","260 ","0.2009 ",
"NTMFS7D5N15MC","Active","H Pb   ","N-Channel, ","PowerTrench® T8, ","Power 56 (SO-8FL), ","Low-Medium Voltage, ","Standard, ","0, ","Single, ","0, ","150, ","7.9, ","20, ","4.5, ","95.6, ","3.3, ","~NA~, ","~NA~, ","~NA~, ","46, ","3835, ","7, ","111, ","1070, ","11, ","PQFN-8 ","1 ","260 ","2.3325 ",
"NTMFS7D8N10GTWG","Active","H Pb   ","N-Channel, ","PowerTrench® T8, ","Power 56 (SO-8FL), ","Low-Medium Voltage, ","Standard, ","Wide SOA, ","Single, ","0, ","100, ","7.6, ","20, ","4, ","110, ","3, ","~NA~, ","~NA~, ","~NA~, ","92, ","6180, ","26, ","177, ","624.5, ","99, ","PQFN-8 ","1 ","260 ","1.6358 ",
"NTMFSC004N08MC","Active"," Pb   ","N-Channel, ","PowerTrench® T8, ","Power 56 Dual Cool, ","Low-Medium Voltage, ","Standard, ","0, ","Single, ","0, ","80, ","4, ","20, ","4, ","136, ","-, ","-, ","-, ","-, ","43.4, ","2980, ","7, ","50, ","950, ","50, ","DFN-8 ","1 ","260 ","1.2942 ",
"NTMFSC006N12MC","Active","H Pb   ","N-Channel, ","PowerTrench® T1, ","Power 56 Dual Cool, ","Low-Medium Voltage, ","Standard, ","0, ","Single, ","0, ","120, ","6.1, ","20, ","4, ","92, ","104, ","~NA~, ","~NA~, ","~NA~, ","24.3, ","3040, ","~NA~, ","350.2, ","1460, ","11.5, ","DFN-8 ","1 ","260 ","1.1452 ",
"NTMFSC010N08M7","Active","H Pb   ","N-Channel, ","PowerTrench® T6, ","Power 56 Dual Cool, ","Low-Medium Voltage, ","Standard, ","0, ","Single, ","0, ","80, ","10, ","± 20, ","4.5, ","61, ","78.1, ","~NA~, ","~NA~, ","~NA~, ","29.3, ","2373, ","4.3, ","45, ","286, ","11, ","DFN-8 ","1 ","260 ","0.5683 ",
"NTMFSC011N08M7","Active","H Pb   ","N-Channel, ","PowerTrench® T6, ","Power 56 Dual Cool, ","Low-Medium Voltage, ","Standard, ","0, ","Single, ","0, ","80, ","10, ","20, ","4.5, ","61, ","38.6, ","~NA~, ","~NA~, ","9.6, ","29.3, ","2080, ","~NA~, ","45, ","286, ","11, ","DFN-8 ","1 ","260 ","0.644 ",
"NTMFSC012N15MC","Active","H Pb   ","N-Channel, ","PowerTrench® T8, ","Power 56 Dual Cool, ","Low-Medium Voltage, ","Standard, ","0, ","Single, ","0, ","150, ","11.4, ","20, ","4.5, ","80, ","147, ","~NA~, ","~NA~, ","~NA~, ","20.4, ","2490, ","~NA~, ","559, ","676, ","9, ","DFN-8 ","1 ","260 ","1.539 ",
"NTMFSC0D8N04XMTWG","Active"," Pb   ","N-Channel, ","PowerTrench® T10, ","Power 56 Dual Cool, ","Low-Medium Voltage, ","Standard, ","0, ","Single, ","0, ","40, ","0.78, ","20, ","3.5, ","310, ","135, ","~NA~, ","~NA~, ","~NA~, ","72.1, ","5044, ","~NA~, ","139, ","3228, ","85, ","DFN-8 ","1 ","260 ","0.8933 ",
"NTMFSC0D9N04CL","Active"," Pb   ","N-Channel, ","PowerTrench® T6, ","Power 56 Dual Cool, ","Low-Medium Voltage, ","Logic, ","0, ","Single, ","0, ","40, ","0.85, ","20, ","2, ","313, ","83, ","-, ","1.3, ","61, ","143, ","8500, ","19, ","170, ","3400, ","110, ","DFN-8 ","1 ","260 ","0.75 ",
"NTMFSC1D6N06CTWG","Active","H Pb   ","N-Channel, ","PowerTrench® T6, ","Power 56 Dual Cool, ","Low-Medium Voltage, ","Standard, ","~NA~, ","Single, ","~NA~, ","60, ","1.5, ","20, ","4, ","238, ","170, ","~NA~, ","~NA~, ","~NA~, ","65, ","4860, ","~NA~, ","139, ","2800, ","40, ","DFN-8 ","1 ","260 ","1.1209 ",
"NTMFSC1D6N06CL","Active"," Pb   ","N-Channel, ","PowerTrench® T6, ","Power 56 Dual Cool, ","Low-Medium Voltage, ","Logic, ","0, ","Single, ","0, ","60, ","1.5, ","20, ","2, ","235, ","3.8, ","-, ","2.3, ","41, ","91, ","6660, ","9, ","130, ","3000, ","45, ","DFN-8 ","1 ","260 ","0.7489 ",
"NTMFSC1D9N06HL","Active","H Pb   ","N-Channel, ","PowerTrench® T6, ","Power 56 Dual Cool, ","Low-Medium Voltage, ","Logic, ","0, ","Single, ","0, ","60, ","1.9, ","20, ","2, ","199, ","166, ","~NA~, ","2.6, ","29, ","64, ","4910, ","5.7, ","67, ","862, ","12, ","DFN-8 ","1 ","260 ","1.4023 ",
"NTMFSC1D9N08XTWG","Active","H Pb   ","N-Channel, ","PowerTrench® T10, ","Power 56 Dual Cool, ","Low-Medium Voltage, ","Standard, ","~NA~, ","Single, ","~NA~, ","80, ","1.9, ","20, ","3.6, ","201, ","164, ","~NA~, ","~NA~, ","~NA~, ","63, ","4470, ","~NA~, ","202, ","1290, ","20, ","DFN-8 ","1 ","260 ","1.1878 ",
"NTMFSC2D6N08XTWG","Active","H Pb   ","N-Channel, ","PowerTrench® T10, ","Power 56 Dual Cool, ","Low-Medium Voltage, ","Standard, ","~NA~, ","Single, ","~NA~, ","80, ","2.6, ","20, ","3.6, ","154, ","133, ","~NA~, ","~NA~, ","~NA~, ","45, ","3200, ","~NA~, ","163, ","930, ","14, ","DFN-8 ","1 ","260 ","0.9232 ",
"NTMFSC2D9N08H","Active","H Pb   ","N-Channel, ","PowerTrench® T8, ","Power 56 Dual Cool, ","Low-Medium Voltage, ","Standard, ","0, ","Single, ","0, ","80, ","2.9, ","20, ","4, ","154, ","166, ","~NA~, ","~NA~, ","~NA~, ","68, ","4380, ","~NA~, ","81, ","610, ","16, ","DFN-8 ","1 ","260 ","1.177 ",
"NTMFSC4D2N10MC","Active"," Pb   ","N-Channel, ","PowerTrench® T8, ","Power 56 Dual Cool, ","Low-Medium Voltage, ","Standard, ","0, ","Single, ","0, ","100, ","4.3, ","20, ","4, ","116, ","7.9, ","-, ","-, ","-, ","42, ","2856, ","12, ","100, ","1670, ","29, ","DFN-8 ","1 ","260 ","1.7029 ",
"NTMFSCH1D4N08XTWG","Active","H Pb   ","N-Channel, ","PowerTrench® T10, ","Power 56 Dual Cool, ","Low-Medium Voltage, ","Standard, ","~NA~, ","Single, ","~NA~, ","80, ","1.4, ","20, ","3.6, ","263, ","208, ","~NA~, ","~NA~, ","~NA~, ","89, ","6203, ","~NA~, ","249, ","1825, ","28, ","DFN8 4.90x5.80x0.90, 1.27P ","1 ","260 ","1.451 ",
"NTMFSCHT1D0N06CTWG","Product Preview"," Pb   ","N-Channel, ","PowerTrench® T6, ","Power 56 Dual Cool, ","Low-Medium Voltage, ","Standard, ","~NA~, ","Single, ","~NA~, ","60, ","1.1, ","20, ","4, ","302, ","208, ","~NA~, ","~NA~, ","~NA~, ","88, ","6346, ","~NA~, ","215, ","4313, ","40, ","DFN8 4.90x5.80x0.80, 1.27P ","1 ","260 ","0.0 ",
"NTMFSCHT1D0N06CSTWG","Active, New"," Pb   ","N-Channel, ","PowerTrench® T6, ","Power 56 Dual Cool, ","Low-Medium Voltage, ","Standard, ","~NA~, ","Single, ","~NA~, ","60, ","1.1, ","20, ","4, ","302, ","208, ","~NA~, ","~NA~, ","~NA~, ","88, ","6346, ","12, ","215, ","4313, ","40, ","DFN8 4.90x5.80x0.80, 1.27P ","1 ","250 ","1.716 ",
"NTMFSCHT1D9N08XTWG","Product Preview"," Pb   ","N-Channel, ","PowerTrench® T10, ","Power 56 Dual Cool, ","Low-Medium Voltage, ","Standard, ","~NA~, ","Single, ","~NA~, ","80, ","1.9, ","20, ","3.6, ","201, ","164, ","~NA~, ","~NA~, ","~NA~, ","63, ","4470, ","~NA~, ","202, ","1290, ","20, ","DFN8 4.90x5.80x0.80, 1.27P ","1 ","260 ","0.0 ",
"NTMFSS0D9N03P8","Active","H Pb   ","N-Channel, ","PowerTrench® T1, ","Power 56 Source Down, ","Low-Medium Voltage, ","Logic, ","0, ","Single, ","0, ","30, ","1, ","±20, ","3, ","275, ","121, ","N/A, ","1.2, ","64, ","133, ","9210, ","22, ","N/A, ","3100, ","370, ","TDFN9 5x6, 1.27P ","1 ","260 ","0.8666 ",
"NTMFSS1D3N06CL","Active","H Pb   ","N-Channel, ","PowerTrench® T1, ","Power 56 Source Down, ","Low-Medium Voltage, ","Logic, ","0, ","Single, ","0, ","60, ","1.3, ","20, ","2, ","243, ","153, ","~NA~, ","2, ","53, ","117, ","8190, ","10, ","153, ","3950, ","20, ","TDFN9 5x6, 1.27P ","1 ","260 ","1.1256 ",
"NTMFSS1D5N06CL","Active","H Pb   ","N-Channel, ","PowerTrench® T6, ","Power 56 Source Down, ","Low-Medium Voltage, ","Logic, ","0, ","Single, ","0, ","60, ","1.5, ","20, ","2, ","235, ","167, ","~NA~, ","2.3, ","41, ","91, ","6660, ","10.9, ","105, ","2953, ","45, ","TDFN9 5x6, 1.27P ","1 ","260 ","0.8783 ",
"NTMFWS1D5N08XT1G","Active","H Pb   ","N-Channel, ","PowerTrench® T10, ","Power 56 (SO-8FL), ","Low-Medium Voltage, ","Standard, ","0, ","Single, ","0, ","80, ","1.43, ","20, ","3.8, ","253, ","194, ","~NA~, ","~NA~, ","~NA~, ","83, ","5880, ","~NA~, ","224, ","1690, ","25, ","DFNW5 4.90x5.90x1.00, 1.27P ","1 ","260 ","1.3973 ",
"NTMJS0D9N04CTWG","Active","H Pb   ","N-Channel, ","PowerTrench® T6, ","Power 56 LFPAK, ","Low-Medium Voltage, ","Standard, ","0, ","Single, ","0, ","40, ","0.81, ","20, ","4, ","342, ","4.2, ","-, ","-, ","-, ","117, ","7400, ","28, ","148, ","4600, ","127, ","LFPAK-8 ","1 ","260 ","0.9877 ",
"NTMJS0D9N04CLTWG","Active","H Pb   ","N-Channel, ","PowerTrench® T6, ","Power 56 LFPAK, ","Low-Medium Voltage, ","Logic, ","0, ","Single, ","0, ","40, ","0.82, ","20, ","2, ","330, ","3.8, ","-, ","1.2, ","66, ","143, ","8862, ","22, ","126, ","3328, ","77, ","LFPAK-8 ","1 ","260 ","0.9187 ",
"NTMJS1D0N04CTWG","Active","H Pb   ","N-Channel, ","PowerTrench® T6, ","Power 56 LFPAK, ","Low-Medium Voltage, ","Standard, ","0, ","Single, ","0, ","40, ","0.92, ","20, ","3.5, ","300, ","3.9, ","-, ","-, ","-, ","86, ","6100, ","14, ","159, ","3400, ","70, ","LFPAK-8 ","1 ","260 ","1.4587 ",
"NTMJS1D2N04CLTWG","Active","H Pb   ","N-Channel, ","PowerTrench® T6, ","Power 56 LFPAK, ","Low-Medium Voltage, ","Logic, ","0, ","Single, ","0, ","40, ","1.2, ","±20, ","2, ","237, ","128, ","-, ","1.8, ","44, ","93, ","5600, ","-, ","43, ","2600, ","70, ","LFPAK-8 ","1 ","260 ","0.7656 ",
"NTMJS1D3N04CTWG","Active","H Pb   ","N-Channel, ","PowerTrench® T6, ","Power 56 LFPAK, ","Low-Medium Voltage, ","Standard, ","0, ","Single, ","0, ","40, ","1.3, ","±20, ","3.5, ","235, ","128, ","-, ","-, ","-, ","65, ","4300, ","-, ","92, ","2100, ","59, ","LFPAK-8 ","1 ","260 ","1.2003 ",
"NTMJS1D4N06CLTWG","Active","H Pb   ","N-Channel, ","PowerTrench® T6, ","Power 56 LFPAK, ","Low-Medium Voltage, ","Logic, ","0, ","Single, ","0, ","60, ","1.3, ","20, ","2, ","262, ","4, ","-, ","1.8, ","47, ","103, ","7430, ","11, ","175, ","3500, ","57, ","LFPAK-8 ","1 ","260 ","0.9497 ",
"NTMJS1D5N04CLTWG","Active","H Pb   ","N-Channel, ","PowerTrench® T6, ","Power 56 LFPAK, ","Low-Medium Voltage, ","Logic, ","0, ","Single, ","0, ","40, ","1.55, ","±20, ","2, ","185, ","107, ","-, ","2.44, ","32, ","70, ","4300, ","9, ","80, ","1900, ","72, ","LFPAK-8 ","1 ","260 ","0.6828 ",
"NTMJS1D6N06CLTWG","Active","H Pb   ","N-Channel, ","PowerTrench® T6, ","Power 56 LFPAK, ","Low-Medium Voltage, ","Logic, ","0, ","Single, ","0, ","60, ","1.36, ","20, ","2, ","250, ","167, ","~NA~, ","2.3, ","41, ","91, ","6660, ","10.9, ","105, ","2953, ","45, ","LFPAK-8 ","1 ","260 ","0.8823 ",
"NTMJS2D5N06CLTWG","Active","H Pb   ","N-Channel, ","PowerTrench® T6, ","Power 56 LFPAK, ","Low-Medium Voltage, ","Logic, ","0, ","Single, ","0, ","60, ","2.5, ","±20, ","2, ","150, ","110, ","-, ","3.3, ","24, ","52, ","3600, ","4.5, ","60, ","1700, ","28, ","LFPAK-8 ","1 ","260 ","0.6975 ",
"NTMJST1D4N06CLTXG","Active","H Pb A  ","N-Channel, ","PowerTrench® T1, ","Power 56 TCPAK, ","Low-Medium Voltage, ","Standard, ","0, ","Single, ","0, ","60, ","1.49, ","20, ","2, ","198, ","116, ","~NA~, ","~NA~, ","~NA~, ","92.2, ","6555, ","10.5, ","119, ","3695, ","37.5, ","TCPAK10 5.1x7.5, 1.0P ","1 ","260 ","0.9864 ",
"NTMJST2D6N08HTXG","Active","H Pb   ","N-Channel, ","PowerTrench® T8, ","Power 56 TCPAK, ","Low-Medium Voltage, ","Standard, ","0, ","Single, ","0, ","80, ","2.8, ","20, ","4, ","131.5, ","116, ","~NA~, ","~NA~, ","~NA~, ","68, ","4405, ","16, ","84, ","645, ","25, ","TCPAK10 5.1x7.5, 1.0P ","1 ","260 ","1.3788 ",
"NTMTS001N06CTXG","Active","H Pb   ","N-Channel, ","PowerTrench® T6, ","Power 88, ","Low-Medium Voltage, ","Standard, ","0, ","Single, ","0, ","60, ","0.91, ","20, ","4, ","376, ","5, ","~NA~, ","~NA~, ","~NA~, ","113, ","8705, ","16.3, ","236, ","6690, ","107, ","DFNW-8 ","1 ","260 ","1.3525 ",
"NTMTS001N06CLTXG","Active","H Pb   ","N-Channel, ","PowerTrench® T6, ","Power 88, ","Low-Medium Voltage, ","Logic, ","0, ","Single, ","0, ","60, ","0.81, ","20, ","2.2, ","398.2, ","5, ","-, ","1.05, ","74.3, ","165, ","12300, ","14.7, ","229, ","6225, ","130, ","DFNW-8 ","1 ","260 ","1.3525 ",
"NTMTS002N08MC","Active","H Pb   ","N-Channel, ","PowerTrench® T8, ","Power 88, ","Low-Medium Voltage, ","Standard, ","0, ","Single, ","0, ","80, ","2, ","20, ","4, ","229, ","3.3, ","-, ","-, ","-, ","89, ","6350, ","19, ","71, ","2100, ","93, ","DFNW-8 ","1 ","260 ","2.8057 ",
"NTMTS002N10MCTXG","Active","H Pb   ","N-Channel, ","PowerTrench® T8, ","Power 88, ","Low-Medium Voltage, ","Standard, ","0, ","Single, ","0, ","100, ","2.3, ","20, ","4, ","236, ","235, ","~NA~, ","~NA~, ","~NA~, ","89, ","6305, ","~NA~, ","-, ","3405, ","37, ","DFNW-8 ","1 ","260 ","3.6867 ",
"NTMTS0D4N04CTXG","Active","H Pb   ","N-Channel, ","PowerTrench® T6, ","Power 88, ","Low-Medium Voltage, ","Standard, ","0, ","Single, ","0, ","40, ","0.45, ","20, ","4, ","553, ","244, ","~NA~, ","~NA~, ","~NA~, ","251, ","16500, ","~NA~, ","338, ","8310, ","607, ","DFNW-8 ","1 ","260 ","1.8512 ",
"NTMTS0D4N04CLTXG","Active","H Pb   ","N-Channel, ","PowerTrench® T6, ","Power 88, ","Low-Medium Voltage, ","Logic, ","0, ","Single, ","0, ","40, ","0.4, ","20, ","2.5, ","553.8, ","5, ","-, ","0.64, ","163, ","341, ","20600, ","52.1, ","336, ","9500, ","709, ","DFNW-8 ","1 ","260 ","1.7188 ",
"NTMTS0D6N04CTXG","Active","H Pb   ","N-Channel, ","PowerTrench® T6, ","Power 88, ","Low-Medium Voltage, ","Standard, ","0, ","Single, ","0, ","40, ","0.48, ","20, ","4, ","533, ","5, ","-, ","-, ","-, ","187, ","11800, ","38.2, ","274, ","7030, ","199, ","DFNW-8 ","1 ","260 ","1.4766 ",
"NTMTS0D6N04CLTXG","Active","H Pb   ","N-Channel, ","PowerTrench® T6, ","Power 88, ","Low-Medium Voltage, ","Logic, ","0, ","Single, ","0, ","40, ","0.42, ","20, ","4, ","554.5, ","5, ","-, ","0.66, ","126, ","265, ","16013, ","38.4, ","228, ","6801, ","299, ","DFNW-8 ","1 ","260 ","1.3938 ",
"NTMTS0D7N04CTXG","Active","H Pb   ","N-Channel, ","PowerTrench® T6, ","Power 88, ","Low-Medium Voltage, ","Standard, ","0, ","Single, ","0, ","40, ","0.67, ","20, ","4, ","420, ","4.9, ","-, ","-, ","-, ","140, ","9230, ","28.3, ","191, ","4730, ","126, ","DFNW-8 ","1 ","260 ","1.2465 ",
"NTMTS0D7N06CTXG","Active","H Pb   ","N-Channel, ","PowerTrench® T6, ","Power 88, ","Low-Medium Voltage, ","Standard, ","0, ","Single, ","0, ","60, ","0.72, ","20, ","4, ","464, ","124, ","~NA~, ","~NA~, ","~NA~, ","152, ","11535, ","~NA~, ","324, ","8010, ","174, ","DFNW-8 ","1 ","260 ","1.7515 ",
"NTMTS0D7N06CLTXG","Active","H Pb   ","N-Channel, ","PowerTrench® T6, ","Power 88, ","Low-Medium Voltage, ","Logic, ","0, ","Single, ","0, ","60, ","0.68, ","20, ","2.5, ","464, ","5, ","-, ","0.9, ","103, ","225, ","16200, ","20.7, ","307, ","8490, ","270, ","DFNW-8 ","1 ","260 ","1.6739 ",
"NTMTS1D2N08H","Active","H Pb   ","N-Channel, ","PowerTrench® T8, ","Power 88, ","Low-Medium Voltage, ","Standard, ","0, ","Single, ","0, ","80, ","1.1, ","20, ","4, ","335, ","5, ","-, ","-, ","-, ","147, ","10100, ","32, ","189, ","1455, ","43, ","DFNW-8 ","1 ","260 ","2.8024 ",
"NTMTS1D5N08H","Active","H Pb   ","N-Channel, ","PowerTrench® T8, ","Power 88, ","Low-Medium Voltage, ","Standard, ","0, ","Single, ","0, ","80, ","1.5, ","20, ","4, ","255, ","4.2, ","-, ","-, ","-, ","125, ","8220, ","29, ","146, ","1190, ","31, ","DFNW-8 ","1 ","260 ","2.2865 ",
"NTMTS1D5N08MC","Active","H Pb   ","N-Channel, ","PowerTrench® T8, ","Power 88, ","Low-Medium Voltage, ","Standard, ","0, ","Single, ","0, ","80, ","1.56, ","20, ","4, ","287, ","3.3, ","-, ","-, ","-, ","101, ","7420, ","21, ","89, ","2555, ","101, ","DFNW-8 ","1 ","260 ","3.6125 ",
"NTMTS1D6N10MCTXG","Active","H Pb   ","N-Channel, ","PowerTrench® T8, ","Power 88, ","Low-Medium Voltage, ","Standard, ","0, ","Single, ","0, ","100, ","1.7, ","20, ","4, ","273, ","291, ","~NA~, ","~NA~, ","~NA~, ","106, ","7630, ","~NA~, ","385, ","4260, ","80, ","DFNW-8 ","1 ","260 ","2.645 ",
"NTMTS4D3N15MC","Active","H Pb   ","N-Channel, ","PowerTrench® T8, ","Power 88, ","Low-Medium Voltage, ","Standard, ","0, ","Single, ","0, ","150, ","4.45, ","20, ","4.5, ","174, ","5, ","-, ","-, ","-, ","79, ","6514, ","11, ","194, ","1750, ","12.5, ","DFNW-8 ","1 ","260 ","3.5346 ",
"NTMTS6D0N15MC","Active","H Pb   ","N-Channel, ","PowerTrench® T8, ","Power 88, ","Low-Medium Voltage, ","Standard, ","0, ","Single, ","0, ","150, ","6.4, ","20, ","4.5, ","135, ","4.9, ","~NA~, ","~NA~, ","~NA~, ","58, ","4815, ","8, ","125, ","1482, ","9.7, ","DFNW-8 ","1 ","260 ","2.7053 ",
"NTMTSC002N10MCTXG","Active","H Pb   ","N-Channel, ","PowerTrench® T8, ","Power 88 Dual Cool, ","Low-Medium Voltage, ","Standard, ","0, ","Single, ","0, ","100, ","2, ","20, ","4, ","236, ","5.1, ","-, ","-, ","-, ","89, ","6305, ","3405, ","44, ","3405, ","37, ","DFNW-8 ","1 ","260 ","2.6858 ",
"NTMTSC1D5N08MC","Active","H Pb   ","N-Channel, ","PowerTrench® T8, ","Power 88 Dual Cool, ","Low-Medium Voltage, ","Standard, ","0, ","Single, ","0, ","80, ","1.56, ","±20, ","4, ","287, ","250, ","~NA~, ","~NA~, ","~NA~, ","101, ","7420, ","~NA~, ","89, ","2555, ","101, ","DFNW-8 ","1 ","260 ","3.5895 ",
"NTMTSC1D6N10MCTXG","Active","H Pb   ","N-Channel, ","PowerTrench® T8, ","Power 88 Dual Cool, ","Low-Medium Voltage, ","Standard, ","0, ","Single, ","0, ","100, ","1.7, ","20, ","4, ","267, ","291, ","~NA~, ","~NA~, ","-, ","106, ","7630, ","22, ","385, ","4260, ","80, ","DFNW-8 ","1 ","260 ","3.0603 ",
"NTMTSC4D2N10GTXG","Active","H Pb   ","N-Channel, ","PowerTrench® T8, ","Power 88 Dual Cool, ","Low-Medium Voltage, ","Standard, ","Wide SOA, ","Single, ","0, ","100, ","4.2, ","20, ","4, ","178, ","125, ","~NA~, ","~NA~, ","~NA~, ","159, ","10450, ","~NA~, ","595, ","1050, ","158, ","DFNW-8 ","1 ","260 ","2.8545 ",
"NTMTSC4D3N15MC","Active","H Pb   ","N-Channel, ","PowerTrench® T8, ","Power 88 Dual Cool, ","Low-Medium Voltage, ","Standard, ","0, ","Single, ","0, ","150, ","4.45, ","20, ","4.5, ","174, ","5, ","-, ","-, ","-, ","79, ","6514, ","11, ","194, ","1750, ","12.5, ","DFNW-8 ","1 ","260 ","2.9455 ",
"NTMYS003N08LHTWG","Active","H Pb   ","N-Channel, ","PowerTrench® T8, ","Power 56 LFPAK, ","Low-Medium Voltage, ","Logic, ","0, ","Single, ","0, ","80, ","3.3, ","20, ","2, ","132, ","3.8, ","-, ","4.3, ","31, ","64, ","3735, ","10.5, ","66, ","458, ","19, ","LFPAK-4 ","1 ","260 ","1.3888 ",
"NTMYS006N08LHTWG","Active","H Pb   ","N-Channel, ","PowerTrench® T8, ","Power 56 LFPAK, ","Low-Medium Voltage, ","Logic, ","0, ","Single, ","0, ","80, ","6.2, ","20, ","2, ","77, ","3.7, ","-, ","7.8, ","16, ","34, ","1950, ","5.5, ","45, ","250, ","11, ","LFPAK-4 ","1 ","260 ","1.092 ",
"NTMYS008N08LHTWG","Active","H Pb   ","N-Channel, ","PowerTrench® T8, ","Power 56 LFPAK, ","Low-Medium Voltage, ","Logic, ","0, ","Single, ","0, ","80, ","8.8, ","20, ","2, ","59, ","3.7, ","-, ","11, ","12, ","25, ","1420, ","4.3, ","36, ","192, ","11, ","LFPAK-4 ","1 ","260 ","0.9208 ",
"NTMYS010N04CLTWG","Active","H Pb   ","N-Channel, ","PowerTrench® T6, ","Power 56 LFPAK, ","Low-Medium Voltage, ","Logic, ","0, ","Single, ","0, ","40, ","10.3, ","20, ","2, ","38, ","3.8, ","-, ","17.6, ","3.4, ","7.3, ","570, ","1, ","6, ","230, ","11, ","LFPAK-4 ","1 ","260 ","0.484 ",
"NTMYS011N04CTWG","Active","H Pb   ","N-Channel, ","PowerTrench® T6, ","Power 56 LFPAK, ","Low-Medium Voltage, ","Standard, ","0, ","Single, ","0, ","40, ","12, ","±20, ","3.5, ","35, ","28, ","-, ","-, ","-, ","7.9, ","420, ","-, ","6.7, ","230, ","11, ","LFPAK-4 ","1 ","260 ","0.4768 ",
"NTMYS013N08LHTWG","Active","H Pb   ","N-Channel, ","PowerTrench® T8, ","Power 56 LFPAK, ","Low-Medium Voltage, ","Logic, ","0, ","Single, ","0, ","80, ","13.1, ","20, ","2, ","42, ","3.6, ","-, ","17, ","8, ","17, ","906, ","2.9, ","25, ","116, ","6, ","LFPAK-4 ","1 ","260 ","0.9566 ",
"NTMYS014N06CLTWG","Active","H Pb   ","N-Channel, ","PowerTrench® T6, ","Power 56 LFPAK, ","Low-Medium Voltage, ","Logic, ","0, ","Single, ","0, ","60, ","14.5, ","20, ","2.2, ","42, ","3.1, ","-, ","20.54, ","4.7, ","10, ","640, ","1, ","-, ","313, ","7.7, ","LFPAK-4 ","1 ","260 ","0.4553 ",
"NTMYS020N08LHTWG","Active","H Pb   ","N-Channel, ","PowerTrench® T8, ","Power 56 LFPAK, ","Low-Medium Voltage, ","Logic, ","0, ","Single, ","0, ","80, ","19.5, ","20, ","2, ","30, ","3.5, ","-, ","25, ","6, ","12, ","623, ","2.1, ","21, ","82, ","5, ","LFPAK-4 ","1 ","260 ","0.859 ",
"NTMYS021N06CLTWG","Active","H Pb   ","N-Channel, ","PowerTrench® T6, ","Power 56 LFPAK, ","Low-Medium Voltage, ","Logic, ","0, ","Single, ","0, ","60, ","21, ","±20, ","2, ","26, ","28, ","-, ","31.5, ","2.5, ","5, ","410, ","-, ","7, ","210, ","7, ","LFPAK-4 ","1 ","260 ","0.4401 ",
"NTMYS025N06CLTWG","Active","H Pb   ","N-Channel, ","PowerTrench® T6, ","Power 56 LFPAK, ","Low-Medium Voltage, ","Logic, ","0, ","Single, ","0, ","60, ","27.5, ","±20, ","2, ","21, ","24, ","-, ","43, ","2.7, ","5.8, ","330, ","-, ","7.5, ","172, ","5, ","LFPAK-4 ","1 ","260 ","0.4547 ",
"NTMYS029N08LHTWG","Active","H Pb   ","N-Channel, ","PowerTrench® T8, ","Power 56 LFPAK, ","Low-Medium Voltage, ","Logic, ","0, ","Single, ","0, ","80, ","29, ","20, ","2, ","22, ","3.5, ","-, ","38, ","4, ","9, ","431, ","1.4, ","16, ","55, ","4, ","LFPAK-4 ","1 ","260 ","0.8249 ",
"NTMYS1D2N04CLTWG","Active","H Pb   ","N-Channel, ","PowerTrench® T6, ","Power 56 LFPAK, ","Low-Medium Voltage, ","Logic, ","0, ","Single, ","0, ","40, ","1.1, ","20, ","2, ","258, ","3.9, ","-, ","1.7, ","52, ","109, ","6330, ","20, ","107, ","3000, ","118, ","LFPAK-4 ","1 ","260 ","0.788 ",
"NTMYS1D3N04CTWG","Active","H Pb   ","N-Channel, ","PowerTrench® T6, ","Power 56 LFPAK, ","Low-Medium Voltage, ","Standard, ","0, ","Single, ","0, ","40, ","1.15, ","20, ","3.5, ","252, ","3.9, ","-, ","-, ","-, ","74, ","4855, ","16, ","105, ","2565, ","71, ","LFPAK-4 ","1 ","260 ","0.0 ",
"NTMYS2D4N04CTWG","Active","H Pb   ","N-Channel, ","PowerTrench® T6, ","Power 56 LFPAK, ","Low-Medium Voltage, ","Standard, ","0, ","Single, ","0, ","40, ","2.3, ","±20, ","4, ","140, ","83, ","-, ","-, ","-, ","32, ","2100, ","-, ","40, ","1100, ","40, ","LFPAK-4 ","1 ","260 ","0.6124 ",
"NTMYS2D9N04CLTWG","Active","H Pb   ","N-Channel, ","PowerTrench® T6, ","Power 56 LFPAK, ","Low-Medium Voltage, ","Logic, ","0, ","Single, ","0, ","40, ","2.8, ","20, ","2, ","110, ","3.7, ","-, ","4.4, ","16, ","35, ","2100, ","5, ","31, ","1000, ","42, ","LFPAK-4 ","1 ","260 ","0.8622 ",
"NTMYS3D3N06CLTWG","Active","H Pb   ","N-Channel, ","PowerTrench® T6, ","Power 56 LFPAK, ","Low-Medium Voltage, ","Logic, ","0, ","Single, ","0, ","60, ","3, ","±20, ","2, ","133, ","100, ","-, ","4.2, ","18.4, ","40.7, ","2880, ","-, ","28, ","1680, ","22, ","LFPAK-4 ","1 ","260 ","1.0061 ",
"NTMYS3D5N04CTWG","Active","H Pb   ","N-Channel, ","PowerTrench® T6, ","Power 56 LFPAK, ","Low-Medium Voltage, ","Standard, ","0, ","Single, ","0, ","40, ","3.3, ","20, ","3.5, ","102, ","3.6, ","-, ","-, ","-, ","23, ","1600, ","3.5, ","23, ","830, ","28, ","LFPAK-4 ","1 ","260 ","0.8622 ",
"NTMYS3D8N04CLTWG","Active","H Pb   ","N-Channel, ","PowerTrench® T6, ","Power 56 LFPAK, ","Low-Medium Voltage, ","Logic, ","0, ","Single, ","0, ","40, ","3.7, ","20, ","2, ","87, ","55, ","~NA~, ","6, ","8.2, ","18, ","1600, ","2.1, ","29, ","590, ","21, ","LFPAK-4 ","1 ","260 ","0.5313 ",
"NTMYS4D1N06CLTWG","Active","H Pb   ","N-Channel, ","PowerTrench® T6, ","Power 56 LFPAK, ","Low-Medium Voltage, ","Logic, ","0, ","Single, ","0, ","60, ","4, ","20, ","2, ","100, ","3.7, ","-, ","5.7, ","16, ","34, ","2200, ","5.1, ","32, ","900, ","17, ","LFPAK-4 ","1 ","260 ","0.6438 ",
"NTMYS4D5N04CTWG","Active","H Pb   ","N-Channel, ","PowerTrench® T6, ","Power 56 LFPAK, ","Low-Medium Voltage, ","Standard, ","0, ","Single, ","0, ","40, ","4.5, ","20, ","3.5, ","80, ","55, ","~NA~, ","~NA~, ","~NA~, ","18, ","1150, ","~NA~, ","18, ","600, ","25, ","LFPAK-4 ","1 ","260 ","0.532 ",
"NTMYS4D6N04CLTWG","Active","H Pb   ","N-Channel, ","PowerTrench® T6, ","Power 56 LFPAK, ","Low-Medium Voltage, ","Logic, ","0, ","Single, ","0, ","40, ","4.5, ","20, ","2, ","78, ","3.6, ","-, ","7.2, ","11, ","23, ","1300, ","3, ","12, ","530, ","22, ","LFPAK-4 ","1 ","260 ","0.5206 ",
"NTMYS5D3N04CTWG","Active","H Pb   ","N-Channel, ","PowerTrench® T6, ","Power 56 LFPAK, ","Low-Medium Voltage, ","Standard, ","0, ","Single, ","0, ","40, ","5.3, ","±20, ","3.5, ","71, ","50, ","-, ","-, ","-, ","16, ","1000, ","-, ","16, ","530, ","22, ","LFPAK-4 ","1 ","260 ","0.5206 ",
"NTMYS6D2N06CLTWG","Active","H Pb   ","N-Channel, ","PowerTrench® T6, ","Power 56 LFPAK, ","Low-Medium Voltage, ","Logic, ","0, ","Single, ","0, ","60, ","6.1, ","20, ","2, ","71, ","61, ","~NA~, ","8.8, ","9, ","20, ","1400, ","~NA~, ","19, ","690, ","15, ","LFPAK-4 ","1 ","260 ","0.5113 ",
"NTMYS7D3N04CLTWG","Active","H Pb   ","N-Channel, ","PowerTrench® T6, ","Power 56 LFPAK, ","Low-Medium Voltage, ","Logic, ","0, ","Single, ","0, ","40, ","7.3, ","±20, ","2, ","52, ","3.8, ","-, ","12, ","7, ","16, ","860, ","-, ","11, ","360, ","15, ","LFPAK-4 ","1 ","260 ","0.4978 ",
"NTMYS8D0N04CTWG","Active","H Pb   ","N-Channel, ","PowerTrench® T6, ","Power 56 LFPAK, ","Low-Medium Voltage, ","Standard, ","0, ","Single, ","0, ","40, ","8.1, ","±20, ","3.5, ","49, ","37, ","-, ","-, ","-, ","10, ","625, ","-, ","11, ","335, ","15, ","LFPAK-4 ","1 ","260 ","0.494 ",
"NTMYS9D3N06CLTWG","Active","H Pb   ","N-Channel, ","PowerTrench® T6, ","Power 56 LFPAK, ","Low-Medium Voltage, ","Logic, ","0, ","Single, ","0, ","60, ","9.2, ","20, ","2, ","50, ","46, ","~NA~, ","13, ","4.5, ","9.5, ","880, ","~NA~, ","18, ","450, ","11, ","LFPAK-4 ","1 ","260 ","0.7612 ",
"NTP011N15MC","Active","H Pb   ","N-Channel, ","PowerTrench® T8, ","TO-220, ","Low-Medium Voltage, ","Standard, ","0, ","Single, ","0, ","150, ","10.9, ","±20, ","4.5, ","74.3, ","136.4, ","~NA~, ","~NA~, ","~NA~, ","37, ","2810, ","~NA~, ","210, ","840, ","14, ","TO-220-3 ","NA ","0 ","1.3308 ",
"NTP5D0N15MC","Active","H Pb   ","N-Channel, ","PowerTrench® T8, ","TO-220, ","Low-Medium Voltage, ","Standard, ","0, ","Single, ","0, ","150, ","5, ","±20, ","4.5, ","139, ","2.4, ","~NA~, ","~NA~, ","~NA~, ","75, ","6300, ","~NA~, ","189, ","1900, ","13, ","TO-220-3 ","NA ","0 ","2.2627 ",
"NTP6410ANG","Active","H Pb   ","N-Channel, ","PowerTrench® T1, ","TO-220, ","Low-Medium Voltage, ","Standard, ","0, ","Single, ","0, ","100, ","13, ","20, ","4, ","76, ","188, ","-, ","-, ","3.1, ","120, ","4500, ","57, ","300, ","650, ","250, ","TO-220-3 ","NA ","0 ","1.6844 ",
"NTP6412ANG","Active","H Pb   ","N-Channel, ","PowerTrench® T1, ","TO-220, ","Low-Medium Voltage, ","Standard, ","0, ","Single, ","0, ","100, ","18.2, ","20, ","4, ","58, ","167, ","-, ","-, ","2.5, ","73, ","2700, ","35, ","270, ","400, ","150, ","TO-220-3 ","NA ","0 ","1.0152 ",
"NTP7D3N15MC","Active","H Pb   ","N-Channel, ","PowerTrench® T8, ","TO-220, ","Low-Medium Voltage, ","Standard, ","0, ","Single, ","0, ","150, ","7.3, ","±20, ","4.5, ","101, ","166, ","~NA~, ","~NA~, ","~NA~, ","53, ","4250, ","~NA~, ","247, ","1250, ","15, ","TO-220-3 ","NA ","0 ","1.9099 ",
"NTTBC070NP10M5L","Active","H Pb   ","Complementary, ","PowerTrench® T1, ","Power 33 (u8FL), ","Low-Medium Voltage, ","Logic, ","0, ","Dual Series, ","0, ","±100, ","N:70, P:186, ","20, ","3, ","9.5, ","14, ","~NA~, ","N:102, ","3, ","N:5.6 / P:7.3, ","252, ","1.1, ","N:8/P:53, ","64, ","3, ","WDFN-8 ","1 ","260 ","0.4411 ",
"NTTFD018N08LC","Active","H Pb   ","N-Channel, ","PowerTrench® T8, ","Power 33, ","Low-Medium Voltage, ","Logic, ","0, ","Dual, ","0, ","80, ","18, ","20, ","2.5, ","26, ","1.7, ","-, ","29, ","6, ","12.4, ","856, ","1.71, ","51, ","230, ","10, ","WQFN-12 ","1 ","260 ","1.3826 ",
"NTTFD021N08C","Active","H Pb   ","N-Channel, ","PowerTrench® T8, ","Power 33, ","Low-Medium Voltage, ","Standard, ","0, ","Dual, ","0, ","80, ","21, ","20, ","4, ","24, ","1.7, ","-, ","-, ","-, ","8.4, ","572, ","1.8, ","82.5, ","227, ","11, ","WQFN-12 ","1 ","260 ","1.4653 ",
"NTTFD022N10C","Active","H Pb   ","N-Channel, ","PowerTrench® T8, ","Power 33, ","Low-Medium Voltage, ","Standard, ","0, ","Dual, ","0, ","100, ","25, ","20, ","4, ","24, ","1.7, ","-, ","-, ","-, ","9, ","585, ","2, ","35, ","354, ","8, ","WQFN-12 ","1 ","260 ","1.4197 ",
"NTTFD1D8N02P1E","Active","H Pb   ","N-Channel, ","PowerTrench® T8, ","Power 33 (u8FL), ","Low-Medium Voltage, ","Logic, ","0, ","Dual, ","0, ","25, ","Q1 = 42, Q2 = 1.4, ","+16, -12, ","2, ","Q1 = 61, Q2 = 126, ","Q1 = 25, Q2 = 36, ","N/A, ","Q1 = 5.3, Q2 = 1.8, ","Q1 = 9.5, Q2 = 19.1, ","Q1 = 12, Q2 = 37.5, ","Q1 = 873, Q2 = 2700, ","Q1 = 1, Q2 = 2.7, ","N/A, ","Q1 = 243, Q2 = 748, ","Q1 = 19, Q2 = 48, ","PQFN-8 ","1 ","260 ","0.6902 ",
"NTTFD2D8N03P1E","Active","H Pb   ","N-Channel, ","PowerTrench® T8, ","Power 33, ","Low-Medium Voltage, ","Logic, ","0, ","Dual, ","0, ","30, ","2.5, ","+16, -12, ","3, ","80, ","26, ","N/A, ","3, ","9.5, ","20.8, ","1500, ","2, ","N/A, ","483, ","29, ","WQFN-12 ","1 ","260 ","1.0174 ",
"NTTFD4D0N04HLTWG","Active","H Pb   ","N-Channel, ","PowerTrench® T1, ","Power 33, ","Low-Medium Voltage, ","Logic, ","0, ","Dual, ","0, ","40, ","4.5, ","20, ","2, ","60, ","1.7, ","-, ","7, ","8.6, ","18, ","1100, ","3.2, ","9, ","271, ","22, ","WQFN-12 ","1 ","260 ","0.7487 ",
"NTTFD4D1N03P1E","Active","H Pb   ","N-Channel, ","PowerTrench® T8, ","Power 33, ","Low-Medium Voltage, ","Logic, ","0, ","Dual, ","0, ","30, ","4.3, ","16, ","2.2, ","54, ","20, ","~NA~, ","4.5, ","6.7, ","15, ","1103, ","1.4, ","9.4, ","309, ","19, ","WQFN-12 ","1 ","260 ","0.5879 ",
"NTTFD9D0N06HLTWG","Active","H Pb   ","N-Channel, ","PowerTrench® T1, ","Power 33, ","Low-Medium Voltage, ","Logic, ","0, ","Dual, ","0, ","60, ","9, ","20, ","2, ","38, ","1.7, ","-, ","13, ","6.4, ","13.5, ","948, ","2.8, ","14, ","188, ","12.3, ","WQFN-12 ","1 ","260 ","0.8099 ",
"NTTFS002N04CTAG","Active","H Pb   ","N-Channel, ","PowerTrench® T6, ","Power 33 (u8FL), ","Low-Medium Voltage, ","Standard, ","0, ","Single, ","0, ","40, ","2.4, ","20, ","3.5, ","136, ","3.2, ","-, ","-, ","-, ","34, ","2250, ","5.7, ","50, ","1230, ","41, ","WDFN-8 ","1 ","260 ","0.3712 ",
"NTTFS002N04CLTAG","Active","H Pb   ","N-Channel, ","PowerTrench® T6, ","Power 33 (u8FL), ","Low-Medium Voltage, ","Logic, ","0, ","Single, ","0, ","40, ","2.2, ","20, ","2, ","142, ","3.2, ","~NA~, ","3.5, ","~NA~, ","49, ","2940, ","7.4, ","43, ","1260, ","47, ","WDFN-8 ","1 ","260 ","0.3712 ",
"NTTFS004N04CTAG","Active","H Pb   ","N-Channel, ","PowerTrench® T6, ","Power 33 (u8FL), ","Low-Medium Voltage, ","Standard, ","0, ","Single, ","0, ","40, ","4.9, ","±20, ","3.5, ","77, ","3.2, ","-, ","-, ","-, ","18, ","1150, ","-, ","18, ","600, ","25, ","WDFN-8 / u8FL ","1 ","260 ","0.1653 ",
"NTTFS004P02P8","Active","H Pb   ","P-Channel, ","PowerTrench® T1, ","Power 33 (u8FL), ","Low-Medium Voltage, ","Logic, ","0, ","Single, ","0, ","-20, ","~NA~, ","8, ","-1, ","-56, ","40, ","5.7, ","4, ","87, ","~NA~, ","8800, ","24, ","24, ","1520, ","1340, ","PQFN-8 ","1 ","260 ","0.84 ",
"NTTFS005N04CTAG","Active","H Pb   ","N-Channel, ","PowerTrench® T6, ","Power 33 (u8FL), ","Low-Medium Voltage, ","Standard, ","0, ","Single, ","0, ","40, ","5.6, ","20, ","3.5, ","69, ","3.1, ","-, ","-, ","-, ","16, ","1000, ","2.7, ","16, ","530, ","22, ","WDFN-8 / u8FL ","1 ","260 ","0.1739 ",
"NTTFS007P02P8","Active","H Pb   ","P-Channel, ","PowerTrench® T1, ","Power 33 (u8FL), ","Low-Medium Voltage, ","Logic, ","0, ","Single, ","0, ","-20, ","~NA~, ","8, ","-1, ","-56, ","30, ","9.8, ","6.5, ","44, ","~NA~, ","4956, ","11, ","10, ","678, ","618, ","PQFN-8 ","1 ","260 ","0.56 ",
"NTTFS008N04CTAG","Active","H Pb   ","N-Channel, ","PowerTrench® T6, ","Power 33 (u8FL), ","Low-Medium Voltage, ","Standard, ","0, ","Single, ","0, ","40, ","8.5, ","20, ","3.5, ","48, ","3.1, ","-, ","-, ","-, ","10, ","625, ","1.8, ","11, ","335, ","15, ","WDFN-8 / u8FL ","1 ","260 ","0.1577 ",
"NTTFS008P03P8Z","Active","H Pb   ","P-Channel, ","PowerTrench® T1, ","Power 33 (u8FL), ","Low-Medium Voltage, ","Logic, ","0, ","Single, ","0, ","-30, ","3.8, ","±20, ","-3, ","-83, ","50, ","N/A, ","6.5, ","82, ","134, ","5600, ","51, ","N/A, ","1940, ","1890, ","PQFN-8 ","1 ","260 ","0.6596 ",
"NTTFS010N10MCLTAG","Active","H Pb   ","N-Channel, ","PowerTrench® T8, ","Power 33 (u8FL), ","Low-Medium Voltage, ","Logic, ","0, ","Single, ","0, ","100, ","10.6, ","20, ","3, ","50, ","2.3, ","~NA~, ","15.9, ","10, ","22, ","1530, ","3, ","35, ","625, ","10, ","WDFN-8 ","1 ","260 ","0.6248 ",
"NTTFS012N10MDTAG","Active","H Pb   ","N-Channel, ","PowerTrench® T1, ","Power 33 (u8FL), ","Low-Medium Voltage, ","Standard, ","0, ","Single, ","0, ","100, ","14.4, ","20, ","4, ","45, ","62, ","~NA~, ","~NA~, ","~NA~, ","13, ","965, ","~NA~, ","34, ","270, ","8.4, ","WDFN-8 ","1 ","260 ","0.5858 ",
"NTTFS015N04CTAG","Active","H Pb   ","N-Channel, ","PowerTrench® T6, ","Power 33 (u8FL), ","Low-Medium Voltage, ","Standard, ","0, ","Single, ","0, ","40, ","17.3, ","±20, ","3.5, ","27, ","23, ","-, ","-, ","-, ","6.3, ","325, ","-, ","6, ","165, ","10, ","WDFN-8 / u8FL ","1 ","260 ","0.0997 ",
"NTTFS015P03P8ZTWG","Active","H Pb   ","P-Channel, ","PowerTrench® T1, ","Power 33 (u8FL), ","Low-Medium Voltage, ","Logic, ","0, ","Single, ","0, ","-30, ","9.3, ","±25, ","-3, ","47.6, ","33.8, ","-, ","15, ","37, ","62.3, ","2706, ","21.7, ","-, ","907, ","875, ","WDFN-8 / u8FL ","1 ","260 ","0.2692 ",
"NTTFS015P03P8ZTAG","Active","H Pb   ","P-Channel, ","PowerTrench® T1, ","Power 33 (u8FL), ","Low-Medium Voltage, ","Logic, ","0, ","Single, ","0, ","-30, ","9.3, ","±25, ","-3, ","47.6, ","33.8, ","-, ","15, ","37, ","62.3, ","2706, ","21.7, ","-, ","907, ","875, ","WDFN-8 / u8FL ","1 ","260 ","0.2533 ",
"NTTFS016N06CTAG","Active","H Pb   ","N-Channel, ","PowerTrench® T6, ","Power 33 (u8FL), ","Low-Medium Voltage, ","Standard, ","0, ","Single, ","0, ","60, ","16.3, ","20, ","4, ","32, ","36, ","~NA~, ","~NA~, ","~NA~, ","6.9, ","489, ","~NA~, ","15, ","319, ","5.8, ","WDFN-8 / u8FL ","1 ","260 ","0.1341 ",
"NTTFS020N06CTAG","Active","H Pb   ","N-Channel, ","PowerTrench® T6, ","Power 33 (u8FL), ","Low-Medium Voltage, ","Standard, ","0, ","Single, ","0, ","60, ","20.3, ","20, ","4, ","27, ","2.5, ","-, ","-, ","-, ","5.8, ","355, ","0.53, ","12, ","260, ","4.9, ","WDFN-8 / u8FL ","1 ","260 ","0.118 ",
"NTTFS024N06CTAG","Active","H Pb   ","N-Channel, ","PowerTrench® T6, ","Power 33 (u8FL), ","Low-Medium Voltage, ","Standard, ","0, ","Single, ","0, ","60, ","22.6, ","20, ","4, ","24, ","28, ","~NA~, ","~NA~, ","~NA~, ","5.7, ","333, ","~NA~, ","11, ","225, ","5.05, ","WDFN-8 / u8FL ","1 ","260 ","0.1208 ",
"NTTFS030N06CTAG","Active","H Pb   ","N-Channel, ","PowerTrench® T6, ","Power 33 (u8FL), ","Low-Medium Voltage, ","Standard, ","0, ","Single, ","0, ","60, ","29.7, ","20, ","4, ","19, ","2.5, ","-, ","-, ","-, ","4.7, ","255, ","0.54, ","9.7, ","173, ","4.4, ","WDFN-8 / u8FL ","1 ","260 ","0.1173 ",
"NTTFS030N10GTAG","Active","H Pb   ","N-Channel, ","PowerTrench® T8, ","Power 33 (u8FL), ","Low-Medium Voltage, ","Standard, ","Wide SOA, ","Single, ","0, ","100, ","30, ","20, ","4, ","35, ","75, ","~NA~, ","~NA~, ","~NA~, ","20.3, ","1436, ","~NA~, ","~NA~, ","138, ","17, ","WDFN-8 ","1 ","260 ","0.5691 ",
"NTTFS034N15MC","Active","H Pb   ","N-Channel, ","PowerTrench® T8, ","Power 33 (u8FL), ","Low-Medium Voltage, ","Standard, ","0, ","Single, ","0, ","150, ","31, ","20, ","4.5, ","27, ","2.8, ","-, ","-, ","-, ","12, ","905, ","1.8, ","126, ","270, ","5, ","PQFN-8 ","1 ","260 ","0.7728 ",
"NTTFS080N10GTAG","Active","H Pb   ","N-Channel, ","PowerTrench® T8, ","Power 33 (u8FL), ","Low-Medium Voltage, ","Standard, ","Wide SOA, ","Single, ","0, ","100, ","82, ","20, ","4, ","15, ","41, ","~NA~, ","~NA~, ","~NA~, ","7.4, ","547, ","~NA~, ","~NA~, ","50, ","6.3, ","WDFN-8 / u8FL ","1 ","260 ","0.2562 ",
"NTTFS115P10M5","Active","H Pb   ","P-Channel, ","PowerTrench® T1, ","Power 33 (u8FL), ","Low-Medium Voltage, ","Standard, ","0, ","Single, ","0, ","-100, ","120, ","±20, ","-4, ","-13, ","0.9, ","-, ","-, ","-, ","9.2, ","637, ","1.3, ","87.6, ","93.5, ","4.5, ","WDFN-8 ","1 ","260 ","0.3347 ",
"NTTFS1D2N02P1E","Active","H Pb   ","N-Channel, ","PowerTrench® T8, ","Power 33 (u8FL), ","Low-Medium Voltage, ","Logic, ","0, ","Single, ","0, ","25, ","1, ","16, ","2, ","180, ","52, ","~NA~, ","1.2, ","24, ","54, ","4040, ","3.9, ","25, ","1100, ","68, ","PQFN-8 ","1 ","260 ","0.8604 ",
"NTTFS1D4N04XMTAG","Active","H Pb   ","N-Channel, ","PowerTrench® T10, ","Power 33 (u8FL), ","Low-Medium Voltage, ","Standard, ","0, ","Single, ","0, ","40, ","1.43, ","20, ","3.5, ","178, ","83, ","-, ","-, ","-, ","35.4, ","2278, ","-, ","47, ","1621, ","36, ","WDFN-8 ","1 ","260 ","0.5677 ",
"NTTFS1D8N02P1E","Active","H Pb   ","N-Channel, ","PowerTrench® T8, ","Power 33 (u8FL), ","Low-Medium Voltage, ","Logic, ","0, ","Single, ","0, ","25, ","1.3, ","+16, -12, ","2, ","152, ","48, ","N/A, ","1.8, ","19, ","38, ","3159, ","2.8, ","N/A, ","860, ","41, ","PQFN-8 ","1 ","260 ","0.9833 ",
"NTTFS2D1N04HLTWG","Active","H Pb   ","N-Channel, ","PowerTrench® T1, ","Power 33 (u8FL), ","Low-Medium Voltage, ","Logic, ","0, ","Single, ","0, ","40, ","2.1, ","20, ","2, ","150, ","2.2, ","-, ","3.3, ","20.7, ","43.6, ","2745, ","6.2, ","17, ","645, ","38, ","PQFN-8 ","1 ","260 ","0.505 ",
"NTTFS2D8N04HLTAG","Active","H Pb   ","N-Channel, ","PowerTrench® T1, ","Power 33 (u8FL), ","Low-Medium Voltage, ","Logic, ","0, ","Single, ","0, ","40, ","2.75, ","20, ","2, ","104, ","3.2, ","-, ","4.3, ","15, ","32, ","1960, ","3.4, ","27.4, ","460, ","30, ","WDFN-8 ","1 ","260 ","0.4661 ",
"NTTFS3D7N06HLTWG","Active","H Pb   ","N-Channel, ","PowerTrench® T1, ","Power 33 (u8FL), ","Low-Medium Voltage, ","Logic, ","0, ","Single, ","0, ","60, ","3.9, ","20, ","2, ","103, ","2.2, ","-, ","5.2, ","15.1, ","32.7, ","2383, ","3.3, ","28, ","400, ","11.7, ","PQFN-8 ","1 ","260 ","0.7805 ",
"NTTFS4C02NTAG","Active","H Pb   ","N-Channel, ","PowerTrench® T6, ","Power 33 (u8FL), ","Low-Medium Voltage, ","Logic, ","0, ","Single, ","0, ","30, ","2.25, ","20, ","2.2, ","170, ","91, ","-, ","3.1, ","11.6, ","45, ","2980, ","4, ","28, ","1200, ","55, ","WDFN-8 / u8FL ","1 ","260 ","0.2001 ",
"NTTFS4C05NTAG","Active","H Pb   ","N-Channel, ","PowerTrench® T6, ","Power 33 (u8FL), ","Low-Medium Voltage, ","Logic, ","0, ","Single, ","0, ","30, ","3.6, ","20, ","2.1, ","75, ","33, ","-, ","5.1, ","8.4, ","3, ","1988, ","5.5, ","34.4, ","1224, ","71, ","WDFN-8 / u8FL ","1 ","260 ","0.1541 ",
"NTTFS4C06NTAG","Active","H Pb   ","N-Channel, ","PowerTrench® T6, ","Power 33 (u8FL), ","Low-Medium Voltage, ","Logic, ","0, ","Single, ","0, ","30, ","4.2, ","20, ","2.2, ","67, ","31, ","-, ","6.1, ","-, ","4, ","1683, ","4, ","22, ","841, ","40, ","WDFN-8 / u8FL ","1 ","260 ","0.1567 ",
"NTTFS4C08NTAG","Active","H Pb   ","N-Channel, ","PowerTrench® T6, ","Power 33 (u8FL), ","Low-Medium Voltage, ","Logic, ","0, ","Single, ","0, ","30, ","5.9, ","20, ","2.2, ","52, ","25.5, ","-, ","9, ","7.8, ","3.3, ","1113, ","3.3, ","15.3, ","702, ","39, ","WDFN-8 / u8FL ","1 ","260 ","0.1381 ",
"NTTFS4C10NTAG","Active","H Pb   ","N-Channel, ","PowerTrench® T6, ","Power 33 (u8FL), ","Low-Medium Voltage, ","Logic, ","0, ","Single, ","0, ","30, ","7.4, ","20, ","2.1, ","44, ","23.6, ","-, ","11, ","-, ","4.2, ","993, ","6.1, ","8.3, ","574, ","163, ","WDFN-8 / u8FL ","1 ","260 ","0.111 ",
"NTTFS4C13NTAG","Active","H Pb   ","N-Channel, ","PowerTrench® T6, ","Power 33 (u8FL), ","Low-Medium Voltage, ","Logic, ","0, ","Single, ","0, ","30, ","9.4, ","20, ","2.1, ","38, ","21.5, ","-, ","14, ","8.7, ","3.7, ","770, ","3.7, ","9.7, ","443, ","127, ","WDFN-8 / u8FL ","1 ","260 ","0.1531 ",
"NTTFS4D9N04XMTAG","Active","H Pb   ","N-Channel, ","PowerTrench® T10, ","Power 33 (u8FL), ","Low-Medium Voltage, ","Standard, ","0, ","Single, ","0, ","40, ","4.9, ","20, ","3.5, ","65, ","38, ","~NA~, ","~NA~, ","~NA~, ","10.4, ","668, ","~NA~, ","8.9, ","478, ","13.5, ","WDFN-8 / u8FL ","1 ","260 ","0.2287 ",
"NTTFS5116PLTWG","Active","H Pb   ","P-Channel, ","PowerTrench® T1, ","Power 33 (u8FL), ","Low-Medium Voltage, ","Logic, ","0, ","Single, ","0, ","-60, ","52, ","20, ","3, ","-20, ","40, ","-, ","72, ","8.4, ","25, ","1258, ","7, ","19, ","127, ","84, ","WDFN-8 / u8FL ","1 ","260 ","0.3024 ",
"NTTFS5116PLTAG","Active","H Pb   ","P-Channel, ","PowerTrench® T1, ","Power 33 (u8FL), ","Low-Medium Voltage, ","Logic, ","0, ","Single, ","0, ","-60, ","52, ","20, ","3, ","-20, ","40, ","-, ","72, ","8.4, ","25, ","1258, ","7, ","19, ","127, ","84, ","WDFN-8 / u8FL ","1 ","260 ","0.3692 ",
"NTTFS5C453NLTAG","Active","H Pb   ","N-Channel, ","PowerTrench® T6, ","Power 33 (u8FL), ","Low-Medium Voltage, ","Logic, ","0, ","Single, ","0, ","40, ","3, ","±20, ","2, ","107, ","68, ","-, ","4.8, ","7, ","35, ","2100, ","5, ","30, ","1000, ","42, ","WDFN-8 / u8FL ","1 ","260 ","0.2308 ",
"NTTFS5C453NLTWG","Active","H Pb   ","N-Channel, ","PowerTrench® T6, ","Power 33 (u8FL), ","Low-Medium Voltage, ","Logic, ","0, ","Single, ","0, ","40, ","3, ","±20, ","2, ","107, ","68, ","-, ","4.8, ","7, ","35, ","2100, ","5, ","30, ","1000, ","42, ","WDFN-8 / u8FL ","1 ","260 ","0.2308 ",
"NTTFS5C454NLTAG","Active","H Pb   ","N-Channel, ","PowerTrench® T6, ","Power 33 (u8FL), ","Low-Medium Voltage, ","Logic, ","0, ","Single, ","0, ","40, ","3.8, ","±20, ","2, ","85, ","55, ","-, ","6, ","9, ","18, ","1600, ","2.1, ","200, ","590, ","21, ","WDFN-8 / u8FL ","1 ","260 ","0.1924 ",
"NTTFS5C460NLTAG","Active","H Pb   ","N-Channel, ","PowerTrench® T6, ","Power 33 (u8FL), ","Low-Medium Voltage, ","Logic, ","0, ","Single, ","0, ","40, ","4.8, ","±20, ","2, ","74, ","3.1, ","-, ","7.6, ","-, ","11, ","1300, ","-, ","12, ","530, ","22, ","WDFN-8 / u8FL ","1 ","260 ","0.1783 ",
"NTTFS5C466NLTAG","Active","H Pb   ","N-Channel, ","PowerTrench® T6, ","Power 33 (u8FL), ","Low-Medium Voltage, ","Logic, ","0, ","Single, ","0, ","40, ","7.3, ","20, ","2.2, ","51, ","38, ","-, ","12, ","4.5, ","7, ","880, ","2.5, ","6, ","340, ","16, ","WDFN-8 / u8FL ","1 ","260 ","0.1528 ",
"NTTFS5C658NLTAG","Active","H Pb   ","N-Channel, ","PowerTrench® T6, ","Power 33 (u8FL), ","Low-Medium Voltage, ","Logic, ","0, ","Single, ","0, ","60, ","5, ","20, ","2.2, ","109, ","3.2, ","-, ","7.3, ","12, ","27, ","1935, ","2.4, ","15, ","890, ","16, ","WDFN-8 / u8FL ","1 ","260 ","0.2577 ",
"NTTFS5C670NLTAG","Active","H Pb   ","N-Channel, ","PowerTrench® T6, ","Power 33 (u8FL), ","Low-Medium Voltage, ","Logic, ","0, ","Single, ","0, ","60, ","6.5, ","20, ","2, ","70, ","63, ","-, ","9.1, ","-, ","20, ","1400, ","2, ","19, ","690, ","15, ","WDFN-8 / u8FL ","1 ","260 ","0.9201 ",
"NTTFS5C673NLTAG","Active","H Pb   ","N-Channel, ","PowerTrench® T1, ","Power 33 (u8FL), ","Low-Medium Voltage, ","Logic, ","0, ","Single, ","0, ","60, ","9.3, ","±20, ","2, ","50, ","46, ","-, ","13.3, ","10.5, ","9.5, ","880, ","0.8, ","18, ","450, ","11, ","WDFN-8 / u8FL ","1 ","260 ","0.1691 ",
"NTTFS5C680NLTAG","Active","H Pb   ","N-Channel, ","PowerTrench® T6, ","Power 33 (u8FL), ","Low-Medium Voltage, ","Logic, ","0, ","Single, ","0, ","60, ","26.5, ","20, ","2.2, ","20, ","20, ","~NA~, ","42.5, ","2.9, ","6, ","327, ","0.8, ","7, ","161, ","6, ","WDFN-8 / u8FL ","1 ","260 ","0.0995 ",
"NTTFS5CS73NLTAG","Active","H Pb   ","N-Channel, ","PowerTrench® T6, ","Power 33 (u8FL), ","Low-Medium Voltage, ","Logic, ","0, ","Single, ","0, ","60, ","9.3, ","±20, ","2, ","50, ","46, ","-, ","13.3, ","4.5, ","9.5, ","880, ","0.8, ","18, ","450, ","11, ","WDFN-8 / u8FL ","1 ","260 ","0.1494 ",
"NTTFS5D1N06HLTAG","Active","H Pb   ","N-Channel, ","PowerTrench® T8, ","Power 33 (u8FL), ","Low-Medium Voltage, ","Logic, ","0, ","Single, ","0, ","60, ","5.2, ","20, ","2, ","78, ","3.2, ","-, ","7.1, ","10.3, ","22.5, ","1610, ","3, ","37, ","313, ","12.2, ","WDFN-8 ","1 ","260 ","0.4791 ",
"NTTFS5D6N08XLTAG","Active","H Pb   ","N-Channel, ","PowerTrench® T10, ","Power 33 (u8FL), ","Low-Medium Voltage, ","Standard, ","0, ","Single, ","0, ","80, ","5.3, ","20, ","2.1, ","79, ","82, ","~NA~, ","8.4, ","14, ","28, ","1800, ","~NA~, ","96, ","450, ","14, ","WDFN-8 ","1 ","260 ","0.434 ",
"NTTFS5D9N08HTWG","Active","H Pb   ","N-Channel, ","PowerTrench® T1, ","Power 33 (u8FL), ","Low-Medium Voltage, ","Standard, ","0, ","Single, ","0, ","80, ","5.9, ","20, ","4, ","84, ","2.7, ","-, ","-, ","-, ","31, ","2040, ","6.8, ","28, ","303, ","12, ","PQFN-8 ","1 ","260 ","0.8195 ",
"NTTFS6H850NTAG","Active","H Pb   ","N-Channel, ","PowerTrench® T8, ","Power 33 (u8FL), ","Low-Medium Voltage, ","Standard, ","0, ","Single, ","0, ","80, ","9.5, ","20, ","4, ","68, ","107, ","-, ","-, ","12.6, ","19, ","1140, ","3.7, ","40, ","175, ","10, ","WDFN-8 / u8FL ","1 ","260 ","0.3926 ",
"NTTFS6H850NLTAG","Active","H Pb   ","N-Channel, ","PowerTrench® T8, ","Power 33 (u8FL), ","Low-Medium Voltage, ","Logic, ","0, ","Single, ","0, ","80, ","8.6, ","20, ","2, ","64, ","3.9, ","-, ","11, ","13, ","26, ","1450, ","4.2, ","40, ","182, ","10, ","WDFN-8 / u8FL ","1 ","260 ","0.3687 ",
"NTTFS6H854NLTAG","Active","H Pb   ","N-Channel, ","PowerTrench® T8, ","Power 33 (u8FL), ","Low-Medium Voltage, ","Logic, ","0, ","Single, ","0, ","80, ","13.4, ","20, ","2, ","41, ","3.2, ","-, ","17.3, ","8, ","17, ","902, ","2.9, ","25, ","118, ","7, ","WDFN-8 / u8FL ","1 ","260 ","0.2642 ",
"NTTFS6H860NLTAG","Active","H Pb   ","N-Channel, ","PowerTrench® T8, ","Power 33 (u8FL), ","Low-Medium Voltage, ","Logic, ","0, ","Single, ","0, ","80, ","20, ","20, ","2, ","30, ","3.1, ","-, ","26, ","6, ","12, ","610, ","2, ","21, ","83, ","5, ","WDFN-8 / u8FL ","1 ","260 ","0.2077 ",
"NTTFS6H880NLTAG","Active","H Pb   ","N-Channel, ","PowerTrench® T8, ","Power 33 (u8FL), ","Low-Medium Voltage, ","Logic, ","0, ","Single, ","0, ","80, ","29, ","20, ","2, ","22, ","3.1, ","-, ","38, ","4, ","9, ","431, ","1.5, ","17, ","56, ","4, ","WDFN-8 / u8FL ","1 ","260 ","0.1787 ",
"NTTFS6H888NLTAG","Active","H Pb   ","N-Channel, ","PowerTrench® T8, ","Power 33 (u8FL), ","Low-Medium Voltage, ","Logic, ","0, ","Single, ","0, ","80, ","50, ","20, ","2, ","14, ","2.9, ","-, ","67, ","3, ","6, ","258, ","1, ","13, ","36, ","3, ","WDFN-8 / u8FL ","1 ","260 ","0.1993 ",
"NTTFS8D1N08HTAG","Active","H Pb   ","N-Channel, ","PowerTrench® T8, ","Power 33 (u8FL), ","Low-Medium Voltage, ","Standard, ","0, ","Single, ","0, ","80, ","8.3, ","20, ","4, ","61, ","3.2, ","-, ","-, ","-, ","23, ","1450, ","4.2, ","46.8, ","776, ","46, ","WDFN-8 ","1 ","260 ","0.5052 ",
"NTTFSS002N04HL","Active","H Pb   ","N-Channel, ","PowerTrench® T6, ","Power 33 Source Down, ","Low-Medium Voltage, ","Logic, ","0, ","Single, ","0, ","40, ","2.1, ","20, ","2, ","150, ","84, ","~NA~, ","3.1, ","20.3, ","43, ","2760, ","8.4, ","26.6, ","655, ","43, ","WDFN9 3.3x3.3, 0.65P ","1 ","260 ","0.8512 ",
"NTTFSS1D1N02P1E","Active","H Pb   ","N-Channel, ","PowerTrench® T8, ","Power 33 Source Down, ","Low-Medium Voltage, ","Logic, ","0, ","Single, ","0, ","25, ","0.85, ","±16, ","2, ","228, ","83, ","N/A, ","1.04, ","28, ","N/A, ","4758, ","4.2, ","N/A, ","1295, ","11.4, ","WDFN9 3.3x3.3, 0.65P ","1 ","260 ","1.008 ",
"NTTFSSCH0D7N02X","Active","H Pb   ","N-Channel, ","PowerTrench® T10, ","Power 33 Dual Cool Source Down, ","Low-Medium Voltage, ","Logic, ","0, ","Single, ","0, ","25, ","0.72, ","20, ","2.1, ","276, ","86, ","~NA~, ","0.92, ","28, ","65, ","4510, ","5.6, ","110, ","1190, ","135, ","WDFN9 3.30x3.30x0.58, 0.65P ","1 ","260 ","0.882 ",
"NTTFSSCH1D3N04XL","Active","H Pb   ","N-Channel, ","PowerTrench® T10, ","Power 33 Dual Cool Source Down, ","Low-Medium Voltage, ","Logic, ","0, ","Single, ","0, ","40, ","1.3, ","20, ","2.2, ","207, ","107, ","~NA~, ","1.7, ","21, ","47, ","3480, ","~NA~, ","84, ","920, ","32, ","WDFN9 3.30x3.30x0.58, 0.65P ","1 ","260 ","0.882 ",
"NTTFSSCH4D0N08XLTWG","Active","H Pb   ","N-Channel, ","PowerTrench® T10, ","Power 33 Dual Cool Source Down, ","Low-Medium Voltage, ","Logic, ","0, ","Single, ","0, ","80, ","3.6, ","20, ","2.1, ","107, ","102, ","~NA~, ","5.3, ","19, ","40, ","2520, ","~NA~, ","109, ","630, ","18, ","WDFN9 3.30x3.30x0.58, 0.65P ","1 ","260 ","0.6728 ",
"NTTFSSH0D7N02X","Active","H Pb   ","N-Channel, ","PowerTrench® T10, ","Power 33 Source Down, ","Low-Medium Voltage, ","Logic, ","0, ","Single, ","0, ","25, ","0.72, ","20, ","2.1, ","276, ","86, ","~NA~, ","0.92, ","28, ","65, ","4510, ","5.6, ","110, ","1190, ","135, ","WDFN9 3.3x3.3, 0.65P ","1 ","260 ","0.8854 ",
"NTTFSSH1D3N04XL","Active","H Pb   ","N-Channel, ","PowerTrench® T10, ","Power 33 Source Down, ","Low-Medium Voltage, ","Logic, ","0, ","Single, ","0, ","40, ","1.3, ","20, ","2.2, ","207, ","107, ","~NA~, ","1.7, ","21, ","47, ","3480, ","~NA~, ","84, ","920, ","32, ","WDFN9 3.3x3.3, 0.65P ","1 ","260 ","0.9554 ",
"NTTYS009N08HLTWG","Active","H Pb   ","N-Channel, ","PowerTrench® T8, ","Power 33 LFPAK, ","Low-Medium Voltage, ","Logic, ","0, ","Single, ","0, ","80, ","8.6, ","20, ","2, ","58, ","73, ","~NA~, ","11, ","~NA~, ","24, ","1402, ","4.3, ","27, ","10.5, ","187, ","LFPAK8 3.3x3.3, 0.65P ","1 ","260 ","0.5143 ",
"NVBLS001N06C","Active, Not Rec","H Pb A P ","N-Channel, ","PowerTrench® T6, ","Power 1012 (TOLL), ","Low-Medium Voltage, ","Standard, ","0, ","Single, ","0, ","60, ","0.9, ","20, ","4, ","422, ","284, ","~NA~, ","~NA~, ","~NA~, ","143, ","11575, ","~NA~, ","322, ","5973, ","76, ","TO-LL 8L ","1 ","260 ","5.6079 ",
"NVBLS001N06CAF","Product Preview","H Pb A P ","N-Channel, ","PowerTrench® T6, ","Power 1012(TOLL), ","Low-Medium Voltage, ","Standard, ","0, ","Single, ","0, ","60, ","0.9, ","20, ","4, ","422, ","284, ","~NA~, ","~NA~, ","~NA~, ","143, ","11575, ","~NA~, ","322, ","5973, ","76, ","TO-LL 8L ","1 ","260 ","0.0 ",
"NVBLS0D5N04CTXG","Active","H Pb A P ","N-Channel, ","PowerTrench® T6, ","Power 1012 (TOLL), ","Low-Medium Voltage, ","Standard, ","0, ","Single, ","0, ","40, ","0.57, ","+20 / -16, ","4, ","300, ","198.4, ","~NA~, ","~NA~, ","~NA~, ","185, ","12600, ","~NA~, ","288, ","6705, ","135, ","TO-LL 8L ","1 ","260 ","4.2835 ",
"NVBLS0D7N06C","Active","H Pb A P ","N-Channel, ","PowerTrench® T6, ","Power 1012 (TOLL), ","Low-Medium Voltage, ","Standard, ","0, ","Single, ","0, ","60, ","0.75, ","20, ","4, ","458, ","314, ","~NA~, ","~NA~, ","~NA~, ","170, ","13730, ","~NA~, ","386, ","6912, ","92, ","TO-LL 8L ","1 ","260 ","6.6912 ",
"NVBLS0D7N06CAF","Active","H Pb A P ","N-Channel, ","PowerTrench® T6, ","Power 1012(TOLL), ","Low-Medium Voltage, ","Standard, ","0, ","Single, ","0, ","60, ","0.75, ","20, ","4, ","458, ","314, ","~NA~, ","~NA~, ","~NA~, ","170, ","13730, ","~NA~, ","386, ","6912, ","92, ","TO-LL 8L ","1 ","260 ","7.7577 ",
"NVBLS0D8N08XTXG","Active, Not Rec","H Pb A P ","N-Channel, ","PowerTrench® T10, ","Power 1012 (TOLL), ","Low-Medium Voltage, ","Standard, ","0, ","Single, ","0, ","80, ","0.8, ","20, ","2.63, ","213, ","218, ","~NA~, ","~NA~, ","~NA~, ","197, ","13350, ","~NA~, ","194, ","4690, ","126, ","TO-LL 8L ","1 ","260 ","4.0174 ",
"NVBLS1D1N08H","Active","H Pb A P ","N-Channel, ","PowerTrench® T8, ","Power 1012 (TOLL), ","Low-Medium Voltage, ","Standard, ","0, ","Single, ","0, ","80, ","1.05, ","±20, ","4, ","351, ","311, ","~NA~, ","~NA~, ","~NA~, ","166, ","11200, ","~NA~, ","234, ","1600, ","49, ","TO-LL 8L ","1 ","260 ","3.7171 ",
"NVBLS1D2N08XTXG","Active","H Pb A P ","N-Channel, ","PowerTrench® T10, ","Power 1012 (TOLL), ","Low-Medium Voltage, ","Standard, ","0, ","Single, ","NVBLS1D1N08H, ","80V, ","1.1, ","20, ","3.6, ","299, ","197, ","~NA~, ","~NA~, ","~NA~, ","121, ","8618, ","19, ","307, ","2458, ","37, ","TO-LL 8L ","1 ","260 ","3.2954 ",
"NVBLS1D5N10MCTXG","Active","H Pb A P ","N-Channel, ","PowerTrench® T8, ","Power 1012 (TOLL), ","Low-Medium Voltage, ","Standard, ","0, ","Single, ","0, ","100, ","1.5, ","20, ","4, ","300, ","4.5, ","~NA~, ","~NA~, ","~NA~, ","131, ","10100, ","~NA~, ","143, ","5100, ","84, ","TO-LL 8L ","1 ","260 ","3.6314 ",
"NVBLS1D7N08H","Active","H Pb A P ","N-Channel, ","PowerTrench® T8, ","Power 1012 (TOLL), ","Low-Medium Voltage, ","Logic, ","0, ","Single, ","0, ","80, ","1.7, ","±20, ","4, ","241, ","237, ","NA, ","NA, ","NA, ","121, ","7675, ","NA, ","138, ","1059, ","41, ","TO-LL 8L ","1 ","260 ","2.1393 ",
"NVBLS1D7N10MCTXG","Active","H Pb A P ","N-Channel, ","PowerTrench® T8, ","Power 1012 (TOLL), ","Low-Medium Voltage, ","Standard, ","0, ","Single, ","0, ","100, ","1.8, ","20, ","4, ","265, ","303, ","~NA~, ","~NA~, ","~NA~, ","115, ","9200, ","~NA~, ","160, ","4600, ","79, ","TO-LL 8L ","1 ","260 ","3.3026 ",
"NVBLS4D0N15MC","Active","H Pb A P ","N-Channel, ","PowerTrench® T8, ","Power 1012 (TOLL), ","Low-Medium Voltage, ","Standard, ","0, ","Single, ","0, ","150, ","4.4, ","±20, ","±20, ","187, ","316, ","~NA~, ","~NA~, ","~NA~, ","90.4, ","7490, ","~NA~, ","180, ","2055, ","27.2, ","TO-LL 8L ","1 ","260 ","5.3603 ",
"NVBYST001N08XTXG","Active","H Pb A P ","N-Channel, ","PowerTrench® T10, ","Power 1012 (TCPAK), ","Low-Medium Voltage, ","Standard, ","0, ","Single, ","0, ","80, ","1.19, ","20, ","3.6, ","467, ","517, ","~NA~, ","~NA~, ","~NA~, ","121, ","8678, ","~NA~, ","506, ","2490, ","37, ","TCPAK16 8.80x10.10, 1.20P (TCPAK1012) ","3 ","260 ","2.101 ",
"NVBYST0D6N08XTXG","Active","H Pb A P ","N-Channel, ","PowerTrench® T10, ","Power 1012 (TCPAK), ","Low-Medium Voltage, ","Standard, ","0, ","Single, ","0, ","80, ","0.64, ","20, ","3.6, ","767, ","750, ","~NA~, ","~NA~, ","~NA~, ","228, ","16419, ","0, ","777, ","4654, ","69, ","TCPAK16 8.80x10.10, 1.20P (TCPAK1012) ","3 ","260 ","3.8771 ",
"NVBYST0D8N08XTXG","Active","H Pb A P ","N-Channel, ","PowerTrench® T10, ","Power 1012 (TCPAK), ","Low-Medium Voltage, ","Standard, ","0, ","Single, ","0, ","80, ","0.79, ","20, ","3.6, ","643, ","652, ","~NA~, ","~NA~, ","~NA~, ","182, ","13097, ","~NA~, ","609, ","3744, ","56, ","TCPAK16 8.80x10.10, 1.20P (TCPAK1012) ","3 ","260 ","3.2726 ",
"NVBYST1D4N08XTXG","Active","H Pb A P ","N-Channel, ","PowerTrench® T10, ","Power 1012 (TCPAK), ","Low-Medium Voltage, ","Standard, ","0, ","Single, ","0, ","80, ","1.4, ","20, ","3.6, ","396, ","441, ","~NA~, ","~NA~, ","~NA~, ","96, ","6895, ","~NA~, ","409, ","1981, ","48, ","TCPAK16 8.80x10.10, 1.20P (TCPAK1012) ","3 ","260 ","1.7904 ",
"NVCR4LS004N10MCA","Active","H Pb A P ","N-Channel, ","PowerTrench® T8, ","Bare Die, ","Low-Medium Voltage, ","Standard, ","0, ","Single, ","0, ","100, ","4, ","20, ","4, ","184, ","300, ","~NA~, ","~NA~, ","~NA~, ","47, ","3240, ","10, ","243, ","1950, ","26, ","- ","NA ","0 ","1.7668 ",
"NVCR4LS1D3N08M7A","Active","H Pb A P ","N-Channel, ","PowerTrench® T6, ","Bare Die, ","Low-Medium Voltage, ","Standard, ","0, ","Single, ","0, ","80, ","1.27, ","20, ","4, ","371, ","429, ","~NA~, ","~NA~, ","~NA~, ","172, ","12800, ","~NA~, ","205, ","1925, ","139, ","- ","NA ","0 ","0.0 ",
"NVCR4LS1D4N10MCA","Active","H Pb A P ","N-Channel, ","PowerTrench® T8, ","Bare Die, ","Low-Medium Voltage, ","Standard, ","0, ","Single, ","0, ","100, ","1.4, ","20, ","4, ","300, ","331, ","~NA~, ","~NA~, ","~NA~, ","131, ","10100, ","~NA~, ","143, ","5100, ","84, ","- ","NA ","0 ","3.7667 ",
"NVCR4LS1D6N10MCA","Active","H Pb A P ","N-Channel, ","PowerTrench® T8, ","Bare Die, ","Low-Medium Voltage, ","Standard, ","0, ","Single, ","0, ","100, ","1.6, ","20, ","4, ","265, ","303, ","~NA~, ","~NA~, ","~NA~, ","115, ","9200, ","~NA~, ","160, ","4600, ","79, ","- ","NA ","0 ","3.3999 ",
"NVCR4LS1D7N08M7A","Active","H Pb A P ","N-Channel, ","PowerTrench® T6, ","Bare Die, ","Low-Medium Voltage, ","Standard, ","0, ","Single, ","0, ","80, ","1.75, ","20, ","4, ","295, ","357, ","~NA~, ","~NA~, ","~NA~, ","130, ","10000, ","24, ","118, ","1540, ","70, ","- ","NA ","0 ","1.4548 ",
"NVCR4LS2D5N10MCA","Active","H Pb A P ","N-Channel, ","PowerTrench® T8, ","Bare Die, ","Low-Medium Voltage, ","Standard, ","0, ","Single, ","0, ","100, ","2.5, ","20, ","4, ","252, ","357, ","~NA~, ","~NA~, ","~NA~, ","73, ","5120, ","17, ","175, ","3220, ","32, ","- ","NA ","0 ","2.7667 ",
"NVCR4LS2D8N08M7A","Active","H Pb A P ","N-Channel, ","PowerTrench® T6, ","Bare Die, ","Low-Medium Voltage, ","Standard, ","0, ","Single, ","0, ","80, ","2.8, ","20, ","4, ","221, ","300, ","~NA~, ","~NA~, ","~NA~, ","86, ","6320, ","18, ","95, ","1030, ","32, ","- ","NA ","0 ","0.9488 ",
"NVCR4LS3D6N08M7A","Active","H Pb A P ","N-Channel, ","PowerTrench® T6, ","Bare Die, ","Low-Medium Voltage, ","Standard, ","0, ","Single, ","0, ","80, ","3.6, ","20, ","4, ","164, ","227, ","~NA~, ","~NA~, ","~NA~, ","68, ","4840, ","14, ","66, ","814, ","31, ","- ","NA ","0 ","0.7374 ",
"NVCR8LS4D1N15MCA","Active","H Pb A P ","N-Channel, ","PowerTrench® T8, ","Bare Die, ","Low-Medium Voltage, ","Standard, ","0, ","Single, ","0, ","150, ","4.1, ","20, ","4.5, ","171, ","300, ","~NA~, ","~NA~, ","~NA~, ","90.4, ","7490, ","12.6, ","180, ","2055, ","27.2, ","- ","NA ","0 ","3.2334 ",
"NVCW3SS0D5N03CLA","Active","H Pb A P ","N-Channel, ","PowerTrench® T1, ","Bare Die, ","Low-Medium Voltage, ","Logic, ","0, ","Single, ","0, ","30, ","0.52, ","20, ","2.2, ","370, ","161, ","~NA~, ","0.85, ","63, ","139, ","10144, ","13, ","147, ","5073, ","148, ","- ","NA ","0 ","1.1808 ",
"NVCW4LS001N08HA","Active","H Pb A P ","N-Channel, ","PowerTrench® T8, ","Bare Die, ","Low-Medium Voltage, ","Standard, ","0, ","Single, ","0, ","80, ","1, ","20, ","4, ","351, ","311, ","~NA~, ","~NA~, ","~NA~, ","166, ","11200, ","~NA~, ","234, ","1600, ","49, ","- ","NA ","0 ","3.1999 ",
"SVD2955T4G","Active","H Pb A P ","P-Channel, ","PowerTrench® T1, ","DPAK, ","Low-Medium Voltage, ","Standard, ","0, ","Single, ","0, ","-60, ","180, ","20, ","-4, ","-12, ","55, ","-, ","-, ","-, ","15, ","500, ","-, ","-, ","-, ","-, ","DPAK-3 ","1 ","260 ","0.6167 ",
"NVD3055-094T4G-VF01","Active, Not Rec","H Pb A P ","N-Channel, ","PowerTrench® T1, ","DPAK, ","Low-Medium Voltage, ","Standard, ","0, ","Single, ","0, ","60, ","94, ","20, ","4, ","12, ","48, ","-, ","-, ","-, ","10.9, ","323, ","-, ","47, ","107, ","34, ","DPAK-3 ","1 ","260 ","0.4659 ",
"NVD3055-150T4G-VF01","Active","H Pb A P ","N-Channel, ","PowerTrench® T1, ","DPAK, ","Low-Medium Voltage, ","Standard, ","0, ","Single, ","0, ","60, ","150, ","20, ","4, ","9, ","28.8, ","-, ","-, ","-, ","7.1, ","200, ","-, ","36, ","70, ","26, ","DPAK-3 ","1 ","260 ","0.6035 ",
"NVD4808NT4G","Consult Sales Office","H Pb A P ","N-Channel, ","PowerTrench® T1, ","NA, ","Low-Medium Voltage, ","Logic, ","0, ","Single, ","0, ","30, ","8, ","20, ","2.5, ","63, ","54.6, ","-, ","12.4, ","11.3, ","26, ","1538, ","4.9, ","9.7, ","334, ","180, ","DPAK-3 ","1 ","260 ","0.0 ",
"NVD4809NT4G","Consult Sales Office","H Pb A P ","N-Channel, ","PowerTrench® T1, ","NA, ","Low-Medium Voltage, ","Logic, ","0, ","Single, ","0, ","30, ","9, ","20, ","2.5, ","58, ","52, ","-, ","14, ","11, ","25, ","1456, ","-, ","-, ","315, ","200, ","DPAK-3 ","1 ","260 ","0.0 ",
"NVD4813NHT4G","Consult Sales Office"," Pb A P ","N-Channel, ","PowerTrench® T1, ","NA, ","Low-Medium Voltage, ","Logic, ","0, ","Single, ","0, ","30, ","13, ","20, ","2.5, ","40, ","35, ","-, ","25.9, ","7.1, ","18.2, ","940, ","-, ","-, ","201, ","115, ","DPAK-3 ","1 ","260 ","0.0 ",
"NVD4C05NT4G","Consult Sales Office","H Pb A P ","N-Channel, ","PowerTrench® T6, ","DPAK, ","Low-Medium Voltage, ","Logic, ","0, ","Single, ","0, ","30, ","4.1, ","20, ","2.2, ","61, ","57, ","-, ","6, ","-, ","14, ","1970, ","3.2, ","-, ","725, ","30, ","DPAK-3 ","1 ","260 ","1.0033 ",
"NVD5117PLT4G-VF01","Active, Not Rec","H Pb A P ","P-Channel, ","PowerTrench® T1, ","DPAK, ","Low-Medium Voltage, ","Logic, ","0, ","Single, ","0, ","-60, ","16, ","20, ","-2.5, ","-61, ","118, ","-, ","22, ","7.8, ","85, ","4800, ","28, ","44, ","480, ","320, ","DPAK-3 ","1 ","260 ","1.1618 ",
"SVD5117PLT4G","Consult Sales Office","H Pb A P ","P-Channel, ","NA, ","NA, ","Low-Medium Voltage, ","Logic, ","0, ","Single, ","0, ","-60, ","16, ","20, ","-2.5, ","-61, ","118, ","-, ","22, ","7.8, ","85, ","4800, ","-, ","-, ","-, ","-, ","DPAK-3 ","1 ","260 ","0.0 ",
"NVD5407NT4G","Active, Not Rec","H Pb A P ","N-Channel, ","PowerTrench® T1, ","DPAK, ","Low-Medium Voltage, ","Standard, ","0, ","Single, ","0, ","40, ","26, ","20, ","3.5, ","38, ","75, ","-, ","-, ","-, ","20, ","615, ","10.5, ","40, ","173, ","80, ","DPAK-3 ","1 ","260 ","0.0 ",
"NVD5484NLT4G-VF01","Active, Not Rec","H Pb A P ","N-Channel, ","PowerTrench® T1, ","DPAK, ","Low-Medium Voltage, ","Logic, ","0, ","Single, ","0, ","60, ","-, ","-, ","-, ","-, ","-, ","-, ","-, ","-, ","-, ","-, ","-, ","-, ","-, ","-, ","DPAK-3 ","1 ","260 ","0.6986 ",
"NVD5490NLT4G-VF01","Active, Not Rec","H Pb A P ","N-Channel, ","PowerTrench® T1, ","DPAK, ","Low-Medium Voltage, ","Logic, ","0, ","Single, ","0, ","60, ","64, ","20, ","2.5, ","17, ","49, ","-, ","85, ","-, ","14, ","365, ","5.4, ","27, ","91, ","46, ","DPAK-3 ","1 ","260 ","0.3559 ",
"NVD5805NT4G-VF01","Active, Not Rec","H Pb A P ","N-Channel, ","PowerTrench® T1, ","DPAK, ","Low-Medium Voltage, ","Logic, ","0, ","Single, ","0, ","40, ","9.5, ","20, ","3.5, ","51, ","47, ","-, ","16, ","-, ","33, ","1725, ","9.8, ","15.5, ","220, ","160, ","DPAK-3 ","1 ","260 ","0.0 ",
"SVD5867NLT4G","Active","H Pb A P ","N-Channel, ","PowerTrench® T1, ","DPAK, ","Low-Medium Voltage, ","Logic, ","0, ","Single, ","0, ","60, ","39, ","±20, ","2.5, ","22, ","43, ","-, ","50, ","-, ","15, ","675, ","-, ","-, ","-, ","-, ","DPAK-3 ","1 ","260 ","0.3987 ",
"SVD5867NLT4G-UM","Active","H Pb A P ","N-Channel, ","PowerTrench® T1, ","DPAK, ","Low-Medium Voltage, ","Logic, ","0, ","Single, ","0, ","60, ","-, ","-, ","-, ","-, ","-, ","-, ","-, ","-, ","-, ","-, ","-, ","-, ","-, ","-, ","DPAK-3 ","1 ","260 ","0.2991 ",
"NVD5C434NT4G","Active","H Pb A P ","N-Channel, ","PowerTrench® T6, ","DPAK, ","Low-Medium Voltage, ","Standard, ","0, ","Single, ","0, ","40, ","2.1, ","20, ","4, ","163, ","117, ","-, ","-, ","-, ","80.6, ","5400, ","15.4, ","120, ","3000, ","71, ","DPAK-3 ","1 ","260 ","1.5344 ",
"NVD5C446NT4G","Active","H Pb A P ","N-Channel, ","PowerTrench® T6, ","DPAK, ","Low-Medium Voltage, ","Standard, ","0, ","Single, ","0, ","40, ","3.5, ","20, ","4, ","101, ","101, ","-, ","-, ","-, ","34.3, ","2300, ","5.8, ","40, ","1200, ","40, ","DPAK-3 ","1 ","260 ","0.8999 ",
"NVD5C454NT4G","Active","H Pb A P ","N-Channel, ","PowerTrench® T6, ","DPAK, ","Low-Medium Voltage, ","Standard, ","0, ","Single, ","0, ","40, ","4.2, ","20, ","4, ","83, ","56, ","-, ","-, ","-, ","32, ","1900, ","6.6, ","20, ","950, ","48, ","DPAK-3 ","1 ","260 ","1.2815 ",
"NVD5C454NLT4G","Active","H Pb A P ","N-Channel, ","PowerTrench® T6, ","DPAK, ","Low-Medium Voltage, ","Logic, ","0, ","Single, ","0, ","40, ","3.9, ","20, ","2.2, ","88, ","56, ","-, ","5.7, ","21, ","43, ","2600, ","6.9, ","30, ","1000, ","43, ","DPAK-3 ","1 ","260 ","1.1786 ",
"NVD5C460NT4G","Active","H Pb A P ","N-Channel, ","PowerTrench® T6, ","DPAK, ","Low-Medium Voltage, ","Standard, ","0, ","Single, ","0, ","40, ","4.9, ","20, ","4, ","70, ","47, ","-, ","-, ","-, ","26, ","1600, ","5.1, ","10, ","800, ","38, ","DPAK-3 ","1 ","260 ","1.0725 ",
"NVD5C460NLT4G","Active","H Pb A P ","N-Channel, ","PowerTrench® T6, ","DPAK, ","Low-Medium Voltage, ","Logic, ","0, ","Single, ","0, ","40, ","4.6, ","20, ","2.2, ","73, ","47, ","-, ","6.5, ","17, ","36, ","2100, ","5.7, ","30, ","800, ","36, ","DPAK-3 ","1 ","260 ","1.0725 ",
"NVD5C464NT4G","Active","H Pb A P ","N-Channel, ","PowerTrench® T6, ","DPAK, ","Low-Medium Voltage, ","Standard, ","0, ","Single, ","0, ","40, ","5.8, ","20, ","4, ","59, ","40, ","-, ","-, ","-, ","20, ","1200, ","4, ","20, ","580, ","32, ","DPAK-3 ","1 ","260 ","0.7209 ",
"NVD5C464NLT4G","Active","H Pb A P ","N-Channel, ","PowerTrench® T6, ","DPAK, ","Low-Medium Voltage, ","Logic, ","0, ","Single, ","0, ","40, ","5.2, ","±20, ","2.2, ","64, ","34, ","~NA~, ","7.7, ","~NA~, ","27, ","1600, ","4.5, ","20, ","600, ","34, ","DPAK-3 ","1 ","260 ","0.6407 ",
"NVD5C478NLT4G","Active","H Pb A P ","N-Channel, ","PowerTrench® T6, ","DPAK, ","Low-Medium Voltage, ","Logic, ","0, ","Single, ","0, ","40, ","7.7, ","20, ","2.2, ","45, ","30, ","-, ","11.8, ","9.5, ","20, ","1100, ","3.3, ","20, ","410, ","25, ","DPAK-3 ","1 ","260 ","1.0323 ",
"NVD5C486NT4G","Active","H Pb A P ","N-Channel, ","PowerTrench® T6, ","DPAK, ","Low-Medium Voltage, ","Standard, ","0, ","Single, ","0, ","40, ","17.9, ","20, ","4, ","22, ","18.3, ","-, ","-, ","-, ","14, ","380, ","2.8, ","10, ","200, ","15, ","DPAK-3 ","1 ","260 ","0.8844 ",
"NVD5C486NLT4G","Active","H Pb A P ","N-Channel, ","PowerTrench® T6, ","DPAK, ","Low-Medium Voltage, ","Logic, ","0, ","Single, ","0, ","40, ","16, ","20, ","2.2, ","24, ","18, ","-, ","24.5, ","4.7, ","9.8, ","530, ","1.5, ","10, ","210, ","13, ","DPAK-3 ","1 ","260 ","0.8844 ",
"NVD5C632NLT4G","Active","H Pb A P ","N-Channel, ","PowerTrench® T6, ","DPAK, ","Low-Medium Voltage, ","Logic, ","0, ","Single, ","0, ","60, ","2.5, ","±20, ","2.1, ","155, ","115, ","-, ","3.4, ","-, ","78, ","5700, ","6.1, ","110, ","2800, ","36, ","DPAK-3 ","1 ","260 ","1.5763 ",
"NVD5C648NLT4G","Active","H Pb A P ","N-Channel, ","PowerTrench® T6, ","DPAK, ","Low-Medium Voltage, ","Logic, ","0, ","Single, ","0, ","60, ","4.1, ","20, ","2.1, ","89, ","72, ","-, ","5.7, ","4, ","39, ","2900, ","4, ","7, ","1300, ","28, ","DPAK-3 ","1 ","260 ","1.1739 ",
"NVD5C668NLT4G","Active","H Pb A P ","N-Channel, ","PowerTrench® T6, ","DPAK, ","Low-Medium Voltage, ","Logic, ","0, ","Single, ","0, ","60, ","8.9, ","20, ","2.1, ","49, ","44, ","-, ","12.8, ","4, ","19, ","1300, ","2, ","20, ","580, ","18, ","DPAK-3 ","1 ","260 ","0.7723 ",
"NVD5C684NLT4G","Active","H Pb A P ","N-Channel, ","PowerTrench® T6, ","DPAK, ","Low-Medium Voltage, ","Logic, ","0, ","Single, ","0, ","60, ","16.5, ","20, ","2.1, ","38, ","27, ","-, ","24.3, ","1.8, ","9, ","700, ","1, ","10, ","300, ","13, ","DPAK-3 ","1 ","260 ","0.6678 ",
"NVD5C688NLT4G","Active","H Pb A P ","N-Channel, ","PowerTrench® T6, ","DPAK, ","Low-Medium Voltage, ","Logic, ","0, ","Single, ","0, ","60, ","27.4, ","20, ","2.1, ","17, ","18, ","-, ","40, ","-, ","6, ","400, ","20, ","10, ","170, ","12, ","DPAK-3 ","1 ","260 ","0.6127 ",
"NVD6416ANLT4G-VF01","Active, Not Rec","H Pb A P ","N-Channel, ","PowerTrench® T1, ","DPAK, ","Low-Medium Voltage, ","Logic, ","0, ","Single, ","0, ","100, ","74, ","20, ","2.2, ","19, ","71, ","-, ","80, ","20, ","25, ","700, ","9.6, ","112, ","110, ","50, ","DPAK-3 ","1 ","260 ","0.621 ",
"NVD6824NLT4G-UM","Active","H Pb A P ","N-Channel, ","PowerTrench® T1, ","DPAK, ","Low-Medium Voltage, ","Logic, ","0, ","Single, ","0, ","100, ","20, ","20, ","2.5, ","41, ","90, ","-, ","23, ","21, ","66, ","3468, ","18, ","59, ","187, ","133, ","DPAK-3 ","1 ","260 ","0.9398 ",
"NVD6824NLT4G-VF01","Active, Not Rec","H Pb A P ","N-Channel, ","PowerTrench® T1, ","DPAK, ","Low-Medium Voltage, ","Logic, ","0, ","Single, ","0, ","100, ","20, ","20, ","2.5, ","41, ","90, ","-, ","23, ","21, ","66, ","3468, ","18, ","59, ","187, ","133, ","DPAK-3 ","1 ","260 ","0.9489 ",
"NVDS015N15MCT4G","Active","H Pb A P ","N-Channel, ","PowerTrench® T8, ","DPAK, ","Low-Medium Voltage, ","Standard, ","0, ","Single, ","0, ","150, ","15, ","±20, ","4.5, ","61.3, ","107.1, ","~NA~, ","~NA~, ","~NA~, ","27, ","2120, ","~NA~, ","345, ","595, ","10.5, ","DPAK-3 ","1 ","260 ","0.7781 ",
"NVLJS053N12MCLTAG","Active","H Pb A P ","N-Channel, ","PowerTrench® T8, ","Power 22, ","Low-Medium Voltage, ","Logic, ","0, ","Single, ","0, ","120, ","53, ","±20, ","3, ","4.5, ","2.1, ","~NA~, ","70, ","3.8, ","7.8, ","520, ","~NA~, ","64, ","190, ","1.8, ","UDFN-6 ","1 ","260 ","0.2709 ",
"NVLJWD023N04CLTAG","Active","H Pb A P ","N-Channel, ","PowerTrench® T6, ","Power 22, ","Low-Medium Voltage, ","Logic, ","0, ","Dual, ","0, ","40, ","23, ","20, ","2, ","25, ","24, ","~NA~, ","33, ","4, ","9, ","440, ","1.3, ","8, ","210, ","8, ","WDFNW6 2.2x2.3, 0.8P ","1 ","260 ","0.3427 ",
"NVLJWD040N06CLTAG","Active","H Pb A P ","N-Channel, ","PowerTrench® T6, ","Power 22, ","Low-Medium Voltage, ","Logic, ","0, ","Dual, ","0, ","60, ","38, ","20, ","2, ","18, ","24, ","~NA~, ","50, ","3, ","6, ","340, ","0.6, ","10, ","145, ","3, ","WDFNW6 2.2x2.3, 0.8P ","1 ","260 ","0.3427 ",
"NVLJWS011N04CLTAG","Active","H Pb A P ","N-Channel, ","PowerTrench® T6, ","Power 22, ","Low-Medium Voltage, ","Logic, ","0, ","Single, ","0, ","40, ","11, ","20, ","2, ","37, ","28, ","~NA~, ","18, ","5, ","10.5, ","550, ","~NA~, ","11, ","230, ","10, ","WDFNW6 2.05x2.05, 0.65P ","1 ","260 ","0.2804 ",
"NVLJWS011N06CLTAG","Active","H Pb A P ","N-Channel, ","PowerTrench® T6, ","Power 22, ","Low-Medium Voltage, ","Logic, ","0, ","Single, ","0, ","60, ","9, ","20, ","2, ","48, ","46, ","~NA~, ","13, ","6.3, ","13.6, ","912, ","~NA~, ","20, ","460, ","8, ","WDFNW6 2.05x2.05, 0.65P ","1 ","260 ","0.3364 ",
"NVLJWS013N03CLTAG","Active","H Pb A P ","N-Channel, ","PowerTrench® T6, ","Power 22, ","Low-Medium Voltage, ","Logic, ","0, ","Single, ","0, ","30, ","13, ","20, ","2, ","35, ","27, ","~NA~, ","18, ","4, ","10, ","600, ","0.8, ","11, ","350, ","10, ","WDFNW6 2.05x2.05, 0.65P ","1 ","260 ","0.268 ",
"NVLJWS022N06CLTAG","Active","H Pb A P ","N-Channel, ","PowerTrench® T6, ","Power 22, ","Low-Medium Voltage, ","Logic, ","0, ","Single, ","0, ","60, ","21, ","20, ","2, ","25, ","28, ","~NA~, ","29, ","3.6, ","7.6, ","440, ","~NA~, ","12, ","240, ","7, ","WDFNW6 2.05x2.05, 0.65P ","1 ","260 ","0.2804 ",
"NVLJWS070N06CLTAG","Active","H Pb A P ","N-Channel, ","PowerTrench® T6, ","Power 22, ","Low-Medium Voltage, ","Logic, ","0, ","Single, ","0, ","60, ","62, ","20, ","2, ","11, ","15, ","~NA~, ","85, ","8, ","18, ","160, ","2, ","7, ","81, ","2, ","WDFNW6 2.05x2.05, 0.65P ","1 ","260 ","0.2243 ",
"NVLJWS5D0N03CLTAG","Active","H Pb A P ","N-Channel, ","PowerTrench® T6, ","Power 22, ","Low-Medium Voltage, ","Logic, ","0, ","Single, ","0, ","30, ","4.2, ","20, ","2, ","77, ","2.5, ","~NA~, ","6.6, ","9, ","20, ","1350, ","2, ","23, ","650, ","20, ","WDFNW6 2.05x2.05, 0.65P ","1 ","260 ","0.3327 ",
"NVLJWS6D0N04CLTAG","Active","H Pb A P ","N-Channel, ","PowerTrench® T6, ","Power 22, ","Low-Medium Voltage, ","Logic, ","0, ","Single, ","0, ","40, ","5, ","20, ","2, ","68, ","46, ","~NA~, ","8, ","10, ","20, ","1150, ","~NA~, ","15, ","475, ","18, ","WDFNW6 2.05x2.05, 0.65P ","1 ","260 ","0.3327 ",
"NVMFD016N06CT1G","Active","H Pb A P ","N-Channel, ","PowerTrench® T6, ","Power 56 (SO-8FL), ","Low-Medium Voltage, ","Standard, ","0, ","Dual, ","0, ","60, ","16.3, ","~NA~, ","4, ","32, ","36, ","~NA~, ","~NA~, ","~NA~, ","6.9, ","489, ","~NA~, ","15, ","319, ","5.7, ","SO-8FL Dual / DFN-8 ","1 ","260 ","0.8791 ",
"NVMFWD016N06CT1G","Active","H Pb A P ","N-Channel, ","PowerTrench® T6, ","Power 56 (SO-8FL), ","Low-Medium Voltage, ","Standard, ","0, ","Dual, ","0, ","60, ","16.3, ","~NA~, ","4, ","32, ","36, ","~NA~, ","~NA~, ","~NA~, ","6.9, ","489, ","~NA~, ","15, ","319, ","5.7, ","SO-8FL Dual / DFN-8 ","1 ","260 ","0.9581 ",
"NVMFWD020N06CT1G","Active","H Pb A P ","N-Channel, ","PowerTrench® T6, ","Power 56 (SO-8FL), ","Low-Medium Voltage, ","Standard, ","0, ","Dual, ","0, ","60, ","20.3, ","±20, ","4, ","27, ","31, ","~NA~, ","~NA~, ","~NA~, ","5.8, ","355, ","~NA~, ","12, ","260, ","4.9, ","SO-8FL Dual / DFN-8 ","1 ","260 ","0.9015 ",
"NVMFD020N06CT1G","Active","H Pb A P ","N-Channel, ","PowerTrench® T6, ","Power 56 (SO-8FL), ","Low-Medium Voltage, ","Standard, ","0, ","Dual, ","0, ","60, ","20.3, ","±20, ","4, ","27, ","31, ","~NA~, ","~NA~, ","~NA~, ","5.8, ","355, ","~NA~, ","12, ","260, ","4.9, ","SO-8FL Dual / DFN-8 ","1 ","260 ","0.8216 ",
"NVMFD020N10MCLT1G","Active","H Pb A P ","N-Channel, ","PowerTrench® T8, ","Power 56 (SO-8FL), ","Low-Medium Voltage, ","Logic, ","0, ","Dual, ","0, ","100, ","20, ","20, ","3, ","35, ","55, ","~NA~, ","30, ","7, ","15, ","990, ","~NA~, ","21, ","350, ","6, ","SO-8FL Dual / DFN-8 ","1 ","260 ","0.812 ",
"NVMFWD020N10MCLT1G","Active","H Pb A P ","N-Channel, ","PowerTrench® T8, ","Power 56 (SO-8FL), ","Low-Medium Voltage, ","Logic, ","0, ","Dual, ","0, ","100, ","20, ","20, ","3, ","35, ","55, ","~NA~, ","30, ","7, ","15, ","990, ","~NA~, ","21, ","350, ","6, ","SO-8FL Dual / DFN-8 ","1 ","260 ","0.728 ",
"NVMFWD024N06CT1G","Active","H Pb A P ","N-Channel, ","PowerTrench® T6, ","Power 56 (SO-8FL), ","Low-Medium Voltage, ","Standard, ","0, ","Dual, ","0, ","60, ","22.6, ","±20, ","4, ","24, ","28, ","~NA~, ","~NA~, ","~NA~, ","5.7, ","333, ","~NA~, ","11, ","225, ","5.05, ","SO-8FL Dual / DFN-8 ","1 ","260 ","0.8703 ",
"NVMFD024N06CT1G","Active","H Pb A P ","N-Channel, ","PowerTrench® T6, ","Power 56 (SO-8FL), ","Low-Medium Voltage, ","Standard, ","0, ","Dual, ","0, ","60, ","22.6, ","±20, ","4, ","24, ","28, ","~NA~, ","~NA~, ","~NA~, ","5.7, ","333, ","~NA~, ","11, ","225, ","5.05, ","SO-8FL Dual / DFN-8 ","1 ","260 ","0.8717 ",
"NVMFWD027N10MCLT1G","Active","H Pb A P ","N-Channel, ","PowerTrench® T8, ","Power 56 (SO-8FL), ","Low-Medium Voltage, ","Logic, ","0, ","Dual, ","0, ","100, ","26, ","20, ","3, ","28, ","46, ","~NA~, ","35, ","5.5, ","11, ","720, ","~NA~, ","17, ","300, ","6, ","SO-8FL Dual / DFN-8 ","1 ","260 ","0.6405 ",
"NVMFD027N10MCLT1G","Active","H Pb A P ","N-Channel, ","PowerTrench® T8, ","Power 56 (SO-8FL), ","Low-Medium Voltage, ","Logic, ","0, ","Dual, ","0, ","100, ","26, ","20, ","3, ","28, ","46, ","~NA~, ","35, ","5.5, ","11, ","720, ","~NA~, ","17, ","300, ","6, ","SO-8FL Dual / DFN-8 ","1 ","260 ","0.5939 ",
"NVMFWD030N06CT1G","Active","H Pb A P ","N-Channel, ","PowerTrench® T6, ","Power 56 (SO-8FL), ","Low-Medium Voltage, ","Standard, ","0, ","Dual, ","0, ","60, ","29.7, ","±20, ","4, ","19, ","23, ","~NA~, ","~NA~, ","~NA~, ","4.7, ","255, ","~NA~, ","9.7, ","173, ","4.4, ","SO-8FL Dual / DFN-8 ","1 ","260 ","0.8226 ",
"NVMFD030N06CT1G","Active","H Pb A P ","N-Channel, ","PowerTrench® T6, ","Power 56 (SO-8FL), ","Low-Medium Voltage, ","Standard, ","0, ","Dual, ","0, ","60, ","29.7, ","±20, ","4, ","19, ","23, ","~NA~, ","~NA~, ","~NA~, ","4.7, ","255, ","~NA~, ","9.7, ","173, ","4.4, ","SO-8FL Dual / DFN-8 ","1 ","260 ","0.7416 ",
"NVMFD5873NLWFT1G-UM","Active","H Pb A P ","N-Channel, ","PowerTrench® T1, ","Power 56 (SO-8FL), ","Low-Medium Voltage, ","Logic, ","0, ","Dual, ","0, ","60, ","13, ","-, ","-, ","58, ","107, ","-, ","16.5, ","-, ","-, ","-, ","-, ","-, ","-, ","-, ","SO-8FL Dual / DFN-8 ","1 ","260 ","0.9846 ",
"NVMFD5873NLWFT1G","Active, Not Rec","H Pb A P ","N-Channel, ","PowerTrench® T1, ","Power 56 (SO-8FL), ","Low-Medium Voltage, ","Logic, ","0, ","Dual, ","0, ","60, ","13, ","20, ","2.5, ","58, ","107, ","-, ","16.5, ","16.5, ","30.5, ","1560, ","8.8, ","18, ","145, ","96, ","SO-8FL Dual / DFN-8 ","1 ","260 ","0.0 ",
"NVMFD5877NLWFT1G-UM","Active","H Pb A P ","N-Channel, ","PowerTrench® T1, ","Power 56 (SO-8FL), ","Low-Medium Voltage, ","Logic, ","0, ","Dual, ","0, ","60, ","39, ","20, ","3, ","17, ","23, ","-, ","60, ","20.8, ","11, ","540, ","2.8, ","11, ","55, ","36, ","SO-8FL Dual / DFN-8 ","1 ","260 ","0.4252 ",
"NVMFD5C446NWFT1G","Active","H Pb A P ","N-Channel, ","PowerTrench® T6, ","Power 56 (SO-8FL), ","Low-Medium Voltage, ","Standard, ","0, ","Dual, ","0, ","40, ","2.9, ","±20, ","3.5, ","127, ","89, ","~NA~, ","~NA~, ","~NA~, ","38, ","2450, ","7, ","35, ","1200, ","44, ","SO-8FL Dual / DFN-8 ","1 ","260 ","1.6459 ",
"NVMFD5C446NT1G","Active","H Pb A P ","N-Channel, ","PowerTrench® T6, ","Power 56 (SO-8FL), ","Low-Medium Voltage, ","Standard, ","0, ","Dual, ","0, ","40, ","2.9, ","±20, ","3.5, ","127, ","89, ","~NA~, ","~NA~, ","~NA~, ","38, ","2450, ","7, ","35, ","1200, ","44, ","SO-8FL Dual / DFN-8 ","1 ","260 ","1.8343 ",
"NVMFD5C446NLWFT1G","Active","H Pb A P ","N-Channel, ","PowerTrench® T6, ","Power 56 (SO-8FL), ","Low-Medium Voltage, ","Logic, ","0, ","Dual, ","0, ","40, ","2.65, ","±20, ","2.2, ","145, ","125, ","~NA~, ","3.9, ","25, ","54, ","3170, ","7, ","55, ","1270, ","48, ","SO-8FL Dual / DFN-8 ","1 ","260 ","2.1494 ",
"NVMFD5C446NLT1G","Active","H Pb A P ","N-Channel, ","PowerTrench® T6, ","Power 56 (SO-8FL), ","Low-Medium Voltage, ","Logic, ","0, ","Dual, ","0, ","40, ","2.65, ","±20, ","2.2, ","145, ","125, ","~NA~, ","3.9, ","25, ","54, ","3170, ","7, ","55, ","1270, ","48, ","SO-8FL Dual / DFN-8 ","1 ","260 ","1.8782 ",
"NVMFD5C462NT1G","Active","H Pb A P ","N-Channel, ","PowerTrench® T6, ","Power 56 (SO-8FL), ","Low-Medium Voltage, ","Standard, ","0, ","Dual, ","0, ","40, ","5.4, ","±20, ","3.5, ","70, ","50, ","~NA~, ","~NA~, ","~NA~, ","16, ","1020, ","~NA~, ","12, ","550, ","21, ","SO-8FL Dual / DFN-8 ","1 ","260 ","1.0244 ",
"NVMFD5C462NWFT1G","Active","H Pb A P ","N-Channel, ","PowerTrench® T6, ","Power 56 (SO-8FL), ","Low-Medium Voltage, ","Standard, ","0, ","Dual, ","0, ","40, ","5.4, ","±20, ","3.5, ","70, ","50, ","~NA~, ","~NA~, ","~NA~, ","16, ","1020, ","~NA~, ","12, ","550, ","21, ","SO-8FL Dual / DFN-8 ","1 ","260 ","1.2326 ",
"NVMFD5C462NLWFT1G","Active","H Pb A P ","N-Channel, ","PowerTrench® T6, ","Power 56 (SO-8FL), ","Low-Medium Voltage, ","Logic, ","0, ","Dual, ","0, ","40, ","4.7, ","±20, ","2.2, ","84, ","50, ","~NA~, ","7.7, ","11, ","23, ","1300, ","3, ","12, ","530, ","22, ","SO-8FL Dual / DFN-8 ","1 ","260 ","1.1674 ",
"NVMFD5C462NLT1G","Active","H Pb A P ","N-Channel, ","PowerTrench® T6, ","Power 56 (SO-8FL), ","Low-Medium Voltage, ","Logic, ","0, ","Dual, ","0, ","40, ","4.7, ","±20, ","2.2, ","84, ","50, ","~NA~, ","7.7, ","11, ","23, ","1300, ","3, ","12, ","530, ","22, ","SO-8FL Dual / DFN-8 ","1 ","260 ","1.0373 ",
"NVMFD5C466NT1G","Active","H Pb A P ","N-Channel, ","PowerTrench® T6, ","Power 56 (SO-8FL), ","Low-Medium Voltage, ","Standard, ","0, ","Dual, ","0, ","40, ","8.1, ","20, ","3.5, ","49, ","38, ","~NA~, ","~NA~, ","~NA~, ","11, ","650, ","1.8, ","10, ","320, ","14, ","SO-8FL Dual / DFN-8 ","1 ","260 ","0.7293 ",
"NVMFD5C466NWFT1G","Active","H Pb A P ","N-Channel, ","PowerTrench® T6, ","Power 56 (SO-8FL), ","Low-Medium Voltage, ","Standard, ","0, ","Dual, ","0, ","40, ","8.1, ","20, ","3.5, ","49, ","38, ","~NA~, ","~NA~, ","~NA~, ","11, ","650, ","1.8, ","10, ","320, ","14, ","SO-8FL Dual / DFN-8 ","1 ","260 ","0.8042 ",
"NVMFD5C466NLET1G","Active","H Pb A P ","N-Channel, ","PowerTrench® T6, ","Power 56 (SO-8FL), ","Low-Medium Voltage, ","Logic, ","0, ","Dual, ","0, ","40, ","7.4, ","20, ","2.2, ","52, ","38, ","~NA~, ","12.6, ","7, ","16, ","997, ","2.2, ","8, ","354, ","13, ","SO-8FL Dual / DFN-8 ","1 ","260 ","0.4447 ",
"NVMFD5C466NLWFET1G","Active","H Pb A P ","N-Channel, ","PowerTrench® T6, ","Power 56 (SO-8FL), ","Low-Medium Voltage, ","Logic, ","0, ","Dual, ","0, ","40, ","7.4, ","20, ","2.2, ","52, ","38, ","~NA~, ","12.6, ","7, ","16, ","997, ","2.2, ","8, ","354, ","13, ","SO-8FL Dual / DFN-8 ","1 ","260 ","0.4817 ",
"NVMFD5C470NWFT1G","Active","H Pb A P ","N-Channel, ","PowerTrench® T6, ","Power 56 (SO-8FL), ","Low-Medium Voltage, ","Standard, ","0, ","Dual, ","0, ","40, ","11.7, ","20, ","3.5, ","36, ","28, ","~NA~, ","~NA~, ","2.5, ","8, ","420, ","1.5, ","7.5, ","210, ","11, ","SO-8FL Dual / DFN-8 ","1 ","260 ","0.6885 ",
"NVMFD5C470NT1G","Active","H Pb A P ","N-Channel, ","PowerTrench® T6, ","Power 56 (SO-8FL), ","Low-Medium Voltage, ","Standard, ","0, ","Dual, ","0, ","40, ","11.7, ","20, ","3.5, ","36, ","28, ","~NA~, ","~NA~, ","2.5, ","8, ","420, ","1.5, ","7.5, ","210, ","11, ","SO-8FL Dual / DFN-8 ","1 ","260 ","0.7671 ",
"NVMFD5C470NLET1G","Active","H Pb A P ","N-Channel, ","PowerTrench® T6, ","Power 56 (SO-8FL), ","Low-Medium Voltage, ","Logic, ","0, ","Dual, ","0, ","40, ","11.5, ","20, ","2.2, ","36, ","28, ","~NA~, ","17.8, ","4, ","9, ","590, ","1.6, ","9, ","200, ","8, ","SO-8FL Dual / DFN-8 ","1 ","260 ","0.3528 ",
"NVMFD5C470NLWFET1G","Active","H Pb A P ","N-Channel, ","PowerTrench® T6, ","Power 56 (SO-8FL), ","Low-Medium Voltage, ","Logic, ","0, ","Dual, ","0, ","40, ","11.5, ","20, ","2.2, ","36, ","28, ","~NA~, ","17.8, ","4, ","9, ","590, ","1.6, ","9, ","200, ","8, ","SO-8FL Dual / DFN-8 ","1 ","260 ","0.3823 ",
"NVMFD5C478NWFT1G","Active","H Pb A P ","N-Channel, ","PowerTrench® T6, ","Power 56 (SO-8FL), ","Low-Medium Voltage, ","Standard, ","0, ","Dual, ","0, ","40, ","17, ","±20, ","3.5, ","27, ","23, ","~NA~, ","~NA~, ","~NA~, ","6.3, ","325, ","~NA~, ","6, ","165, ","10, ","SO-8FL Dual / DFN-8 ","1 ","260 ","0.638 ",
"NVMFD5C478NT1G","Active","H Pb A P ","N-Channel, ","PowerTrench® T6, ","Power 56 (SO-8FL), ","Low-Medium Voltage, ","Standard, ","0, ","Dual, ","0, ","40, ","17, ","±20, ","3.5, ","27, ","23, ","~NA~, ","~NA~, ","~NA~, ","6.3, ","325, ","~NA~, ","6, ","165, ","10, ","SO-8FL Dual / DFN-8 ","1 ","260 ","0.6791 ",
"NVMFD5C478NLT1G","Active","H Pb A P ","N-Channel, ","PowerTrench® T6, ","Power 56 (SO-8FL), ","Low-Medium Voltage, ","Logic, ","0, ","Dual, ","0, ","40, ","14.5, ","±20, ","2.2, ","29, ","23, ","~NA~, ","25, ","~NA~, ","8.1, ","420, ","1.2, ","6, ","185, ","9, ","SO-8FL Dual / DFN-8 ","1 ","260 ","0.6687 ",
"NVMFD5C478NLWFT1G","Active","H Pb A P ","N-Channel, ","PowerTrench® T6, ","Power 56 (SO-8FL), ","Low-Medium Voltage, ","Logic, ","0, ","Dual, ","0, ","40, ","14.5, ","±20, ","2.2, ","29, ","23, ","~NA~, ","25, ","~NA~, ","8.1, ","420, ","1.2, ","6, ","185, ","9, ","SO-8FL Dual / DFN-8 ","1 ","260 ","0.64 ",
"NVMFD5C650NLWFT1G","Active","H Pb A P ","N-Channel, ","PowerTrench® T6, ","Power 56 (SO-8FL), ","Low-Medium Voltage, ","Logic, ","0, ","Dual, ","0, ","60, ","4.2, ","20, ","2.2, ","125, ","125, ","~NA~, ","5.8, ","4.7, ","37, ","2546, ","3.1, ","35, ","1258, ","17, ","SO-8FL Dual / DFN-8 ","1 ","260 ","2.1607 ",
"NVMFD5C650NLET1G","Active","H Pb A P ","N-Channel, ","PowerTrench® T6, ","Power 56 (SO-8FL), ","Low-Medium Voltage, ","Logic, ","0, ","Dual, ","0, ","60, ","4.2, ","20, ","2.2, ","125, ","125, ","~NA~, ","5.8, ","4.7, ","37, ","2546, ","3.1, ","35, ","1258, ","17, ","SO-8FL Dual / DFN-8 ","1 ","260 ","0.9328 ",
"NVMFD5C650NLT1G","Active, Not Rec","H Pb A P ","N-Channel, ","PowerTrench® T6, ","Power 56 (SO-8FL), ","Low-Medium Voltage, ","Logic, ","0, ","Dual, ","0, ","60, ","4.2, ","20, ","2.2, ","125, ","125, ","~NA~, ","5.8, ","4.7, ","37, ","2546, ","3.1, ","35, ","1258, ","17, ","SO-8FL Dual / DFN-8 ","1 ","260 ","2.0622 ",
"NVMFD5C668NLT1G","Active","H Pb A P ","N-Channel, ","PowerTrench® T6, ","Power 56 (SO-8FL), ","Low-Medium Voltage, ","Logic, ","0, ","Dual, ","0, ","60, ","6.5, ","20, ","2, ","68, ","57.5, ","~NA~, ","9.2, ","9.8, ","21.3, ","1440, ","~NA~, ","32, ","800, ","14, ","SO-8FL Dual / DFN-8 ","1 ","260 ","1.4128 ",
"NVMFD5C668NLWFT1G","Active","H Pb A P ","N-Channel, ","PowerTrench® T6, ","Power 56 (SO-8FL), ","Low-Medium Voltage, ","Logic, ","0, ","Dual, ","0, ","60, ","6.5, ","20, ","2, ","68, ","3, ","~NA~, ","9.2, ","9.8, ","21.3, ","1440, ","~NA~, ","32, ","800, ","14, ","SO-8FL Dual / DFN-8 ","1 ","260 ","1.2068 ",
"NVMFD5C672NLT1G","Active","H Pb A P ","N-Channel, ","PowerTrench® T6, ","Power 56 (SO-8FL), ","Low-Medium Voltage, ","Logic, ","0, ","Dual, ","0, ","60, ","11.9, ","±20, ","2.2, ","40, ","42, ","-, ","16.8, ","5.7, ","12.3, ","793, ","1.2, ","13, ","383, ","9, ","SO-8FL Dual / DFN-8 ","1 ","260 ","0.9157 ",
"NVMFD5C672NLWFT1G","Active","H Pb A P ","N-Channel, ","PowerTrench® T6, ","Power 56 (SO-8FL), ","Low-Medium Voltage, ","Logic, ","0, ","Dual, ","0, ","60, ","11.9, ","±20, ","2.2, ","40, ","42, ","-, ","16.8, ","5.7, ","12.3, ","793, ","1.2, ","13, ","383, ","9, ","SO-8FL Dual / DFN-8 ","1 ","260 ","0.9146 ",
"NVMFD5C674NLWFT1G","Active","H Pb A P ","N-Channel, ","PowerTrench® T6, ","Power 56 (SO-8FL), ","Low-Medium Voltage, ","Logic, ","0, ","Dual, ","0, ","60, ","14.4, ","±20, ","2.2, ","42, ","37, ","-, ","20.4, ","4.7, ","10, ","640, ","1, ","11.2, ","313, ","7.7, ","SO-8FL Dual / DFN-8 ","1 ","260 ","0.7936 ",
"NVMFD5C674NLT1G","Active","H Pb A P ","N-Channel, ","PowerTrench® T6, ","Power 56 (SO-8FL), ","Low-Medium Voltage, ","Logic, ","0, ","Dual, ","0, ","60, ","14.4, ","±20, ","2.2, ","42, ","37, ","-, ","20.4, ","4.7, ","10, ","640, ","1, ","11.2, ","313, ","7.7, ","SO-8FL Dual / DFN-8 ","1 ","260 ","0.7825 ",
"NVMFD5C680NLWFT1G","Active","H Pb A P ","N-Channel, ","PowerTrench® T6, ","Power 56 (SO-8FL), ","Low-Medium Voltage, ","Logic, ","0, ","Dual, ","0, ","60, ","28, ","±20, ","2.2, ","19, ","19, ","-, ","41, ","11.5, ","5, ","350, ","0.8, ","7, ","150, ","2, ","SO-8FL Dual / DFN-8 ","1 ","260 ","0.6523 ",
"NVMFD5C680NLET1G","Active","H Pb A P ","N-Channel, ","PowerTrench® T6, ","Power 56 (SO-8FL), ","Low-Medium Voltage, ","Logic, ","0, ","Dual, ","0, ","60, ","28, ","20, ","2.2, ","19, ","19, ","~NA~, ","41, ","11.5, ","5, ","350, ","0.8, ","7, ","150, ","2, ","SO-8FL Dual / DFN-8 ","1 ","260 ","0.3741 ",
"NVMFD5C680NLT1G","Active, Not Rec","H Pb A P ","N-Channel, ","PowerTrench® T6, ","Power 56 (SO-8FL), ","Low-Medium Voltage, ","Logic, ","0, ","Dual, ","0, ","60, ","28, ","±20, ","2.2, ","19, ","19, ","-, ","41, ","11.5, ","5, ","350, ","0.8, ","7, ","150, ","2, ","SO-8FL Dual / DFN-8 ","1 ","260 ","0.6751 ",
"NVMFD6H840NLT1G","Active","H Pb A P ","N-Channel, ","PowerTrench® T8, ","Power 56 (SO-8FL), ","Low-Medium Voltage, ","Logic, ","0, ","Dual, ","0, ","80, ","6.9, ","±20, ","2, ","74, ","90, ","N/A, ","8.8, ","15, ","32, ","2002, ","5.3, ","50, ","249, ","11, ","SO-8FL Dual / DFN-8 ","1 ","260 ","1.0716 ",
"NVMFD6H840NLWFT1G","Active","H Pb A P ","N-Channel, ","PowerTrench® T8, ","Power 56 (SO-8FL), ","Low-Medium Voltage, ","Logic, ","0, ","Dual, ","0, ","80, ","6.9, ","±20, ","2, ","74, ","90, ","N/A, ","8.8, ","15, ","32, ","2002, ","5.3, ","50, ","249, ","11, ","SO-8FL Dual / DFN-8 ","1 ","260 ","1.0716 ",
"NVMFD6H846NLT1G","Active","H Pb A P ","N-Channel, ","PowerTrench® T8, ","Power 56 (SO-8FL), ","Low-Medium Voltage, ","Logic, ","0, ","Dual, ","0, ","80, ","15, ","±20, ","2, ","31, ","34, ","~NA~, ","19, ","8, ","17, ","900, ","3, ","25, ","120, ","7, ","SO-8FL Dual / DFN-8 ","1 ","260 ","0.7958 ",
"NVMFD6H846NLWFT1G","Active","H Pb A P ","N-Channel, ","PowerTrench® T8, ","Power 56 (SO-8FL), ","Low-Medium Voltage, ","Logic, ","0, ","Dual, ","0, ","80, ","15, ","±20, ","2, ","31, ","34, ","~NA~, ","19, ","8, ","17, ","900, ","3, ","25, ","120, ","7, ","SO-8FL Dual / DFN-8 ","1 ","260 ","0.5525 ",
"NVMFD6H852NLT1G","Active","H Pb A P ","N-Channel, ","PowerTrench® T8, ","Power 56 (SO-8FL), ","Low-Medium Voltage, ","Logic, ","0, ","Dual, ","0, ","80, ","25.5, ","±20, ","2, ","25, ","38, ","~NA~, ","31.5, ","5, ","10, ","521, ","1.7, ","20, ","69, ","4, ","SO-8FL Dual / DFN-8 ","1 ","260 ","0.4185 ",
"NVMFD6H852NLWFT1G","Active","H Pb A P ","N-Channel, ","PowerTrench® T8, ","Power 56 (SO-8FL), ","Low-Medium Voltage, ","Logic, ","0, ","Dual, ","0, ","80, ","25.5, ","±20, ","2, ","25, ","38, ","~NA~, ","31.5, ","5, ","10, ","521, ","1.7, ","20, ","69, ","4, ","SO-8FL Dual / DFN-8 ","1 ","260 ","0.4852 ",
"NVMFWS005N10MCLT1G","Active","H Pb A P ","N-Channel, ","PowerTrench® T8, ","Power 56 (SO-8FL), ","Low-Medium Voltage, ","Logic, ","0, ","Single, ","0, ","100, ","5.1, ","20, ","3, ","108, ","131, ","~NA~, ","7.1, ","26, ","55, ","4100, ","~NA~, ","54, ","1350, ","22, ","DFNW5 4.90x5.90x1.00, 1.27P ","1 ","260 ","0.9333 ",
"NVMFS005N10MCLT1G","Active","H Pb A P ","N-Channel, ","PowerTrench® T8, ","Power 56 (SO-8FL), ","Low-Medium Voltage, ","Logic, ","0, ","Single, ","0, ","100, ","5.1, ","±20, ","3, ","108, ","131, ","~NA~, ","7.1, ","26, ","55, ","4100, ","~NA~, ","54, ","1350, ","22, ","SO-8FL / DFN-5 ","1 ","260 ","0.8708 ",
"NVMFS014P04M8LT1G","Active","H Pb A P ","P-Channel, ","PowerTrench® T1, ","Power 56 (SO-8FL), ","Low-Medium Voltage, ","Logic, ","0, ","Single, ","0, ","-40, ","13.8, ","20, ","-2.4, ","-52.1, ","60, ","~NA~, ","19.7, ","12.5, ","26.5, ","1734, ","3.8, ","16.3, ","682, ","32, ","SO-8FL / DFN-5 ","1 ","260 ","0.3633 ",
"NVMFWS014P04M8LT1G","Active","H Pb A P ","P-Channel, ","PowerTrench® T1, ","Power 56 (SO-8FL), ","Low-Medium Voltage, ","Logic, ","0, ","Single, ","0, ","-40, ","13.8, ","20, ","-2.4, ","-52.1, ","60, ","~NA~, ","19.4, ","12.5, ","26.5, ","1734, ","3.8, ","16.3, ","682, ","32, ","DFNW5 4.90x5.90x1.00, 1.27P ","1 ","260 ","0.3447 ",
"NVMFS015N10MCLT1G","Active","H Pb A P ","N-Channel, ","PowerTrench® T8, ","Power 56 (SO-8FL), ","Low-Medium Voltage, ","Logic, ","0, ","Single, ","0, ","100, ","12.2, ","±20, ","2.2, ","47.1, ","79, ","~NA~, ","18.3, ","9, ","19, ","1338, ","~NA~, ","76, ","521, ","9, ","SO-8FL / DFN-5 ","1 ","260 ","0.4572 ",
"NVMFWS015N10MCLT1G","Active","H Pb A P ","N-Channel, ","PowerTrench® T8, ","Power 56 (SO-8FL), ","Low-Medium Voltage, ","Logic, ","0, ","Single, ","0, ","100, ","12.2, ","±20, ","2.2, ","47.1, ","79, ","~NA~, ","18.3, ","9, ","19, ","1338, ","~NA~, ","76, ","521, ","9, ","DFNW5 4.90x5.90x1.00, 1.27P ","1 ","260 ","0.4572 ",
"NVMFWS016N06CT1G","Active","H Pb A P ","N-Channel, ","PowerTrench® T6, ","Power 56 (SO-8FL), ","Low-Medium Voltage, ","Standard, ","0, ","Single, ","0, ","60, ","15.6, ","±20, ","4, ","33, ","36, ","~NA~, ","~NA~, ","~NA~, ","6.9, ","489, ","~NA~, ","15, ","319, ","5.7, ","DFNW5 4.90x5.90x1.00, 1.27P ","1 ","260 ","0.5702 ",
"NVMFS016N06CT1G","Active","H Pb A P ","N-Channel, ","PowerTrench® T6, ","Power 56 (SO-8FL), ","Low-Medium Voltage, ","Standard, ","0, ","Single, ","0, ","60, ","15.6, ","±20, ","4, ","33, ","36, ","~NA~, ","~NA~, ","~NA~, ","6.9, ","489, ","~NA~, ","15, ","319, ","5.7, ","SO-8FL / DFN-5 ","1 ","260 ","0.4963 ",
"NVMFS016N10MCLT1G","Active","H Pb A P ","N-Channel, ","PowerTrench® T8, ","Power 56 (SO-8FL), ","Low-Medium Voltage, ","Logic, ","0, ","Single, ","0, ","100, ","14, ","20, ","3, ","46, ","64, ","~NA~, ","20, ","9, ","19, ","1250, ","~NA~, ","24, ","460, ","8, ","SO-8FL / DFN-5 ","1 ","260 ","0.4445 ",
"NVMFWS016N10MCLT1G","Active","H Pb A P ","N-Channel, ","PowerTrench® T8, ","Power 56 (SO-8FL), ","Low-Medium Voltage, ","Logic, ","0, ","Single, ","0, ","100, ","14, ","20, ","3, ","46, ","64, ","~NA~, ","20, ","9, ","19, ","1250, ","~NA~, ","24, ","460, ","8, ","DFNW5 4.90x5.90x1.00, 1.27P ","1 ","260 ","0.4713 ",
"NVMFWS020N06CT1G","Active","H Pb A P ","N-Channel, ","PowerTrench® T6, ","Power 56 (SO-8FL), ","Low-Medium Voltage, ","Standard, ","0, ","Single, ","0, ","60, ","19.6, ","±20, ","4, ","28, ","31, ","~NA~, ","~NA~, ","~NA~, ","5.8, ","355, ","~NA~, ","12, ","260, ","4.9, ","DFNW5 4.90x5.90x1.00, 1.27P ","1 ","260 ","0.5368 ",
"NVMFS020N06CT1G","Active","H Pb A P ","N-Channel, ","PowerTrench® T6, ","Power 56 (SO-8FL), ","Low-Medium Voltage, ","Standard, ","0, ","Single, ","0, ","60, ","19.6, ","±20, ","4, ","28, ","31, ","~NA~, ","~NA~, ","~NA~, ","5.8, ","355, ","~NA~, ","12, ","260, ","4.9, ","SO-8FL / DFN-5 ","1 ","260 ","0.4936 ",
"NVMFS021N10MCLT1G","Active","H Pb A P ","N-Channel, ","PowerTrench® T8, ","Power 56 (SO-8FL), ","Low-Medium Voltage, ","Logic, ","0, ","Single, ","0, ","100, ","23, ","20, ","3, ","31, ","49, ","~NA~, ","33, ","6, ","13, ","850, ","~NA~, ","18, ","310, ","5, ","SO-8FL / DFN-5 ","1 ","260 ","0.3185 ",
"NVMFWS021N10MCLT1G","Active","H Pb A P ","N-Channel, ","PowerTrench® T8, ","Power 56 (SO-8FL), ","Low-Medium Voltage, ","Logic, ","0, ","Single, ","0, ","100, ","23, ","20, ","3, ","31, ","49, ","~NA~, ","33, ","6, ","13, ","850, ","~NA~, ","18, ","310, ","5, ","DFNW5 4.90x5.90x1.00, 1.27P ","1 ","260 ","0.3671 ",
"NVMFS024N06CT1G","Active","H Pb A P ","N-Channel, ","PowerTrench® T6, ","Power 56 (SO-8FL), ","Low-Medium Voltage, ","Standard, ","0, ","Single, ","0, ","60, ","22, ","±20, ","4, ","25, ","28, ","~NA~, ","~NA~, ","~NA~, ","5.7, ","333, ","~NA~, ","11, ","225, ","5.05, ","SO-8FL / DFN-5 ","1 ","260 ","0.4456 ",
"NVMFWS024N06CT1G","Active","H Pb A P ","N-Channel, ","PowerTrench® T6, ","Power 56 (SO-8FL), ","Low-Medium Voltage, ","Standard, ","0, ","Single, ","0, ","60, ","22, ","±20, ","4, ","25, ","28, ","~NA~, ","~NA~, ","~NA~, ","5.7, ","333, ","~NA~, ","11, ","225, ","5.05, ","DFNW5 4.90x5.90x1.00, 1.27P ","1 ","260 ","0.532 ",
"NVMFWS025P04M8LT1G","Active","H Pb A P ","P-Channel, ","PowerTrench® T1, ","Power 56 (SO-8FL), ","Low-Medium Voltage, ","Logic, ","0, ","Single, ","0, ","-40, ","23, ","20, ","-2.4, ","-34.6, ","44.1, ","~NA~, ","37, ","7.56, ","16.3, ","1058, ","1.55, ","35, ","446, ","19, ","DFNW5 4.90x5.90x1.00, 1.27P ","1 ","260 ","0.3126 ",
"NVMFS025P04M8LT1G","Active","H Pb A P ","P-Channel, ","PowerTrench® T1, ","Power 56 (SO-8FL), ","Low-Medium Voltage, ","Logic, ","0, ","Single, ","0, ","-40, ","23, ","20, ","-2.4, ","-34.6, ","44.1, ","~NA~, ","37, ","7.56, ","16.3, ","1058, ","1.55, ","35, ","446, ","19, ","SO-8FL / DFN-5 ","1 ","260 ","0.2893 ",
"NVMFS027N10MCLT1G","Active","H Pb A P ","N-Channel, ","PowerTrench® T8, ","Power 56 (SO-8FL), ","Low-Medium Voltage, ","Logic, ","0, ","Single, ","0, ","100, ","26, ","20, ","3, ","28, ","46, ","~NA~, ","35, ","5.5, ","11.5, ","800, ","1.2, ","17, ","300, ","4, ","SO-8FL / DFN-5 ","1 ","260 ","0.3609 ",
"NVMFWS027N10MCLT1G","Active","H Pb A P ","N-Channel, ","PowerTrench® T8, ","Power 56 (SO-8FL), ","Low-Medium Voltage, ","Logic, ","0, ","Single, ","0, ","100, ","26, ","20, ","3, ","28, ","46, ","~NA~, ","35, ","5.5, ","11.5, ","800, ","1.2, ","17, ","300, ","4, ","DFNW5 4.90x5.90x1.00, 1.27P ","1 ","260 ","0.3927 ",
"NVMFWS040N10MCLT1G","Active","H Pb A P ","N-Channel, ","PowerTrench® T8, ","Power 56 (SO-8FL), ","Low-Medium Voltage, ","Logic, ","0, ","Single, ","0, ","100, ","38, ","20, ","3, ","21, ","36, ","~NA~, ","53, ","4, ","8.3, ","500, ","~NA~, ","11, ","200, ","3.7, ","DFNW5 4.90x5.90x1.00, 1.27P ","1 ","260 ","0.3531 ",
"NVMFS040N10MCLT1G","Active","H Pb A P ","N-Channel, ","PowerTrench® T8, ","Power 56 (SO-8FL), ","Low-Medium Voltage, ","Logic, ","0, ","Single, ","0, ","100, ","38, ","20, ","3, ","21, ","36, ","~NA~, ","53, ","4, ","8.3, ","500, ","~NA~, ","11, ","200, ","3.7, ","SO-8FL / DFN-5 ","1 ","260 ","0.2697 ",
"NVMFS2D3P04M8LT1G","Active","H Pb A P ","P-Channel, ","PowerTrench® T1, ","Power 56 (SO-8FL), ","Low-Medium Voltage, ","Logic, ","0, ","Single, ","0, ","-40, ","2.2, ","20, ","-2.4, ","-222, ","205, ","~NA~, ","3.3, ","73.5, ","157, ","5985, ","~NA~, ","536, ","4228, ","88, ","DFN-5 4.90x5.90x1.00, 1.27P ","1 ","260 ","2.257 ",
"NVMFWS2D3P04M8LT1G","Active","H Pb A P ","P-Channel, ","PowerTrench® T1, ","Power 56 (SO-8FL), ","Low-Medium Voltage, ","Logic, ","0, ","Single, ","0, ","-40, ","2.2, ","20, ","-2.4, ","-222, ","205, ","~NA~, ","3.3, ","73.5, ","157, ","5985, ","~NA~, ","536, ","4228, ","88, ","DFNW5 4.90x5.90x1.00, 1.27P ","1 ","260 ","2.3236 ",
"NVMFWS3D0P04M8LT1G","Active","H Pb A P ","P-Channel, ","PowerTrench® T1, ","Power 56 (SO-8FL), ","Low-Medium Voltage, ","Logic, ","0, ","Single, ","0, ","-40, ","2.7, ","20, ","-2.4, ","-183, ","171, ","~NA~, ","4.2, ","58.7, ","124, ","3225, ","~NA~, ","246, ","3225, ","85.8, ","DFNW5 4.90x5.90x1.00, 1.27P ","1 ","260 ","1.7727 ",
"NVMFS3D0P04M8LT1G","Active","H Pb A P ","P-Channel, ","PowerTrench® T1, ","Power 56 (SO-8FL), ","Low-Medium Voltage, ","Logic, ","0, ","Single, ","0, ","-40, ","2.7, ","20, ","-2.4, ","-183, ","171, ","~NA~, ","4.2, ","58.7, ","124, ","3225, ","~NA~, ","246, ","3225, ","85.8, ","SO-8FL / DFN-5 ","1 ","260 ","1.1468 ",
"NVMFWS3D6N10MCLT1G","Active","H Pb A P ","N-Channel, ","PowerTrench® T8, ","Power 56 (SO-8FL), ","Low-Medium Voltage, ","Logic, ","0, ","Single, ","0, ","100, ","3.6, ","±20, ","2.2, ","131, ","136, ","~NA~, ","5.8, ","29, ","60, ","4411, ","~NA~, ","183, ","1808, ","29, ","DFNW5 4.90x5.90x1.00, 1.27P ","1 ","260 ","1.5824 ",
"NVMFS3D6N10MCLT1G","Active","H Pb A P ","N-Channel, ","PowerTrench® T8, ","Power 56 (SO-8FL), ","Low-Medium Voltage, ","Logic, ","0, ","Single, ","0, ","100, ","3.6, ","±20, ","2.2, ","131, ","136, ","~NA~, ","5.8, ","29, ","60, ","4411, ","~NA~, ","183, ","1808, ","29, ","SO-8FL / DFN-5 ","1 ","260 ","1.4666 ",
"NVMFS4C301NWFET1G","Active","H Pb A P ","N-Channel, ","PowerTrench® T6, ","Power 56 (SO-8FL), ","Low-Medium Voltage, ","Logic, ","0, ","Single, ","0, ","30, ","0.67, ","20, ","2.2, ","299, ","161, ","~NA~, ","0.96, ","14, ","139, ","10144, ","13, ","147, ","5073, ","148, ","DFNW5 4.90x5.90x1.00, 1.27P ","1 ","260 ","1.237 ",
"NVMFS4C301NET1G","Active","H Pb A P ","N-Channel, ","PowerTrench® T6, ","Power 56 (SO-8FL), ","Low-Medium Voltage, ","Logic, ","0, ","Single, ","0, ","30, ","0.67, ","20, ","2.2, ","299, ","161, ","~NA~, ","0.96, ","14, ","139, ","10144, ","13, ","147, ","5073, ","148, ","SO-8FL / DFN-5 ","1 ","260 ","1.1973 ",
"NVMFS4C01NT3G","Active, Not Rec","H Pb A P ","N-Channel, ","PowerTrench® T6, ","Power 56 (SO-8FL), ","Low-Medium Voltage, ","Logic, ","0, ","Single, ","0, ","30, ","0.67, ","20, ","2.2, ","299, ","161, ","-, ","0.96, ","14, ","139, ","10144, ","13, ","147, ","5073, ","148, ","SO-8FL / DFN-5 ","1 ","260 ","2.919 ",
"NVMFS4C01NWFT1G","Active, Not Rec","H Pb A P ","N-Channel, ","PowerTrench® T6, ","Power 56 (SO-8FL), ","Low-Medium Voltage, ","Logic, ","0, ","Single, ","0, ","30, ","0.67, ","20, ","2.2, ","299, ","161, ","-, ","0.96, ","14, ","139, ","10144, ","13, ","147, ","5073, ","148, ","DFNW5 4.90x5.90x1.00, 1.27P ","1 ","260 ","1.9643 ",
"NVMFS4C01NT1G","Active, Not Rec","H Pb A P ","N-Channel, ","PowerTrench® T6, ","Power 56 (SO-8FL), ","Low-Medium Voltage, ","Logic, ","0, ","Single, ","0, ","30, ","0.67, ","20, ","2.2, ","299, ","161, ","-, ","0.96, ","14, ","139, ","10144, ","13, ","147, ","5073, ","148, ","SO-8FL / DFN-5 ","1 ","260 ","2.1445 ",
"NVMFS4C303NET1G","Active","H Pb A P ","N-Channel, ","PowerTrench® T6, ","Power 56 (SO-8FL), ","Low-Medium Voltage, ","Logic, ","0, ","Single, ","0, ","30, ","1.7, ","20, ","2.2, ","159, ","77, ","~NA~, ","2.4, ","~NA~, ","45.2, ","3071, ","4.7, ","39, ","1673, ","67, ","SO-8FL / DFN-5 ","1 ","260 ","0.3775 ",
"NVMFS4C303NWFET1G","Active","H Pb A P ","N-Channel, ","PowerTrench® T6, ","Power 56 (SO-8FL), ","Low-Medium Voltage, ","Logic, ","0, ","Single, ","0, ","30, ","1.7, ","20, ","2.2, ","159, ","77, ","-, ","2.4, ","20.8, ","45.2, ","3071, ","4.7, ","39, ","1673, ","67, ","DFNW5 4.90x5.90x1.00, 1.27P ","1 ","260 ","0.3803 ",
"NVMFS4C03NT1G","Active, Not Rec","H Pb A P ","N-Channel, ","PowerTrench® T6, ","Power 56 (SO-8FL), ","Low-Medium Voltage, ","Logic, ","0, ","Single, ","0, ","30, ","1.7, ","20, ","2.2, ","159, ","77, ","-, ","2.4, ","-, ","45.2, ","3071, ","4.7, ","39, ","1673, ","67, ","SO-8FL / DFN-5 ","1 ","260 ","0.8467 ",
"NVMFS4C03NWFT1G","Active, Not Rec","H Pb A P ","N-Channel, ","PowerTrench® T6, ","Power 56 (SO-8FL), ","Low-Medium Voltage, ","Logic, ","0, ","Single, ","0, ","30, ","1.7, ","20, ","2.2, ","159, ","77, ","-, ","2.4, ","-, ","45.2, ","3071, ","4.7, ","39, ","1673, ","67, ","DFNW5 4.90x5.90x1.00, 1.27P ","1 ","260 ","0.8172 ",
"NVMFS4C05NWFET1G","Active","H Pb A P ","N-Channel, ","PowerTrench® T6, ","Power 56 (SO-8FL), ","Low-Medium Voltage, ","Logic, ","0, ","Single, ","0, ","30, ","20, ","20, ","2.2, ","127, ","79, ","-, ","4, ","-, ","30, ","1972, ","5, ","30.2, ","1215, ","59, ","DFNW5 4.90x5.90x1.00, 1.27P ","1 ","260 ","0.4716 ",
"NVMFS4C305NET1G-YE","Active","H Pb A P ","N-Channel, ","PowerTrench® T6, ","Power 56 (SO-8FL), ","Low-Medium Voltage, ","Logic, ","0, ","Single, ","0, ","30, ","2.8, ","20, ","2.2, ","127, ","79, ","-, ","4, ","-, ","30, ","1972, ","5, ","30.2, ","1215, ","59, ","SO-8FL / DFN-5 ","1 ","260 ","0.3367 ",
"NVMFS4C05NT3G","Active, Not Rec","H Pb A P ","N-Channel, ","PowerTrench® T6, ","Power 56 (SO-8FL), ","Low-Medium Voltage, ","Logic, ","0, ","Single, ","0, ","30, ","2.8, ","20, ","2.2, ","116, ","79, ","-, ","4, ","-, ","30, ","1972, ","5.9, ","30.2, ","1215, ","59, ","SO-8FL / DFN-5 ","1 ","260 ","1.0222 ",
"NVMFS4C05NT1G","Active, Not Rec","H Pb A P ","N-Channel, ","PowerTrench® T6, ","Power 56 (SO-8FL), ","Low-Medium Voltage, ","Logic, ","0, ","Single, ","0, ","30, ","2.8, ","20, ","2.2, ","116, ","79, ","-, ","4, ","-, ","30, ","1972, ","5.9, ","30.2, ","1215, ","59, ","SO-8FL / DFN-5 ","1 ","260 ","0.7278 ",
"NVMFS4C05NWFT1G","Consult Sales Office","H Pb A P ","N-Channel, ","PowerTrench® T6, ","Power 56 (SO-8FL), ","Low-Medium Voltage, ","Logic, ","0, ","Single, ","0, ","30, ","2.8, ","20, ","2.2, ","116, ","79, ","-, ","4, ","-, ","30, ","1972, ","5.9, ","30.2, ","1215, ","59, ","DFNW5 4.90x5.90x1.00, 1.27P ","1 ","260 ","0.6764 ",
"NVMFS4C302NT1G","Active","H Pb A P ","N-Channel, ","PowerTrench® T6, ","Power 56 (SO-8FL), ","Low-Medium Voltage, ","Logic, ","0, ","Single, ","0, ","30, ","1.15, ","20, ","2, ","241, ","115, ","N/A, ","1.7, ","37, ","82, ","5780, ","7, ","69, ","2320, ","70, ","SO-8FL / DFN-5 ","1 ","260 ","1.6277 ",
"NVMFS4C302NWFET1G","Active","H Pb A P ","N-Channel, ","PowerTrench® T6, ","Power 56 (SO-8FL), ","Low-Medium Voltage, ","Logic, ","0, ","Single, ","0, ","30, ","1.15, ","20, ","2, ","241, ","115, ","-, ","1.7, ","37, ","82, ","5780, ","7, ","69, ","2320, ","70, ","DFNW5 4.90x5.90x1.00, 1.27P ","1 ","260 ","0.6379 ",
"NVMFS4C302NWFT1G","Active, Not Rec","H Pb A P ","N-Channel, ","PowerTrench® T6, ","Power 56 (SO-8FL), ","Low-Medium Voltage, ","Logic, ","0, ","Single, ","0, ","30, ","1.15, ","20, ","2, ","241, ","115, ","N/A, ","1.7, ","37, ","82, ","5780, ","7, ","69, ","2320, ","70, ","DFNW5 4.90x5.90x1.00, 1.27P ","1 ","260 ","1.83 ",
"NVMFS4C306NET1G","Active","H Pb A P ","N-Channel, ","PowerTrench® T6, ","Power 56 (SO-8FL), ","Low-Medium Voltage, ","Logic, ","0, ","Single, ","0, ","30, ","3.4, ","20, ","2.1, ","71, ","3, ","~NA~, ","4.8, ","11.6, ","26, ","1683, ","4, ","22, ","841, ","40, ","SO-8FL / DFN-5 ","1 ","260 ","0.3192 ",
"NVMFS4C306NT1G","Active, Not Rec","H Pb A P ","N-Channel, ","PowerTrench® T6, ","Power 56 (SO-8FL), ","Low-Medium Voltage, ","Logic, ","0, ","Single, ","0, ","30, ","3.4, ","±20, ","2.1, ","71, ","3, ","~NA~, ","4.8, ","11.6, ","26, ","1683, ","4, ","22, ","841, ","40, ","SO-8FL / DFN-5 ","1 ","260 ","0.9998 ",
"NVMFS4C308NWFT1G","Active","H Pb A P ","N-Channel, ","PowerTrench® T6, ","Power 56 (SO-8FL), ","Low-Medium Voltage, ","Logic, ","0, ","Single, ","0, ","30, ","4.8, ","±20, ","2.1, ","55, ","3, ","~NA~, ","7, ","8.4, ","18.2, ","1113, ","3.3, ","15.3, ","702, ","39, ","DFNW5 4.90x5.90x1.00, 1.27P ","1 ","260 ","2.9458 ",
"NVMFS4C308NT1G","Active","H Pb A P ","N-Channel, ","PowerTrench® T6, ","Power 56 (SO-8FL), ","Low-Medium Voltage, ","Logic, ","0, ","Single, ","0, ","30, ","4.8, ","±20, ","2.1, ","55, ","3, ","~NA~, ","7, ","8.4, ","18.2, ","1113, ","3.3, ","15.3, ","702, ","39, ","SO-8FL / DFN-5 ","1 ","260 ","0.784 ",
"NVMFS4C310NWFT1G","Active","H Pb A P ","N-Channel, ","PowerTrench® T6, ","Power 56 (SO-8FL), ","Low-Medium Voltage, ","Logic, ","0, ","Single, ","0, ","30, ","6, ","±20, ","2.2, ","51, ","3.5, ","~NA~, ","9, ","9.7, ","18.6, ","1000, ","4.8, ","13.7, ","580, ","160, ","DFNW5 4.90x5.90x1.00, 1.27P ","1 ","260 ","0.5431 ",
"NVMFS4C310NT1G","Consult Sales Office","H Pb A P ","N-Channel, ","PowerTrench® T6, ","Power 56 (SO-8FL), ","Low-Medium Voltage, ","Logic, ","0, ","Single, ","0, ","30, ","6, ","±20, ","2.2, ","51, ","3.5, ","~NA~, ","9, ","9.7, ","18.6, ","1000, ","4.8, ","13.7, ","580, ","160, ","SO-8FL / DFN-5 ","1 ","260 ","0.4471 ",
"NVMFS5113PLWFT1G","Active","H Pb A P ","P-Channel, ","PowerTrench® T1, ","Power 56 (SO-8FL), ","Low-Medium Voltage, ","Logic, ","0, ","Single, ","0, ","-60, ","14, ","±20, ","-2.5, ","-64, ","150, ","~NA~, ","22, ","45, ","83, ","4400, ","27, ","50, ","505, ","319, ","DFNW5 4.90x5.90x1.00, 1.27P ","1 ","260 ","1.2018 ",
"NVMFS5113PLT1G","Active","H Pb A P ","P-Channel, ","PowerTrench® T1, ","Power 56 (SO-8FL), ","Low-Medium Voltage, ","Logic, ","0, ","Single, ","0, ","-60, ","14, ","±20, ","-2.5, ","-64, ","150, ","~NA~, ","22, ","45, ","83, ","4400, ","27, ","50, ","505, ","319, ","SO-8FL / DFN-5 ","1 ","260 ","1.1077 ",
"NVMFS5826NLWFT1G","Active, Not Rec","H Pb A P ","N-Channel, ","PowerTrench® T1, ","Power 56 (SO-8FL), ","Low-Medium Voltage, ","Logic, ","0, ","Single, ","0, ","60, ","24, ","±20, ","2.5, ","26, ","39, ","-, ","32, ","20, ","17, ","850, ","4, ","11, ","85, ","50, ","SO-8FL / DFN-5 ","1 ","260 ","0.0 ",
"NVMFS5830NLWFT1G-UM","Active","H Pb A P ","N-Channel, ","PowerTrench® T1, ","Power 56 (SO-8FL), ","Low-Medium Voltage, ","Logic, ","0, ","Single, ","0, ","40, ","-, ","-, ","-, ","-, ","-, ","-, ","-, ","-, ","-, ","-, ","-, ","-, ","-, ","-, ","DFNW5 4.90x5.90x1.00, 1.27P ","1 ","260 ","1.0025 ",
"NVMFS5832NLWFT1G-UM","Active","H Pb A P ","N-Channel, ","PowerTrench® T1, ","Power 56 (SO-8FL), ","Low-Medium Voltage, ","Logic, ","0, ","Single, ","0, ","40, ","-, ","-, ","-, ","-, ","-, ","-, ","-, ","-, ","-, ","-, ","-, ","-, ","-, ","-, ","DFNW5 4.90x5.90x1.00, 1.27P ","1 ","260 ","0.5701 ",
"NVMFS5834NLWFT1G-UM","Active","H Pb A P ","N-Channel, ","PowerTrench® T1, ","Power 56 (SO-8FL), ","Low-Medium Voltage, ","Logic, ","0, ","Single, ","0, ","40, ","9.3, ","20, ","3, ","75, ","107, ","-, ","13.6, ","12, ","24, ","1231, ","6.3, ","108, ","198, ","141, ","DFNW5 4.90x5.90x1.00, 1.27P ","1 ","260 ","0.3944 ",
"NVMFS5C404NET1G","Active, Not Rec","H Pb A P ","N-Channel, ","PowerTrench® T6, ","Power 56 (SO-8FL), ","Low-Medium Voltage, ","Standard, ","0, ","Single, ","0, ","40, ","0.7, ","20, ","4, ","378, ","200, ","~NA~, ","~NA~, ","~NA~, ","128, ","8400, ","26, ","189, ","4600, ","120, ","SO-8FL / DFN-5 ","1 ","260 ","1.4434 ",
"NVMFS5C404NWFET3G","Active, Not Rec","H Pb A P ","N-Channel, ","PowerTrench® T6, ","Power 56 (SO-8FL), ","Low-Medium Voltage, ","Standard, ","0, ","Single, ","0, ","40, ","0.7, ","20, ","4, ","378, ","200, ","~NA~, ","~NA~, ","~NA~, ","128, ","8400, ","26, ","189, ","4600, ","120, ","DFNW5 4.90x5.90x1.00, 1.27P ","1 ","260 ","0.0 ",
"NVMFS5C404NWFET1G","Active, Not Rec","H Pb A P ","N-Channel, ","PowerTrench® T6, ","Power 56 (SO-8FL), ","Low-Medium Voltage, ","Standard, ","0, ","Single, ","0, ","40, ","0.7, ","20, ","4, ","378, ","200, ","~NA~, ","~NA~, ","~NA~, ","128, ","8400, ","26, ","189, ","4600, ","120, ","DFNW5 4.90x5.90x1.00, 1.27P ","1 ","260 ","2.8959 ",
"NVMFS5C404NAFT1G","Active, Not Rec","H Pb A P ","N-Channel, ","PowerTrench® T6, ","Power 56 (SO-8FL), ","Low-Medium Voltage, ","Standard, ","0, ","Single, ","0, ","40, ","0.7, ","±20, ","4, ","378, ","200, ","~NA~, ","~NA~, ","~NA~, ","128, ","8400, ","26, ","189, ","4600, ","120, ","DFN-5 4.90x5.90x1.00, 1.27P ","1 ","260 ","2.9357 ",
"NVMFS5C404NLWFET1G","Active","H Pb A P ","N-Channel, ","PowerTrench® T6, ","Power 56 (SO-8FL), ","Low-Medium Voltage, ","Logic, ","0, ","Single, ","0, ","40, ","0.67, ","20, ","2, ","352, ","-, ","~NA~, ","1, ","81, ","181, ","12168, ","23.8, ","190, ","4538, ","79.8, ","DFNW5 4.90x5.90x1.00, 1.27P ","1 ","260 ","2.7719 ",
"NVMFS5C404NLET1G","Active","H Pb A P ","N-Channel, ","PowerTrench® T6, ","Power 56 (SO-8FL), ","Low-Medium Voltage, ","Logic, ","0, ","Single, ","0, ","40, ","0.67, ","20, ","2, ","352, ","200, ","~NA~, ","1, ","81, ","181, ","12168, ","23.8, ","190, ","4538, ","79.8, ","DFN-5 4.90x5.90x1.00, 1.27P ","1 ","260 ","1.4434 ",
"NVMFS5C406NWFT1G","Active","H Pb A P ","N-Channel, ","PowerTrench® T6, ","Power 56 (SO-8FL), ","Low-Medium Voltage, ","Standard, ","0, ","Single, ","0, ","40, ","0.8, ","±20, ","4, ","353, ","179, ","~NA~, ","~NA~, ","~NA~, ","110, ","7288, ","~NA~, ","20, ","4530, ","150, ","DFNW5 4.90x5.90x1.00, 1.27P ","1 ","260 ","2.1691 ",
"NVMFS5C406NT1G","Active","H Pb A P ","N-Channel, ","PowerTrench® T6, ","Power 56 (SO-8FL), ","Low-Medium Voltage, ","Standard, ","0, ","Single, ","0, ","40, ","0.8, ","±20, ","4, ","353, ","179, ","~NA~, ","~NA~, ","~NA~, ","110, ","7288, ","~NA~, ","20, ","4530, ","150, ","DFN-5 4.90x5.90x1.00, 1.27P ","1 ","260 ","2.0791 ",
"NVMFS5C406NLWFT1G","Active","H Pb A P ","N-Channel, ","PowerTrench® T6, ","Power 56 (SO-8FL), ","Low-Medium Voltage, ","Logic, ","0, ","Single, ","0, ","40, ","0.7, ","±20, ","2, ","362, ","~NA~, ","~NA~, ","1.1, ","~NA~, ","149, ","9400, ","~NA~, ","174, ","4600, ","140, ","DFNW5 4.90x5.90x1.00, 1.27P ","1 ","260 ","2.1893 ",
"NVMFS5C406NLT1G","Active","H Pb A P ","N-Channel, ","PowerTrench® T6, ","Power 56 (SO-8FL), ","Low-Medium Voltage, ","Logic, ","0, ","Single, ","0, ","40, ","0.7, ","±20, ","2, ","362, ","~NA~, ","~NA~, ","1.1, ","~NA~, ","149, ","9400, ","~NA~, ","174, ","4600, ","140, ","DFN-5 4.90x5.90x1.00, 1.27P ","1 ","260 ","2.0883 ",
"NVMFS5C410NWFET1G","Active, Not Rec","H Pb A P ","N-Channel, ","PowerTrench® T6, ","Power 56 (SO-8FL), ","Low-Medium Voltage, ","Standard, ","0, ","Single, ","0, ","40, ","0.92, ","20, ","3.5, ","300, ","166, ","~NA~, ","~NA~, ","~NA~, ","86, ","6100, ","14, ","159, ","3400, ","70, ","DFNW5 4.90x5.90x1.00, 1.27P ","1 ","260 ","2.2438 ",
"NVMFS5C410NET3G","Active, Not Rec","H Pb A P ","N-Channel, ","PowerTrench® T6, ","Power 56 (SO-8FL), ","Low-Medium Voltage, ","Standard, ","0, ","Single, ","0, ","40, ","0.92, ","20, ","3.5, ","300, ","166, ","~NA~, ","~NA~, ","~NA~, ","86, ","6100, ","~NA~, ","159, ","3400, ","70, ","SO-8FL / DFN-5 ","1 ","260 ","2.2438 ",
"NVMFS5C410NLET3G","Active","H Pb A P ","N-Channel, ","PowerTrench® T6, ","Power 56 (SO-8FL), ","Low-Medium Voltage, ","Logic, ","0, ","Single, ","0, ","40, ","0.82, ","20, ","2, ","330, ","167, ","~NA~, ","1.2, ","~NA~, ","143, ","8862, ","22, ","126, ","4156, ","116, ","SO-8FL / DFN-5 ","1 ","260 ","2.2438 ",
"NVMFS5C410NLET1G-YE","Active","H Pb A P ","N-Channel, ","PowerTrench® T6, ","Power 56 (SO-8FL), ","Low-Medium Voltage, ","Logic, ","0, ","Single, ","0, ","40, ","0.82, ","20, ","2, ","330, ","167, ","~NA~, ","1.2, ","~NA~, ","143, ","8862, ","22, ","126, ","4156, ","116, ","SO-8FL / DFN-5 ","1 ","260 ","2.137 ",
"NVMFS5C410NLWFET1G","Active","H Pb A P ","N-Channel, ","PowerTrench® T6, ","Power 56 (SO-8FL), ","Low-Medium Voltage, ","Logic, ","0, ","Single, ","0, ","40, ","0.82, ","20, ","2, ","330, ","167, ","~NA~, ","1.2, ","~NA~, ","143, ","8862, ","22, ","126, ","4156, ","116, ","DFNW5 4.90x5.90x1.00, 1.27P ","1 ","260 ","2.147 ",
"NVMFS5C410NLWFET3G","Active","H Pb A P ","N-Channel, ","PowerTrench® T6, ","Power 56 (SO-8FL), ","Low-Medium Voltage, ","Logic, ","0, ","Single, ","0, ","40, ","0.82, ","20, ","2, ","330, ","167, ","~NA~, ","1.2, ","~NA~, ","143, ","8862, ","22, ","126, ","4156, ","116, ","DFNW5 4.90x5.90x1.00, 1.27P ","1 ","260 ","2.2438 ",
"NVMFS5C420NWFET1G","Active, Not Rec","H Pb A P ","N-Channel, ","PowerTrench® T6, ","PowerTrench® T6, ","Low-Medium Voltage, ","Standard, ","0, ","Single, ","0, ","40, ","1.1, ","20, ","4, ","268, ","150, ","~NA~, ","~NA~, ","~NA~, ","82, ","5340, ","~NA~, ","236, ","3500, ","140, ","DFNW5 4.90x5.90x1.00, 1.27P ","1 ","260 ","0.9017 ",
"NVMFS5C420NET1G","Active, Not Rec","H Pb A P ","N-Channel, ","PowerTrench® T6, ","Power 56 (SO-8FL), ","Low-Medium Voltage, ","Standard, ","0, ","Single, ","0, ","40, ","1.1, ","20, ","4, ","268, ","150, ","~NA~, ","~NA~, ","~NA~, ","82, ","5340, ","~NA~, ","236, ","3500, ","140, ","SO-8FL / DFN-5 ","1 ","260 ","0.9017 ",
"NVMFS5C420NLWFT1G","Active","H Pb A P ","N-Channel, ","PowerTrench® T6, ","Power 56 (SO-8FL), ","Low-Medium Voltage, ","Logic, ","0, ","Single, ","0, ","40, ","1, ","±20, ","2.2, ","277, ","146, ","~NA~, ","1.4, ","47, ","100, ","7020, ","~NA~, ","96, ","3130, ","95, ","DFNW5 4.90x5.90x1.00, 1.27P ","1 ","260 ","1.5215 ",
"NVMFS5C420NLT1G","Active","H Pb A P ","N-Channel, ","PowerTrench® T6, ","Power 56 (SO-8FL), ","Low-Medium Voltage, ","Logic, ","0, ","Single, ","0, ","40, ","1, ","±20, ","2.2, ","277, ","146, ","~NA~, ","1.4, ","47, ","100, ","7020, ","~NA~, ","96, ","3130, ","95, ","SO-8FL / DFN-5 ","1 ","260 ","1.4171 ",
"NVMFS5C423NLET1G","Active","H Pb A P ","N-Channel, ","PowerTrench® T6, ","Power 56 (SO-8FL), ","Low-Medium Voltage, ","Logic, ","0, ","Single, ","0, ","40, ","2, ","20, ","2, ","150, ","83, ","~NA~, ","3, ","~NA~, ","50, ","3100, ","6.7, ","29, ","1300, ","60, ","SO-8FL / DFN-5 ","1 ","260 ","0.462 ",
"NVMFS5C423NLWFET1G","Active","H Pb A P ","N-Channel, ","PowerTrench® T6, ","Power 56 (SO-8FL), ","Low-Medium Voltage, ","Logic, ","0, ","Single, ","0, ","40, ","2, ","20, ","2, ","150, ","83, ","~NA~, ","3, ","~NA~, ","50, ","3100, ","6.7, ","29, ","1300, ","60, ","DFNW5 4.90x5.90x1.00, 1.27P ","1 ","260 ","0.9133 ",
"NVMFS5C426NET1G-YE","Active, Not Rec","H Pb A P ","N-Channel, ","PowerTrench® T6, ","Power 56 (SO-8FL), ","Low-Medium Voltage, ","Standard, ","0, ","Single, ","0, ","40, ","1.3, ","20, ","3.5, ","235, ","128, ","~NA~, ","~NA~, ","~NA~, ","65, ","4300, ","12, ","92, ","2100, ","59, ","SO-8FL / DFN-5 ","1 ","260 ","1.2617 ",
"NVMFS5C426NET3G-YE","Active, Not Rec","H Pb A P ","N-Channel, ","PowerTrench® T6, ","Power 56 (SO-8FL), ","Low-Medium Voltage, ","Standard, ","0, ","Single, ","0, ","40, ","1.3, ","20, ","3.5, ","235, ","128, ","~NA~, ","~NA~, ","~NA~, ","65, ","4300, ","12, ","92, ","2100, ","59, ","SO-8FL / DFN-5 ","1 ","260 ","1.2016 ",
"NVMFS5C426NAFT1G-YE","Active, Not Rec","H Pb A P ","N-Channel, ","PowerTrench® T6, ","Power 56 (SO-8FL), ","Low-Medium Voltage, ","Standard, ","0, ","Single, ","0, ","40, ","1.3, ","20, ","3.5, ","235, ","128, ","~NA~, ","~NA~, ","~NA~, ","65, ","4300, ","12, ","92, ","2100, ","59, ","SO-8FL / DFN-5 ","1 ","260 ","0.6894 ",
"NVMFS5C426NET1G","Active, Not Rec","H Pb A P ","N-Channel, ","PowerTrench® T6, ","Power 56 (SO-8FL), ","Low-Medium Voltage, ","Standard, ","0, ","Single, ","0, ","40, ","1.3, ","20, ","3.5, ","235, ","128, ","~NA~, ","~NA~, ","~NA~, ","65, ","4300, ","12, ","92, ","2100, ","59, ","SO-8FL / DFN-5 ","1 ","260 ","0.5804 ",
"NVMFS5C426NWFET1G","Active, Not Rec","H Pb A P ","N-Channel, ","PowerTrench® T6, ","Power 56 (SO-8FL), ","Low-Medium Voltage, ","Standard, ","0, ","Single, ","0, ","40, ","1.3, ","20, ","3.5, ","235, ","128, ","~NA~, ","~NA~, ","~NA~, ","65, ","4300, ","12, ","92, ","2100, ","59, ","DFNW5 4.90x5.90x1.00, 1.27P ","1 ","260 ","1.512 ",
"NVMFS5C426NLWFT1G","Active","H Pb A P ","N-Channel, ","PowerTrench® T6, ","Power 56 (SO-8FL), ","Low-Medium Voltage, ","Logic, ","0, ","Single, ","0, ","40, ","1.2, ","±20, ","2, ","237, ","128, ","~NA~, ","1.8, ","44, ","93, ","5600, ","13.6, ","43, ","2600, ","70, ","DFNW5 4.90x5.90x1.00, 1.27P ","1 ","260 ","1.9983 ",
"NVMFS5C426NLT1G","Active","H Pb A P ","N-Channel, ","PowerTrench® T6, ","Power 56 (SO-8FL), ","Low-Medium Voltage, ","Logic, ","0, ","Single, ","0, ","40, ","1.2, ","±20, ","2, ","237, ","128, ","~NA~, ","1.8, ","44, ","93, ","5600, ","13.6, ","43, ","2600, ","70, ","SO-8FL / DFN-5 ","1 ","260 ","2.4788 ",
"NVMFS5C430NET3G-YE","Active, Not Rec","H Pb A P ","N-Channel, ","PowerTrench® T6, ","Power 56 (SO-8FL), ","Low-Medium Voltage, ","Standard, ","0, ","Single, ","0, ","40, ","1.7, ","20, ","3.5, ","185, ","106, ","~NA~, ","~NA~, ","~NA~, ","47, ","3300, ","7, ","68, ","1600, ","45, ","SO-8FL / DFN-5 ","1 ","260 ","1.1088 ",
"NVMFS5C430NET1G-YE","Active, Not Rec","H Pb A P ","N-Channel, ","PowerTrench® T6, ","Power 56 (SO-8FL), ","Low-Medium Voltage, ","Standard, ","0, ","Single, ","0, ","40, ","1.7, ","20, ","3.5, ","185, ","106, ","~NA~, ","~NA~, ","~NA~, ","47, ","3300, ","7, ","68, ","1600, ","45, ","SO-8FL / DFN-5 ","1 ","260 ","0.5571 ",
"NVMFS5C430NAFT1G-YE","Active, Not Rec","H Pb A P ","N-Channel, ","PowerTrench® T6, ","Power 56 (SO-8FL), ","Low-Medium Voltage, ","Standard, ","0, ","Single, ","0, ","40, ","1.7, ","20, ","3.5, ","185, ","106, ","~NA~, ","~NA~, ","~NA~, ","47, ","3800, ","7, ","68, ","1600, ","45, ","SO-8FL / DFN-5 ","1 ","260 ","0.5571 ",
"NVMFS5C430NWFET1G","Active, Not Rec","H Pb A P ","N-Channel, ","PowerTrench® T6, ","Power 56 (SO-8FL), ","Low-Medium Voltage, ","Standard, ","0, ","Single, ","0, ","40, ","1.7, ","20, ","3.5, ","185, ","106, ","~NA~, ","~NA~, ","~NA~, ","47, ","3300, ","7, ","68, ","1600, ","45, ","DFNW5 4.90x5.90x1.00, 1.27P ","1 ","260 ","1.1894 ",
"NVMFS5C430NLWFET1G","Active","H Pb A P ","N-Channel, ","PowerTrench® T6, ","Power 56 (SO-8FL), ","Low-Medium Voltage, ","Logic, ","0, ","Single, ","0, ","40, ","1.4, ","20, ","2, ","200, ","110, ","~NA~, ","2.2, ","~NA~, ","70, ","4300, ","9, ","80, ","1900, ","72, ","DFNW5 4.90x5.90x1.00, 1.27P ","1 ","260 ","1.1894 ",
"NVMFS5C430NLET1G","Active","H Pb A P ","N-Channel, ","PowerTrench® T6, ","Power 56 (SO-8FL), ","Low-Medium Voltage, ","Logic, ","0, ","Single, ","0, ","40, ","1.4, ","20, ","2, ","200, ","110, ","~NA~, ","2.2, ","~NA~, ","70, ","4300, ","9, ","80, ","1900, ","72, ","SO-8FL / DFN-5 ","1 ","260 ","0.5571 ",
"NVMFS5C442NET1G-YE","Active, Not Rec","H Pb A P ","N-Channel, ","PowerTrench® T6, ","Power 56 (SO-8FL), ","Low-Medium Voltage, ","Standard, ","0, ","Single, ","0, ","40, ","2.3, ","20, ","4, ","140, ","83, ","~NA~, ","~NA~, ","~NA~, ","32, ","2100, ","4.7, ","40, ","1100, ","40, ","SO-8FL / DFN-5 ","1 ","260 ","1.0318 ",
"NVMFS5C442NET3G-YE","Active, Not Rec","H Pb A P ","N-Channel, ","PowerTrench® T6, ","Power 56 (SO-8FL), ","Low-Medium Voltage, ","Standard, ","0, ","Single, ","0, ","40, ","2.3, ","20, ","4, ","140, ","83, ","~NA~, ","~NA~, ","~NA~, ","32, ","2100, ","4.7, ","40, ","1100, ","40, ","SO-8FL / DFN-5 ","1 ","260 ","0.9826 ",
"NVMFS5C442NWFET1G","Active, Not Rec","H Pb A P ","N-Channel, ","PowerTrench® T6, ","Power 56 (SO-8FL), ","Low-Medium Voltage, ","Standard, ","0, ","Single, ","0, ","40, ","2.3, ","20, ","4, ","140, ","83, ","~NA~, ","~NA~, ","~NA~, ","32, ","2100, ","4.7, ","40, ","1100, ","40, ","DFNW5 4.90x5.90x1.00, 1.27P ","1 ","260 ","0.9273 ",
"NVMFS5C442NAFT1G-YE","Active, Not Rec","H Pb A P ","N-Channel, ","PowerTrench® T6, ","Power 56 (SO-8FL), ","Low-Medium Voltage, ","Standard, ","0, ","Single, ","0, ","40, ","2.3, ","20, ","4, ","140, ","83, ","~NA~, ","~NA~, ","~NA~, ","32, ","2100, ","4.7, ","40, ","1100, ","40, ","SO-8FL / DFN-5 ","1 ","260 ","0.4144 ",
"NVMFS5C442NLWFET1G","Active","H Pb A P ","N-Channel, ","PowerTrench® T6, ","Power 56 (SO-8FL), ","Low-Medium Voltage, ","Logic, ","0, ","Single, ","0, ","40, ","2.5, ","20, ","2, ","130, ","83, ","~NA~, ","3.7, ","23, ","50, ","3100, ","6.7, ","40, ","1100, ","37, ","DFNW5 4.90x5.90x1.00, 1.27P ","1 ","260 ","0.9273 ",
"NVMFS5C442NLET1G","Active","H Pb A P ","N-Channel, ","PowerTrench® T6, ","Power 56 (SO-8FL), ","Low-Medium Voltage, ","Logic, ","0, ","Single, ","0, ","40, ","2.5, ","20, ","2, ","130, ","83, ","~NA~, ","3.7, ","23, ","50, ","3100, ","6.7, ","40, ","1100, ","37, ","SO-8FL / DFN-5 ","1 ","260 ","0.4389 ",
"NVMFS5C442NLET1G-YE","Active","H Pb A P ","N-Channel, ","PowerTrench® T6, ","Power 56 (SO-8FL), ","Low-Medium Voltage, ","Logic, ","0, ","Single, ","0, ","40, ","2.5, ","20, ","2, ","130, ","83, ","~NA~, ","3.7, ","23, ","50, ","3100, ","6.7, ","40, ","1100, ","37, ","SO-8FL / DFN-5 ","1 ","260 ","0.4389 ",
"NVMFS5C442NLAFT1G-YE","Active","H Pb A P ","N-Channel, ","PowerTrench® T6, ","Power 56 (SO-8FL), ","Low-Medium Voltage, ","Logic, ","0, ","Single, ","0, ","40, ","2.5, ","20, ","2, ","130, ","83, ","~NA~, ","3.7, ","23, ","50, ","3100, ","6.7, ","40, ","1100, ","3.7, ","SO-8FL / DFN-5 ","1 ","260 ","0.4389 ",
"NVMFS5C450NWFET1G","Active, Not Rec","H Pb A P ","N-Channel, ","PowerTrench® T6, ","Power 56 (SO-8FL), ","Low-Medium Voltage, ","Standard, ","0, ","Single, ","0, ","40, ","3.3, ","20, ","3.5, ","102, ","68, ","~NA~, ","~NA~, ","12, ","23, ","1600, ","3.5, ","23, ","830, ","28, ","DFNW5 4.90x5.90x1.00, 1.27P ","1 ","260 ","0.3952 ",
"NVMFS5C450NWFET3G","Active, Not Rec","H Pb A P ","N-Channel, ","PowerTrench® T6, ","Power 56 (SO-8FL), ","Low-Medium Voltage, ","Standard, ","0, ","Single, ","0, ","40, ","3.3, ","20, ","3.5, ","102, ","68, ","~NA~, ","~NA~, ","12, ","23, ","1600, ","3.5, ","23, ","830, ","28, ","DFNW5 4.90x5.90x1.00, 1.27P ","1 ","260 ","0.0 ",
"NVMFS5C450NET1G","Active, Not Rec","H Pb A P ","N-Channel, ","PowerTrench® T6, ","Power 56 (SO-8FL), ","Low-Medium Voltage, ","Standard, ","0, ","Single, ","0, ","40, ","3.3, ","20, ","3.5, ","102, ","68, ","~NA~, ","~NA~, ","12, ","23, ","1600, ","3.5, ","23, ","830, ","28, ","SO-8FL / DFN-5 ","1 ","260 ","0.4827 ",
"NVMFS5C450NET1G-YE","Active, Not Rec","H Pb A P ","N-Channel, ","PowerTrench® T6, ","Power 56 (SO-8FL), ","Low-Medium Voltage, ","Standard, ","0, ","Single, ","0, ","40, ","3.3, ","20, ","3.5, ","102, ","68, ","~NA~, ","~NA~, ","12, ","23, ","1600, ","3.5, ","23, ","830, ","28, ","SO-8FL / DFN-5 ","1 ","260 ","0.7862 ",
"NVMFS5C450NAFT1G-YE","Active, Not Rec","H Pb A P ","N-Channel, ","PowerTrench® T6, ","Power 56 (SO-8FL), ","Low-Medium Voltage, ","Standard, ","0, ","Single, ","0, ","40, ","3.3, ","20, ","3.5, ","102, ","68, ","~NA~, ","~NA~, ","12, ","23, ","1600, ","3.5, ","23, ","830, ","28, ","SO-8FL / DFN-5 ","1 ","260 ","0.7862 ",
"NVMFS5C450NET3G-YE","Active, Not Rec","H Pb A P ","N-Channel, ","PowerTrench® T6, ","Power 56 (SO-8FL), ","Low-Medium Voltage, ","Standard, ","0, ","Single, ","0, ","40, ","3.3, ","20, ","3.5, ","102, ","68, ","~NA~, ","~NA~, ","12, ","23, ","1600, ","3.5, ","23, ","830, ","28, ","SO-8FL / DFN-5 ","1 ","260 ","0.7488 ",
"NVMFS5C450NLET1G","Active","H Pb A P ","N-Channel, ","PowerTrench® T6, ","Power 56 (SO-8FL), ","Low-Medium Voltage, ","Logic, ","0, ","Single, ","0, ","40, ","2.8, ","20, ","2, ","110, ","68, ","~NA~, ","4.4, ","16, ","35, ","2100, ","5, ","31, ","1000, ","42, ","SO-8FL / DFN-5 ","1 ","260 ","0.4401 ",
"NVMFS5C450NLWFET1G","Active","H Pb A P ","N-Channel, ","PowerTrench® T6, ","Power 56 (SO-8FL), ","Low-Medium Voltage, ","Logic, ","0, ","Single, ","0, ","40, ","2.8, ","20, ","2, ","110, ","68, ","~NA~, ","4.4, ","16, ","35, ","2100, ","5, ","31, ","1000, ","42, ","DFNW5 4.90x5.90x1.00, 1.27P ","1 ","260 ","0.3937 ",
"NVMFS5C456NT1G","Active, Not Rec","H Pb A P ","N-Channel, ","PowerTrench® T6, ","Power 56 (SO-8FL), ","Low-Medium Voltage, ","Standard, ","0, ","Single, ","0, ","40, ","4.5, ","20, ","3.5, ","80, ","55, ","~NA~, ","~NA~, ","~NA~, ","18, ","1150, ","3, ","18, ","600, ","25, ","SO-8FL / DFN-5 ","1 ","260 ","0.5618 ",
"NVMFS5C456NWFT1G","Active, Not Rec","H Pb A P ","N-Channel, ","PowerTrench® T6, ","Power 56 (SO-8FL), ","Low-Medium Voltage, ","Standard, ","0, ","Single, ","0, ","40, ","4.5, ","20, ","3.5, ","80, ","55, ","~NA~, ","~NA~, ","~NA~, ","18, ","1150, ","3, ","18, ","600, ","25, ","DFNW5 4.90x5.90x1.00, 1.27P ","1 ","260 ","0.8062 ",
"NVMFS5C456NLWFET1G","Active","H Pb A P ","N-Channel, ","PowerTrench® T6, ","Power 56 (SO-8FL), ","Low-Medium Voltage, ","Logic, ","0, ","Single, ","0, ","40, ","3.7, ","20, ","2, ","87, ","55, ","~NA~, ","6, ","8.2, ","18, ","1600, ","2.1, ","20, ","590, ","21, ","DFNW5 4.90x5.90x1.00, 1.27P ","1 ","260 ","0.3447 ",
"NVMFS5C456NLET1G","Active","H Pb A P ","N-Channel, ","PowerTrench® T6, ","Power 56 (SO-8FL), ","Low-Medium Voltage, ","Logic, ","0, ","Single, ","0, ","40, ","3.7, ","20, ","2, ","87, ","55, ","~NA~, ","6, ","8.2, ","18, ","1600, ","2.1, ","20, ","590, ","21, ","SO-8FL / DFN-5 ","1 ","260 ","0.3315 ",
"NVMFS5C456NLAFT1G-YE","Active","H Pb A P ","N-Channel, ","PowerTrench® T6, ","Power 56 (SO-8FL), ","Low-Medium Voltage, ","Logic, ","0, ","Single, ","0, ","40, ","3.7, ","20, ","2, ","87, ","55, ","~NA~, ","6, ","8.2, ","18, ","1600, ","2.1, ","20, ","590, ","21, ","SO-8FL / DFN-5 ","1 ","260 ","0.3447 ",
"NVMFS5C456NLET3G-YE","Active","H Pb A P ","N-Channel, ","PowerTrench® T6, ","Power 56 (SO-8FL), ","Low-Medium Voltage, ","Logic, ","0, ","Single, ","0, ","40, ","3.7, ","20, ","2, ","87, ","55, ","~NA~, ","6, ","8.2, ","18, ","1600, ","2.1, ","20, ","590, ","21, ","SO-8FL / DFN-5 ","1 ","260 ","0.6717 ",
"NVMFS5C456NLET1G-YE","Active","H Pb A P ","N-Channel, ","PowerTrench® T6, ","Power 56 (SO-8FL), ","Low-Medium Voltage, ","Logic, ","0, ","Single, ","0, ","40, ","3.7, ","20, ","2, ","87, ","55, ","~NA~, ","6, ","8.2, ","18, ","1600, ","2.1, ","20, ","590, ","21, ","SO-8FL / DFN-5 ","1 ","260 ","0.7053 ",
"NVMFS5C460NT1G","Active","H Pb A P ","N-Channel, ","PowerTrench® T6, ","Power 56 (SO-8FL), ","Low-Medium Voltage, ","Standard, ","0, ","Single, ","0, ","40, ","5.3, ","20, ","3.5, ","71, ","50, ","~NA~, ","~NA~, ","~NA~, ","16, ","1000, ","2.7, ","16, ","530, ","22, ","SO-8FL / DFN-5 ","1 ","260 ","0.8295 ",
"NVMFS5C460NWFT1G","Active","H Pb A P ","N-Channel, ","PowerTrench® T6, ","Power 56 (SO-8FL), ","Low-Medium Voltage, ","Standard, ","0, ","Single, ","0, ","40, ","5.3, ","20, ","3.5, ","71, ","50, ","~NA~, ","~NA~, ","~NA~, ","16, ","1000, ","2.7, ","16, ","530, ","22, ","DFNW5 4.90x5.90x1.00, 1.27P ","1 ","260 ","1.0337 ",
"NVMFS5C460NLAFT1G-YE","Active","H Pb A P ","N-Channel, ","PowerTrench® T6, ","Power 56 (SO-8FL), ","Low-Medium Voltage, ","Logic, ","0, ","Single, ","0, ","40, ","4.5, ","20, ","2, ","78, ","50, ","~NA~, ","72, ","11, ","23, ","1300, ","3, ","12, ","530, ","22, ","SO-8FL / DFN-5 ","1 ","260 ","0.3223 ",
"NVMFS5C460NLET1G-YE","Active","H Pb A P ","N-Channel, ","PowerTrench® T6, ","Power 56 (SO-8FL), ","Low-Medium Voltage, ","Logic, ","0, ","Single, ","0, ","40, ","4.5, ","20, ","2, ","78, ","50, ","~NA~, ","7.2, ","11, ","23, ","1300, ","3, ","12, ","530, ","22, ","SO-8FL / DFN-5 ","1 ","260 ","0.3223 ",
"NVMFS5C460NLWFET1G","Active","H Pb A P ","N-Channel, ","PowerTrench® T6, ","Power 56 (SO-8FL), ","Low-Medium Voltage, ","Logic, ","0, ","Single, ","0, ","40, ","4.5, ","20, ","2, ","78, ","50, ","~NA~, ","7.2, ","11, ","23, ","1300, ","3, ","12, ","530, ","22, ","DFNW5 4.90x5.90x1.00, 1.27P ","1 ","260 ","0.3236 ",
"NVMFS5C460NLWFET3G","Active","H Pb A P ","N-Channel, ","PowerTrench® T6, ","Power 56 (SO-8FL), ","Low-Medium Voltage, ","Logic, ","0, ","Single, ","0, ","40, ","4.5, ","20, ","2, ","78, ","50, ","~NA~, ","7.2, ","11, ","23, ","1300, ","3, ","12, ","530, ","22, ","DFNW5 4.90x5.90x1.00, 1.27P ","1 ","260 ","0.0 ",
"NVMFS5C460NLET1G","Active","H Pb A P ","N-Channel, ","PowerTrench® T6, ","Power 56 (SO-8FL), ","Low-Medium Voltage, ","Logic, ","0, ","Single, ","0, ","40, ","4.5, ","20, ","2, ","78, ","50, ","~NA~, ","7.2, ","11, ","23, ","1300, ","3, ","12, ","530, ","22, ","SO-8FL / DFN-5 ","1 ","260 ","0.3223 ",
"NVMFS5C460NLWFAFT1G","Active, Not Rec","H Pb A P ","N-Channel, ","PowerTrench® T6, ","Power 56 (SO-8FL), ","Low-Medium Voltage, ","Logic, ","0, ","Single, ","0, ","40, ","4.5, ","20, ","2, ","78, ","50, ","~NA~, ","7.2, ","11, ","23, ","1300, ","3, ","12, ","530, ","22, ","DFNW5 4.90x5.90x1.00, 1.27P ","1 ","260 ","0.7081 ",
"NVMFS5C466NT1G","Active","H Pb A P ","N-Channel, ","PowerTrench® T6, ","Power 56 (SO-8FL), ","Low-Medium Voltage, ","Standard, ","0, ","Single, ","0, ","40, ","8, ","20, ","3.5, ","48, ","37, ","~NA~, ","~NA~, ","~NA~, ","10, ","646, ","1.5, ","11, ","320, ","9, ","SO-8FL / DFN-5 ","1 ","260 ","0.5008 ",
"NVMFS5C466NWFT1G","Active","H Pb A P ","N-Channel, ","PowerTrench® T6, ","Power 56 (SO-8FL), ","Low-Medium Voltage, ","Standard, ","0, ","Single, ","0, ","40, ","8, ","20, ","3.5, ","48, ","37, ","~NA~, ","~NA~, ","~NA~, ","10, ","646, ","1.5, ","11, ","320, ","9, ","DFNW5 4.90x5.90x1.00, 1.27P ","1 ","260 ","0.5805 ",
"NVMFS5C466NLT1G","Active","H Pb A P ","N-Channel, ","PowerTrench® T6, ","Power 56 (SO-8FL), ","Low-Medium Voltage, ","Logic, ","0, ","Single, ","0, ","40, ","7.3, ","±20, ","2.2, ","52, ","37, ","~NA~, ","12, ","7, ","16, ","860, ","2.5, ","11, ","360, ","15, ","SO-8FL / DFN-5 ","1 ","260 ","0.5062 ",
"NVMFS5C466NLWFT1G","Active","H Pb A P ","N-Channel, ","PowerTrench® T6, ","Power 56 (SO-8FL), ","Low-Medium Voltage, ","Logic, ","0, ","Single, ","0, ","40, ","7.3, ","±20, ","2.2, ","52, ","37, ","~NA~, ","12, ","7, ","16, ","860, ","2.5, ","11, ","360, ","15, ","DFNW5 4.90x5.90x1.00, 1.27P ","1 ","260 ","0.5765 ",
"NVMFS5C468NT1G","Active","H Pb A P ","N-Channel, ","PowerTrench® T6, ","Power 56 (SO-8FL), ","Low-Medium Voltage, ","Standard, ","0, ","Single, ","0, ","40, ","12, ","±20, ","3.5, ","35, ","28, ","~NA~, ","~NA~, ","~NA~, ","7.9, ","420, ","1.5, ","6.7, ","230, ","11, ","SO-8FL / DFN-5 ","1 ","260 ","0.4663 ",
"NVMFS5C468NWFT1G","Active","H Pb A P ","N-Channel, ","PowerTrench® T6, ","Power 56 (SO-8FL), ","Low-Medium Voltage, ","Standard, ","0, ","Single, ","0, ","40, ","12, ","±20, ","3.5, ","35, ","28, ","~NA~, ","~NA~, ","~NA~, ","7.9, ","420, ","1.5, ","6.7, ","230, ","11, ","DFNW5 4.90x5.90x1.00, 1.27P ","1 ","260 ","0.5129 ",
"NVMFS5C468NLAFT1G","Active","H Pb A P ","N-Channel, ","PowerTrench® T6, ","Power 56 (SO-8FL), ","Low-Medium Voltage, ","Logic, ","0, ","Single, ","0, ","40, ","10.3, ","±20, ","2, ","37, ","28, ","~NA~, ","17.6, ","3.4, ","7.3, ","570, ","1, ","6, ","230, ","11, ","SO-8FL / DFN-5 ","1 ","260 ","0.4009 ",
"NVMFS5C468NLWFAFT1G","Active","H Pb A P ","N-Channel, ","PowerTrench® T6, ","Power 56 (SO-8FL), ","Low-Medium Voltage, ","Logic, ","0, ","Single, ","0, ","40, ","10.3, ","±20, ","2, ","37, ","28, ","~NA~, ","17.6, ","3.4, ","7.3, ","570, ","1, ","6, ","230, ","11, ","DFNW5 4.90x5.90x1.00, 1.27P ","1 ","260 ","0.5458 ",
"NVMFS5C468NLWFET3G","Consult Sales Office","H Pb A P ","N-Channel, ","PowerTrench® T6, ","Power 56 (SO-8FL), ","Low-Medium Voltage, ","Logic, ","0, ","Single, ","0, ","40, ","10.3, ","20, ","2, ","37, ","28, ","~NA~, ","17.6, ","3.4, ","7.3, ","570, ","1, ","6, ","230, ","11, ","DFNW5 4.90x5.90x1.00, 1.27P ","1 ","260 ","0.2577 ",
"NVMFS5C604NT1G","Active","H Pb A P ","N-Channel, ","PowerTrench® T6, ","Power 56 (SO-8FL), ","Low-Medium Voltage, ","Standard, ","0, ","Single, ","0, ","60, ","1.2, ","±20, ","4, ","288, ","200, ","~NA~, ","~NA~, ","~NA~, ","80, ","6400, ","~NA~, ","218, ","3800, ","10, ","DFN-5 4.90x5.90x1.00, 1.27P ","1 ","260 ","0.0 ",
"NVMFS5C604NWFT1G","Active","H Pb A P ","N-Channel, ","PowerTrench® T6, ","Power 56 (SO-8FL), ","Low-Medium Voltage, ","Standard, ","0, ","Single, ","0, ","60, ","1.2, ","±20, ","4, ","288, ","200, ","~NA~, ","~NA~, ","~NA~, ","80, ","6400, ","~NA~, ","218, ","3800, ","10, ","DFNW5 4.90x5.90x1.00, 1.27P ","1 ","260 ","0.0 ",
"NVMFS5C604NLWFAFT1G","Active","H Pb A P ","N-Channel, ","PowerTrench® T6, ","Power 56 (SO-8FL), ","Low-Medium Voltage, ","Logic, ","0, ","Single, ","0, ","60, ","1.2, ","±20, ","2, ","289, ","200, ","-, ","1.7, ","24, ","120, ","8900, ","12.7, ","190, ","3750, ","40, ","DFNW5 4.90x5.90x1.00, 1.27P ","1 ","260 ","2.4662 ",
"NVMFS5C604NLWFET1G","Active","H Pb A P ","N-Channel, ","PowerTrench® T6, ","Power 56 (SO-8FL), ","Low-Medium Voltage, ","Logic, ","0, ","Single, ","0, ","60, ","1.2, ","20, ","2, ","289, ","200, ","~NA~, ","1.7, ","24, ","129, ","8900, ","12.7, ","190, ","3750, ","40, ","DFNW5 4.90x5.90x1.00, 1.27P ","1 ","260 ","2.8593 ",
"NVMFS5C604NLAFT1G","Active","H Pb A P ","N-Channel, ","PowerTrench® T6, ","Power 56 (SO-8FL), ","Low-Medium Voltage, ","Logic, ","0, ","Single, ","0, ","60, ","1.2, ","±20, ","2, ","289, ","200, ","-, ","1.7, ","24, ","120, ","8900, ","12.7, ","190, ","3750, ","40, ","DFN-5 4.90x5.90x1.00, 1.27P ","1 ","260 ","2.6536 ",
"NVMFS5C604NLWFT1G","Active, Not Rec","H Pb A P ","N-Channel, ","PowerTrench® T6, ","Power 56 (SO-8FL), ","Low-Medium Voltage, ","Logic, ","0, ","Single, ","0, ","60, ","1.2, ","±20, ","2, ","289, ","200, ","-, ","1.7, ","24, ","120, ","8900, ","12.7, ","190, ","3750, ","40, ","DFNW5 4.90x5.90x1.00, 1.27P ","1 ","260 ","4.0677 ",
"NVMFS5C604NLT1G","Active, Not Rec","H Pb A P ","N-Channel, ","PowerTrench® T6, ","Power 56 (SO-8FL), ","Low-Medium Voltage, ","Logic, ","0, ","Single, ","0, ","60, ","1.2, ","±20, ","2, ","289, ","200, ","-, ","1.7, ","24, ","120, ","8900, ","12.7, ","190, ","3750, ","40, ","DFN-5 4.90x5.90x1.00, 1.27P ","1 ","260 ","5.1171 ",
"NVMFS5C604NLAFT3G","Active, Not Rec","H Pb A P ","N-Channel, ","PowerTrench® T6, ","Power 56 (SO-8FL), ","Low-Medium Voltage, ","Logic, ","0, ","Single, ","0, ","60, ","1.2, ","±20, ","2, ","289, ","200, ","-, ","1.7, ","24, ","120, ","8900, ","12.7, ","190, ","3750, ","40, ","DFN-5 4.90x5.90x1.00, 1.27P ","1 ","260 ","3.7104 ",
"NVMFS5C612NT1G","Active","H Pb A P ","N-Channel, ","PowerTrench® T6, ","Power 56 (SO-8FL), ","Low-Medium Voltage, ","Standard, ","0, ","Single, ","0, ","60, ","1.65, ","±20, ","4, ","225, ","167, ","~NA~, ","~NA~, ","13, ","62, ","4900, ","7.6, ","160, ","3300, ","30, ","SO-8FL / DFN-5 ","1 ","260 ","0.0 ",
"NVMFS5C612NWFT1G","Active","H Pb A P ","N-Channel, ","PowerTrench® T6, ","Power 56 (SO-8FL), ","Low-Medium Voltage, ","Standard, ","0, ","Single, ","0, ","60, ","1.65, ","±20, ","4, ","225, ","167, ","~NA~, ","~NA~, ","13, ","62, ","4900, ","7.6, ","160, ","3300, ","30, ","DFNW5 4.90x5.90x1.00, 1.27P ","1 ","260 ","3.5081 ",
"NVMFS5C612NLWFAFT1G","Active","H Pb A P ","N-Channel, ","PowerTrench® T6, ","Power 56 (SO-8FL), ","Low-Medium Voltage, ","Logic, ","0, ","Single, ","0, ","60, ","1.36, ","±20, ","2, ","235, ","167, ","-, ","2.3, ","-, ","91, ","6660, ","10.9, ","105, ","2953, ","45, ","DFNW5 4.90x5.90x1.00, 1.27P ","1 ","260 ","1.8709 ",
"NVMFS5C612NLET1G","Active","H Pb A P ","N-Channel, ","PowerTrench® T6, ","Power 56 (SO-8FL), ","Low-Medium Voltage, ","Logic, ","~NA~, ","Single, ","~NA~, ","60, ","1.36, ","20, ","2, ","235, ","167, ","~NA~, ","2.3, ","~NA~, ","91, ","6660, ","10.9, ","105, ","2953, ","45, ","SO-8FL / DFN-5 ","1 ","260 ","2.0487 ",
"NVMFS5C612NLWFET1G","Active","H Pb A P ","N-Channel, ","PowerTrench® T6, ","Power 56 (SO-8FL), ","Low-Medium Voltage, ","Logic, ","0, ","Single, ","0, ","60, ","1.36, ","20, ","2, ","235, ","167, ","~NA~, ","2.3, ","~NA~, ","91, ","6660, ","10.9, ","105, ","2953, ","45, ","DFNW5 4.90x5.90x1.00, 1.27P ","1 ","260 ","2.0327 ",
"NVMFS5C612NLT1G","Active, Not Rec","H Pb A P ","N-Channel, ","PowerTrench® T6, ","Power 56 (SO-8FL), ","Low-Medium Voltage, ","Logic, ","0, ","Single, ","0, ","60, ","1.36, ","±20, ","2, ","235, ","167, ","-, ","2.3, ","-, ","91, ","6660, ","10.9, ","105, ","2953, ","45, ","SO-8FL / DFN-5 ","1 ","260 ","2.7316 ",
"NVMFS5C612NLAFT1G","Active, Not Rec","H Pb A P ","N-Channel, ","PowerTrench® T6, ","Power 56 (SO-8FL), ","Low-Medium Voltage, ","Logic, ","0, ","Single, ","0, ","60, ","1.36, ","±20, ","2, ","235, ","167, ","-, ","2.3, ","-, ","91, ","6660, ","10.9, ","105, ","2953, ","45, ","SO-8FL / DFN-5 ","1 ","260 ","1.6632 ",
"NVMFS5C628NT1G","Active","H Pb A P ","N-Channel, ","PowerTrench® T6, ","Power 56 (SO-8FL), ","Low-Medium Voltage, ","Standard, ","0, ","Single, ","0, ","60, ","3, ","20, ","4, ","150, ","110, ","-, ","-, ","-, ","34, ","2630, ","-, ","75, ","1680, ","13, ","SO-8FL / DFN-5 ","1 ","260 ","1.3085 ",
"NVMFS5C628NWFT1G","Active","H Pb A P ","N-Channel, ","PowerTrench® T6, ","Power 56 (SO-8FL), ","Low-Medium Voltage, ","Standard, ","0, ","Single, ","0, ","60, ","3, ","20, ","4, ","150, ","110, ","-, ","-, ","-, ","34, ","2630, ","-, ","75, ","1680, ","13, ","DFNW5 4.90x5.90x1.00, 1.27P ","1 ","260 ","1.1399 ",
"NVMFS5C628NLAFT1G-YE","Active","H Pb A P ","N-Channel, ","PowerTrench® T6, ","Power 56 (SO-8FL), ","Low-Medium Voltage, ","Logic, ","0, ","Single, ","0, ","60, ","2.4, ","20, ","2, ","235, ","110, ","-, ","3.3, ","-, ","52, ","3600, ","4.5, ","60, ","1700, ","28, ","SO-8FL / DFN-5 ","1 ","260 ","0.7262 ",
"NVMFS5C628NLET1G","Active","H Pb A P ","N-Channel, ","PowerTrench® T6, ","Power 56 (SO-8FL), ","Low-Medium Voltage, ","Logic, ","0, ","Single, ","0, ","60, ","2.4, ","20, ","2, ","235, ","110, ","~NA~, ","3.3, ","~NA~, ","52, ","3600, ","4.5, ","60, ","1700, ","28, ","SO-8FL / DFN-5 ","1 ","260 ","0.6504 ",
"NVMFS5C628NLAFT1G","Active, Not Rec","H Pb A P ","N-Channel, ","PowerTrench® T6, ","Power 56 (SO-8FL), ","Low-Medium Voltage, ","Logic, ","0, ","Single, ","0, ","60, ","2.4, ","20, ","2, ","235, ","110, ","-, ","3.3, ","-, ","52, ","3600, ","4.5, ","60, ","1700, ","28, ","SO-8FL / DFN-5 ","1 ","260 ","1.2372 ",
"NVMFS5C628NLT1G","Active, Not Rec","H Pb A P ","N-Channel, ","PowerTrench® T6, ","Power 56 (SO-8FL), ","Low-Medium Voltage, ","Logic, ","0, ","Single, ","0, ","60, ","2.4, ","20, ","2, ","235, ","110, ","-, ","3.3, ","-, ","52, ","3600, ","4.5, ","60, ","1700, ","28, ","SO-8FL / DFN-5 ","1 ","260 ","1.7766 ",
"NVMFS5C628NLWFAFT1G","Active, Not Rec","H Pb A P ","N-Channel, ","PowerTrench® T6, ","Power 56 (SO-8FL), ","Low-Medium Voltage, ","Logic, ","0, ","Single, ","0, ","60, ","2.4, ","20, ","2, ","235, ","110, ","-, ","3.3, ","-, ","52, ","3600, ","4.5, ","60, ","1700, ","28, ","DFNW5 4.90x5.90x1.00, 1.27P ","1 ","260 ","1.1399 ",
"NVMFS5C638NLT1G","Active","H Pb A P ","N-Channel, ","PowerTrench® T6, ","Power 56 (SO-8FL), ","Low-Medium Voltage, ","Logic, ","0, ","Single, ","0, ","60, ","3.2, ","20, ","2, ","125, ","100, ","-, ","4.4, ","18.2, ","42, ","3128, ","TBD, ","TBD, ","1325, ","14.7, ","SO-8FL / DFN-5 ","1 ","260 ","0.9387 ",
"NVMFS5C638NLWFT1G","Active","H Pb A P ","N-Channel, ","PowerTrench® T6, ","Power 56 (SO-8FL), ","Low-Medium Voltage, ","Logic, ","0, ","Single, ","0, ","60, ","3.2, ","20, ","2, ","125, ","100, ","-, ","4.4, ","18.2, ","42, ","3128, ","TBD, ","TBD, ","1325, ","14.7, ","DFNW5 4.90x5.90x1.00, 1.27P ","1 ","260 ","1.3449 ",
"NVMFS5C645NT1G","Active","H Pb A P ","N-Channel, ","PowerTrench® T6, ","Power 56 (SO-8FL), ","Low-Medium Voltage, ","Standard, ","0, ","Single, ","0, ","60, ","4.6, ","±20, ","4, ","20, ","79, ","~NA~, ","~NA~, ","~NA~, ","20.4, ","1500, ","~NA~, ","40, ","1100, ","13, ","SO-8FL / DFN-5 ","1 ","260 ","0.0 ",
"NVMFS5C645NWFT1G","Active","H Pb A P ","N-Channel, ","PowerTrench® T6, ","Power 56 (SO-8FL), ","Low-Medium Voltage, ","Standard, ","0, ","Single, ","0, ","60, ","4.6, ","±20, ","4, ","20, ","79, ","~NA~, ","~NA~, ","~NA~, ","20.4, ","1500, ","~NA~, ","40, ","1100, ","13, ","DFNW5 4.90x5.90x1.00, 1.27P ","1 ","260 ","0.0 ",
"NVMFS5C645NLAFT1G","Active","H Pb A P ","N-Channel, ","PowerTrench® T6, ","Power 56 (SO-8FL), ","Low-Medium Voltage, ","Logic, ","0, ","Single, ","0, ","60, ","4, ","±20, ","2, ","100, ","79, ","-, ","5.7, ","-, ","34, ","2200, ","5.1, ","32, ","900, ","17, ","SO-8FL / DFN-5 ","1 ","260 ","0.4241 ",
"NVMFS5C645NLWFAFT1G","Active","H Pb A P ","N-Channel, ","PowerTrench® T6, ","Power 56 (SO-8FL), ","Low-Medium Voltage, ","Logic, ","0, ","Single, ","0, ","60, ","4, ","±20, ","2, ","100, ","79, ","-, ","5.7, ","-, ","34, ","2200, ","5.1, ","32, ","900, ","17, ","DFNW5 4.90x5.90x1.00, 1.27P ","1 ","260 ","1.1592 ",
"NVMFS5C645NLWFT1G","Active, Not Rec","H Pb A P ","N-Channel, ","PowerTrench® T6, ","Power 56 (SO-8FL), ","Low-Medium Voltage, ","Logic, ","0, ","Single, ","0, ","60, ","4, ","±20, ","2, ","100, ","79, ","-, ","5.7, ","-, ","34, ","2200, ","5.1, ","32, ","900, ","17, ","DFNW5 4.90x5.90x1.00, 1.27P ","1 ","260 ","0.0 ",
"NVMFS5C645NLT1G","Consult Sales Office","H Pb A P ","N-Channel, ","PowerTrench® T6, ","Power 56 (SO-8FL), ","Low-Medium Voltage, ","Logic, ","0, ","Single, ","0, ","60, ","4, ","±20, ","2, ","100, ","79, ","-, ","5.7, ","-, ","34, ","2200, ","5.1, ","32, ","900, ","17, ","SO-8FL / DFN-5 ","1 ","260 ","0.0 ",
"NVMFS5C646NLAFT1G","Active","H Pb A P ","N-Channel, ","PowerTrench® T6, ","Power 56 (SO-8FL), ","Low-Medium Voltage, ","Logic, ","0, ","Single, ","0, ","60, ","4.7, ","±20, ","2, ","93, ","79, ","-, ","6.3, ","15.7, ","33.7, ","2164, ","5.1, ","32, ","900, ","17, ","SO-8FL / DFN-5 ","1 ","260 ","0.8929 ",
"NVMFS5C646NLET1G-YE","Active","H Pb A P ","N-Channel, ","PowerTrench® T6, ","Power 56 (SO-8FL), ","Low-Medium Voltage, ","Logic, ","0, ","Single, ","0, ","60, ","4.7, ","20, ","2, ","93, ","79, ","~NA~, ","6.3, ","15.7, ","33.7, ","2164, ","5.1, ","32, ","900, ","17, ","SO-8FL / DFN-5 ","1 ","260 ","0.5147 ",
"NVMFS5C646NLT1G","Active, Not Rec","H Pb A P ","N-Channel, ","PowerTrench® T6, ","Power 56 (SO-8FL), ","Low-Medium Voltage, ","Logic, ","0, ","Single, ","0, ","60, ","4.7, ","±20, ","2, ","93, ","79, ","-, ","6.3, ","15.7, ","33.7, ","2164, ","5.1, ","32, ","900, ","17, ","SO-8FL / DFN-5 ","1 ","260 ","0.0 ",
"NVMFS5C646NLWFAFT1G","Active, Not Rec","H Pb A P ","N-Channel, ","PowerTrench® T6, ","Power 56 (SO-8FL), ","Low-Medium Voltage, ","Logic, ","0, ","Single, ","0, ","60, ","4.7, ","±20, ","2, ","93, ","79, ","-, ","6.3, ","15.7, ","33.7, ","2164, ","5.1, ","32, ","900, ","17, ","DFNW5 4.90x5.90x1.00, 1.27P ","1 ","260 ","0.9895 ",
"NVMFS5C670NWFT1G","Active","H Pb A P ","N-Channel, ","PowerTrench® T6, ","Power 56 (SO-8FL), ","Low-Medium Voltage, ","Standard, ","0, ","Single, ","0, ","60, ","7, ","±20, ","4, ","71, ","61, ","~NA~, ","~NA~, ","~NA~, ","14.4, ","1035, ","~NA~, ","31, ","680, ","8.5, ","DFNW5 4.90x5.90x1.00, 1.27P ","1 ","260 ","0.8438 ",
"NVMFS5C670NT1G","Active","H Pb A P ","N-Channel, ","PowerTrench® T6, ","Power 56 (SO-8FL), ","Low-Medium Voltage, ","Standard, ","0, ","Single, ","0, ","60, ","7, ","±20, ","4, ","71, ","61, ","~NA~, ","~NA~, ","~NA~, ","14.4, ","1035, ","~NA~, ","31, ","680, ","8.5, ","SO-8FL / DFN-5 ","1 ","260 ","0.6968 ",
"NVMFS5C670NLAFT1G","Active","H Pb A P ","N-Channel, ","PowerTrench® T6, ","Power 56 (SO-8FL), ","Low-Medium Voltage, ","Logic, ","0, ","Single, ","0, ","60, ","6.1, ","±20, ","2, ","71, ","61, ","-, ","8.8, ","9, ","20, ","1400, ","-, ","19, ","690, ","15, ","SO-8FL / DFN-5 ","1 ","260 ","0.6815 ",
"NVMFS5C670NLET1G-YE","Active","H Pb A P ","N-Channel, ","PowerTrench® T6, ","Power 56 (SO-8FL), ","Low-Medium Voltage, ","Logic, ","0, ","Single, ","0, ","60, ","6.1, ","20, ","2, ","71, ","61, ","~NA~, ","8.8, ","9, ","20, ","1400, ","~NA~, ","19, ","690, ","15, ","SO-8FL / DFN-5 ","1 ","260 ","0.3713 ",
"NVMFS5C670NLET1G","Active","H Pb A P ","N-Channel, ","PowerTrench® T6, ","Power 56 (SO-8FL), ","Low-Medium Voltage, ","Logic, ","0, ","Single, ","0, ","60, ","6.1, ","20, ","2, ","71, ","61, ","~NA~, ","8.8, ","9, ","20, ","1400, ","~NA~, ","19, ","690, ","15, ","SO-8FL / DFN-5 ","1 ","260 ","0.3713 ",
"NVMFS5C670NLWFAFT1G","Active","H Pb A P ","N-Channel, ","PowerTrench® T6, ","Power 56 (SO-8FL), ","Low-Medium Voltage, ","Logic, ","0, ","Single, ","0, ","60, ","6.1, ","±20, ","2, ","71, ","61, ","-, ","8.8, ","9, ","20, ","1400, ","-, ","19, ","690, ","15, ","DFNW5 4.90x5.90x1.00, 1.27P ","1 ","260 ","0.7945 ",
"NVMFS5C670NLWFET1G","Active","H Pb A P ","N-Channel, ","PowerTrench® T6, ","Power 56 (SO-8FL), ","Low-Medium Voltage, ","Logic, ","0, ","Single, ","0, ","60, ","6.1, ","20, ","2, ","71, ","61, ","~NA~, ","8.8, ","9, ","20, ","1400, ","~NA~, ","19, ","690, ","15, ","DFNW5 4.90x5.90x1.00, 1.27P ","1 ","260 ","0.4029 ",
"NVMFS5C670NLAFT1G-YE","Active","H Pb A P ","N-Channel, ","PowerTrench® T6, ","Power 56 (SO-8FL), ","Low-Medium Voltage, ","Logic, ","0, ","Single, ","0, ","60, ","6.1, ","20, ","2, ","71, ","61, ","-, ","8.8, ","9, ","20, ","1400, ","-, ","19, ","690, ","15, ","SO-8FL / DFN-5 ","1 ","260 ","0.0 ",
"NVMFS5C670NLAFT3G","Active, Not Rec","H Pb A P ","N-Channel, ","PowerTrench® T6, ","Power 56 (SO-8FL), ","Low-Medium Voltage, ","Logic, ","0, ","Single, ","0, ","60, ","6.1, ","±20, ","2, ","71, ","61, ","-, ","8.8, ","9, ","20, ","1400, ","-, ","19, ","690, ","15, ","SO-8FL / DFN-5 ","1 ","260 ","0.916 ",
"NVMFS5C670NLWFAFT3G","Active, Not Rec","H Pb A P ","N-Channel, ","PowerTrench® T6, ","Power 56 (SO-8FL), ","Low-Medium Voltage, ","Logic, ","0, ","Single, ","0, ","60, ","6.1, ","±20, ","2, ","71, ","61, ","-, ","8.8, ","9, ","20, ","1400, ","-, ","19, ","690, ","15, ","DFNW5 4.90x5.90x1.00, 1.27P ","1 ","260 ","1.0513 ",
"NVMFS5C670NLT1G","Active, Not Rec","H Pb A P ","N-Channel, ","PowerTrench® T6, ","Power 56 (SO-8FL), ","Low-Medium Voltage, ","Logic, ","0, ","Single, ","0, ","60, ","6.1, ","±20, ","2, ","71, ","61, ","-, ","8.8, ","9, ","20, ","1400, ","-, ","19, ","690, ","15, ","SO-8FL / DFN-5 ","1 ","260 ","0.6968 ",
"NVMFS5C673NLAFT1G","Active","H Pb A P ","N-Channel, ","PowerTrench® T6, ","Power 56 (SO-8FL), ","Low-Medium Voltage, ","Logic, ","0, ","Single, ","0, ","60, ","9.2, ","±20, ","2, ","50, ","46, ","~NA~, ","13, ","4.5, ","9.5, ","880, ","0.8, ","18, ","450, ","11, ","SO-8FL / DFN-5 ","1 ","260 ","0.5168 ",
"NVMFS5C673NLWFAFT1G","Active","H Pb A P ","N-Channel, ","PowerTrench® T6, ","Power 56 (SO-8FL), ","Low-Medium Voltage, ","Logic, ","0, ","Single, ","0, ","60, ","9.2, ","±20, ","2, ","50, ","46, ","~NA~, ","13, ","4.5, ","9.5, ","880, ","0.8, ","18, ","450, ","11, ","DFNW5 4.90x5.90x1.00, 1.27P ","1 ","260 ","0.6033 ",
"NVMFS5C673NLAFT1G-YE","Active","H Pb A P ","N-Channel, ","PowerTrench® T6, ","Power 56 (SO-8FL), ","Low-Medium Voltage, ","Logic, ","0, ","Single, ","0, ","60, ","-, ","-, ","-, ","-, ","-, ","-, ","-, ","-, ","-, ","-, ","-, ","-, ","-, ","-, ","SO-8FL / DFN-5 ","1 ","260 ","0.3409 ",
"NVMFS5C673NLWFT1G","Active, Not Rec","H Pb A P ","N-Channel, ","PowerTrench® T6, ","Power 56 (SO-8FL), ","Low-Medium Voltage, ","Logic, ","0, ","Single, ","0, ","60, ","9.2, ","±20, ","2, ","50, ","46, ","~NA~, ","13, ","4.5, ","9.5, ","880, ","0.8, ","18, ","450, ","11, ","DFNW5 4.90x5.90x1.00, 1.27P ","1 ","260 ","0.0 ",
"NVMFS5C673NLT3G","Consult Sales Office","H Pb A P ","N-Channel, ","PowerTrench® T6, ","Power 56 (SO-8FL), ","Low-Medium Voltage, ","Logic, ","0, ","Single, ","0, ","60, ","9.2, ","±20, ","2, ","50, ","46, ","~NA~, ","13, ","4.5, ","9.5, ","880, ","0.8, ","18, ","450, ","11, ","SO-8FL / DFN-5 ","1 ","260 ","0.0 ",
"NVMFS5C673NLT1G","Consult Sales Office","H Pb A P ","N-Channel, ","PowerTrench® T6, ","Power 56 (SO-8FL), ","Low-Medium Voltage, ","Logic, ","0, ","Single, ","0, ","60, ","9.2, ","±20, ","2, ","50, ","46, ","~NA~, ","13, ","4.5, ","9.5, ","880, ","0.8, ","18, ","450, ","11, ","SO-8FL / DFN-5 ","1 ","260 ","0.0 ",
"NVMFS5C677NLWFT1G","Active","H Pb A P ","N-Channel, ","PowerTrench® T6, ","Power 56 (SO-8FL), ","Low-Medium Voltage, ","Logic, ","0, ","Single, ","0, ","60, ","14.4, ","20, ","2, ","35, ","36, ","-, ","20.4, ","4.7, ","10, ","640, ","1, ","11.2, ","313, ","7.7, ","DFNW5 4.90x5.90x1.00, 1.27P ","1 ","260 ","0.5594 ",
"NVMFS5C677NLT1G","Active","H Pb A P ","N-Channel, ","PowerTrench® T6, ","Power 56 (SO-8FL), ","Low-Medium Voltage, ","Logic, ","0, ","Single, ","0, ","60, ","14.4, ","20, ","2, ","35, ","36, ","-, ","20.4, ","4.7, ","10, ","640, ","1, ","11.2, ","313, ","7.7, ","SO-8FL / DFN-5 ","1 ","260 ","0.49 ",
"NVMFS5C680NLT1G","Active","H Pb A P ","N-Channel, ","PowerTrench® T6, ","Power 56 (SO-8FL), ","Low-Medium Voltage, ","Logic, ","0, ","Single, ","0, ","60, ","27.5, ","20, ","2.2, ","21, ","24, ","-, ","43, ","2.9, ","5.8, ","330, ","0.6, ","7.5, ","172, ","5, ","SO-8FL / DFN-5 ","1 ","260 ","0.3728 ",
"NVMFS5C680NLWFT1G","Active","H Pb A P ","N-Channel, ","PowerTrench® T6, ","Power 56 (SO-8FL), ","Low-Medium Voltage, ","Logic, ","0, ","Single, ","0, ","60, ","27.5, ","20, ","2.2, ","21, ","24, ","-, ","43, ","2.9, ","5.8, ","330, ","0.6, ","7.5, ","172, ","5, ","DFNW5 4.90x5.90x1.00, 1.27P ","1 ","260 ","0.4881 ",
"NVMFS5C682NLAFT1G","Active","H Pb A P ","N-Channel, ","PowerTrench® T6, ","Power 56 (SO-8FL), ","Low-Medium Voltage, ","Logic, ","0, ","Single, ","0, ","60, ","21, ","±20, ","2, ","25, ","28, ","-, ","31.5, ","-, ","5, ","410, ","0.5, ","7, ","210, ","7, ","SO-8FL / DFN-5 ","1 ","260 ","0.257 ",
"NVMFS5C682NLWFAFT1G","Active","H Pb A P ","N-Channel, ","PowerTrench® T6, ","Power 56 (SO-8FL), ","Low-Medium Voltage, ","Logic, ","0, ","Single, ","0, ","60, ","21, ","±20, ","2, ","25, ","28, ","-, ","31.5, ","-, ","5, ","410, ","0.5, ","7, ","210, ","7, ","DFNW5 4.90x5.90x1.00, 1.27P ","1 ","260 ","0.4823 ",
"NVMFS5C682NLT1G","Active, Not Rec","H Pb A P ","N-Channel, ","PowerTrench® T6, ","Power 56 (SO-8FL), ","Low-Medium Voltage, ","Logic, ","0, ","Single, ","0, ","60, ","21, ","±20, ","2, ","25, ","28, ","-, ","31.5, ","-, ","5, ","410, ","0.5, ","7, ","210, ","7, ","SO-8FL / DFN-5 ","1 ","260 ","0.0 ",
"NVMFS5C682NLT3G","Active, Not Rec","H Pb A P ","N-Channel, ","PowerTrench® T6, ","Power 56 (SO-8FL), ","Low-Medium Voltage, ","Logic, ","0, ","Single, ","0, ","60, ","21, ","±20, ","2, ","25, ","28, ","-, ","31.5, ","-, ","5, ","410, ","0.5, ","7, ","210, ","7, ","SO-8FL / DFN-5 ","1 ","260 ","0.0 ",
"NVMFS5H600NLT1G","Active","H Pb A P ","N-Channel, ","PowerTrench® T1, ","Power 56 (SO-8FL), ","Low-Medium Voltage, ","Logic, ","0, ","Single, ","0, ","60, ","1.3, ","20, ","2, ","250, ","160, ","-, ","1.7, ","40, ","89, ","6680, ","6.5, ","60, ","1230, ","30, ","DFN-5 4.90x5.90x1.00, 1.27P ","1 ","260 ","1.3701 ",
"NVMFS5H610NLWFT1G","Active","H Pb A P ","N-Channel, ","PowerTrench® T1, ","Power 56 (SO-8FL), ","Low-Medium Voltage, ","Logic, ","0, ","Single, ","0, ","60, ","10, ","±20, ","2, ","13, ","3.6, ","~NA~, ","13, ","6.4, ","13.7, ","880, ","1.3, ","17, ","150, ","6, ","DFNW5 4.90x5.90x1.00, 1.27P ","1 ","260 ","0.3407 ",
"NVMFS5H663NLT1G","Active","H Pb A P ","N-Channel, ","PowerTrench® T1, ","Power 56 (SO-8FL), ","Low-Medium Voltage, ","Logic, ","0, ","Single, ","0, ","60, ","7.2, ","20, ","2, ","67, ","63, ","-, ","10, ","8, ","17, ","1131, ","1.4, ","22.8, ","213, ","7.5, ","SO-8FL / DFN-5 ","1 ","260 ","0.4487 ",
"NVMFS5H663NLWFT1G","Active","H Pb A P ","N-Channel, ","PowerTrench® T1, ","Power 56 (SO-8FL), ","Low-Medium Voltage, ","Logic, ","0, ","Single, ","0, ","60, ","7.2, ","20, ","2, ","67, ","63, ","-, ","10, ","8, ","17, ","1131, ","1.4, ","22.8, ","213, ","7.5, ","DFNW5 4.90x5.90x1.00, 1.27P ","1 ","260 ","0.4869 ",
"NVMFS6D1N08HT1G","Active","H Pb A P ","N-Channel, ","PowerTrench® T1, ","Power 56 (SO-8FL), ","Low-Medium Voltage, ","Standard, ","0, ","Single, ","0, ","80, ","5.5, ","±20, ","4, ","89, ","104, ","~NA~, ","~NA~, ","~NA~, ","32, ","2085, ","~NA~, ","60, ","300, ","10, ","SO-8FL / DFN-5 ","1 ","260 ","0.5191 ",
"NVMFS6H800NT1G","Active","H Pb A P ","N-Channel, ","PowerTrench® T8, ","Power 56 (SO-8FL), ","Low-Medium Voltage, ","Standard, ","0, ","Single, ","0, ","80, ","2.1, ","±20, ","4, ","203, ","200, ","~NA~, ","~NA~, ","~NA~, ","85, ","5530, ","~NA~, ","82, ","760, ","27, ","DFN-5 4.90x5.90x1.00, 1.27P ","1 ","260 ","2.2335 ",
"NVMFS6H800NWFT1G","Active","H Pb A P ","N-Channel, ","PowerTrench® T8, ","Power 56 (SO-8FL), ","Low-Medium Voltage, ","Standard, ","0, ","Single, ","0, ","80, ","2.1, ","±20, ","4, ","203, ","200, ","~NA~, ","~NA~, ","~NA~, ","85, ","5530, ","~NA~, ","82, ","760, ","27, ","DFNW5 4.90x5.90x1.00, 1.27P ","1 ","260 ","1.9321 ",
"NVMFS6H800NLT1G","Active","H Pb A P ","N-Channel, ","PowerTrench® T8, ","Power 56 (SO-8FL), ","Low-Medium Voltage, ","Logic, ","0, ","Single, ","0, ","80, ","1.9, ","±20, ","2, ","224, ","214, ","~NA~, ","2.4, ","53, ","112, ","6900, ","17, ","110, ","800, ","22, ","DFN-5 4.90x5.90x1.00, 1.27P ","1 ","260 ","2.1068 ",
"NVMFS6H800NLWFT1G","Active","H Pb A P ","N-Channel, ","PowerTrench® T8, ","Power 56 (SO-8FL), ","Low-Medium Voltage, ","Logic, ","0, ","Single, ","0, ","80, ","1.9, ","±20, ","2, ","224, ","214, ","~NA~, ","2.4, ","53, ","112, ","6900, ","17, ","110, ","800, ","22, ","DFNW5 4.90x5.90x1.00, 1.27P ","1 ","260 ","2.1068 ",
"NVMFS6H801NWFT1G","Active","H Pb A P ","N-Channel, ","PowerTrench® T8, ","Power 56 (SO-8FL), ","Low-Medium Voltage, ","Standard, ","0, ","Single, ","0, ","80, ","2.8, ","20, ","4, ","157, ","166, ","~NA~, ","~NA~, ","~NA~, ","64, ","4120, ","~NA~, ","98, ","586, ","22, ","DFNW5 4.90x5.90x1.00, 1.27P ","1 ","260 ","1.0818 ",
"NVMFS6H801NT1G","Active","H Pb A P ","N-Channel, ","PowerTrench® T8, ","Power 56 (SO-8FL), ","Low-Medium Voltage, ","Standard, ","0, ","Single, ","0, ","80, ","2.8, ","±20, ","4, ","157, ","166, ","~NA~, ","~NA~, ","~NA~, ","64, ","4120, ","~NA~, ","98, ","586, ","22, ","SO-8FL / DFN-5 ","1 ","260 ","1.0818 ",
"NVMFS6H801NT3G","Active","H Pb A P ","N-Channel, ","PowerTrench® T8, ","Power 56 (SO-8FL), ","Low-Medium Voltage, ","Standard, ","0, ","Single, ","0, ","80, ","2.8, ","20, ","4, ","157, ","166, ","~NA~, ","~NA~, ","~NA~, ","64, ","4120, ","~NA~, ","98, ","586, ","22, ","SO-8FL / DFN-5 ","1 ","260 ","1.2542 ",
"NVMFS6H801NLWFT1G","Active","H Pb A P ","N-Channel, ","PowerTrench® T8, ","Power 56 (SO-8FL), ","Low-Medium Voltage, ","Logic, ","0, ","Single, ","0, ","80, ","2.7, ","±20, ","2, ","160, ","167, ","~NA~, ","3.3, ","16, ","90, ","5126, ","16, ","92, ","657, ","30, ","DFNW5 4.90x5.90x1.00, 1.27P ","1 ","260 ","0.9669 ",
"NVMFS6H801NLT1G","Active","H Pb A P ","N-Channel, ","PowerTrench® T8, ","Power 56 (SO-8FL), ","Low-Medium Voltage, ","Logic, ","0, ","Single, ","0, ","80, ","2.7, ","±20, ","2, ","160, ","167, ","~NA~, ","3.3, ","16, ","90, ","5126, ","16, ","92, ","657, ","30, ","SO-8FL / DFN-5 ","1 ","260 ","1.028 ",
"NVMFS6H818NT1G","Active","H Pb A P ","N-Channel, ","PowerTrench® T8, ","Power 56 (SO-8FL), ","Low-Medium Voltage, ","Standard, ","0, ","Single, ","0, ","80, ","3.7, ","±20, ","4, ","123, ","136, ","~NA~, ","~NA~, ","~NA~, ","46, ","3100, ","~NA~, ","55, ","440, ","20, ","SO-8FL / DFN-5 ","1 ","260 ","1.1176 ",
"NVMFS6H818NWFT1G","Active","H Pb A P ","N-Channel, ","PowerTrench® T8, ","Power 56 (SO-8FL), ","Low-Medium Voltage, ","Standard, ","0, ","Single, ","0, ","80, ","3.7, ","±20, ","4, ","123, ","136, ","~NA~, ","~NA~, ","~NA~, ","46, ","3100, ","~NA~, ","55, ","440, ","20, ","DFNW5 4.90x5.90x1.00, 1.27P ","1 ","260 ","1.3256 ",
"NVMFS6H818NLWFT1G","Active","H Pb A P ","N-Channel, ","PowerTrench® T8, ","Power 56 (SO-8FL), ","Low-Medium Voltage, ","Logic, ","0, ","Single, ","0, ","80, ","3.2, ","±20, ","2, ","135, ","140, ","~NA~, ","4.1, ","31, ","64, ","3844, ","11.2, ","73, ","484, ","21, ","DFNW5 4.90x5.90x1.00, 1.27P ","1 ","260 ","1.9624 ",
"NVMFS6H818NLT1G","Active","H Pb A P ","N-Channel, ","PowerTrench® T8, ","Power 56 (SO-8FL), ","Low-Medium Voltage, ","Logic, ","0, ","Single, ","0, ","80, ","3.2, ","±20, ","2, ","135, ","140, ","~NA~, ","4.1, ","31, ","64, ","3844, ","11.2, ","73, ","484, ","21, ","SO-8FL / DFN-5 ","1 ","260 ","1.9318 ",
"NVMFS6H824NT1G","Active","H Pb A P ","N-Channel, ","PowerTrench® T8, ","Power 56 (SO-8FL), ","Low-Medium Voltage, ","Standard, ","0, ","Single, ","0, ","80, ","4.5, ","±20, ","4, ","107, ","115, ","~NA~, ","~NA~, ","~NA~, ","38, ","2470, ","~NA~, ","67, ","342, ","11, ","SO-8FL / DFN-5 ","1 ","260 ","0.6747 ",
"NVMFS6H824NWFT1G","Active","H Pb A P ","N-Channel, ","PowerTrench® T8, ","Power 56 (SO-8FL), ","Low-Medium Voltage, ","Standard, ","0, ","Single, ","0, ","80, ","4.5, ","±20, ","4, ","107, ","115, ","~NA~, ","~NA~, ","~NA~, ","38, ","2470, ","~NA~, ","67, ","342, ","11, ","DFNW5 4.90x5.90x1.00, 1.27P ","1 ","260 ","0.6747 ",
"NVMFS6H824NLT1G","Active","H Pb A P ","N-Channel, ","PowerTrench® T8, ","Power 56 (SO-8FL), ","Low-Medium Voltage, ","Logic, ","0, ","Single, ","0, ","80, ","4, ","±20, ","2, ","110, ","116, ","N/A, ","5.2, ","25, ","52, ","2900, ","9, ","59, ","366, ","15, ","SO-8FL / DFN-5 ","1 ","260 ","1.2418 ",
"NVMFS6H824NLWFT1G","Active","H Pb A P ","N-Channel, ","PowerTrench® T8, ","Power 56 (SO-8FL), ","Low-Medium Voltage, ","Logic, ","0, ","Single, ","0, ","80, ","4, ","±20, ","2, ","110, ","116, ","N/A, ","5.2, ","25, ","52, ","2900, ","9, ","59, ","366, ","15, ","DFNW5 4.90x5.90x1.00, 1.27P ","1 ","260 ","1.1307 ",
"NVMFS6H836NWFT3G","Active","H Pb A P ","N-Channel, ","PowerTrench® T8, ","Power 56 (SO-8FL), ","Low-Medium Voltage, ","Standard, ","0, ","Single, ","0, ","80, ","6.7, ","20, ","4, ","80, ","89, ","~NA~, ","~NA~, ","~NA~, ","25, ","1640, ","~NA~, ","54, ","230, ","8, ","DFNW5 4.90x5.90x1.00, 1.27P ","1 ","260 ","0.6163 ",
"NVMFS6H836NWFT1G","Active","H Pb A P ","N-Channel, ","PowerTrench® T8, ","Power 56 (SO-8FL), ","Low-Medium Voltage, ","Standard, ","0, ","Single, ","0, ","80, ","6.7, ","20, ","4, ","80, ","89, ","~NA~, ","~NA~, ","~NA~, ","25, ","1640, ","~NA~, ","54, ","230, ","8, ","DFNW5 4.90x5.90x1.00, 1.27P ","1 ","260 ","0.5315 ",
"NVMFS6H836NT1G","Active","H Pb A P ","N-Channel, ","PowerTrench® T8, ","Power 56 (SO-8FL), ","Low-Medium Voltage, ","Standard, ","0, ","Single, ","0, ","80, ","6.7, ","20, ","4, ","80, ","89, ","~NA~, ","~NA~, ","~NA~, ","25, ","1640, ","~NA~, ","54, ","230, ","8, ","SO-8FL / DFN-5 ","1 ","260 ","0.6761 ",
"NVMFS6H836NT3G","Active","H Pb A P ","N-Channel, ","PowerTrench® T8, ","Power 56 (SO-8FL), ","Low-Medium Voltage, ","Standard, ","0, ","Single, ","0, ","80, ","6.7, ","20, ","4, ","80, ","89, ","~NA~, ","~NA~, ","~NA~, ","25, ","1640, ","~NA~, ","54, ","230, ","8, ","SO-8FL / DFN-5 ","1 ","260 ","0.5879 ",
"NVMFS6H836NLT1G","Active","H Pb A P ","N-Channel, ","PowerTrench® T8, ","Power 56 (SO-8FL), ","Low-Medium Voltage, ","Logic, ","0, ","Single, ","0, ","80, ","6.2, ","±20, ","2, ","77, ","89, ","~NA~, ","7.8, ","16, ","34, ","1950, ","5.5, ","45, ","250, ","11, ","SO-8FL / DFN-5 ","1 ","260 ","0.4666 ",
"NVMFS6H836NLWFT1G","Active","H Pb A P ","N-Channel, ","PowerTrench® T8, ","Power 56 (SO-8FL), ","Low-Medium Voltage, ","Logic, ","0, ","Single, ","0, ","80, ","6.2, ","±20, ","2, ","77, ","89, ","~NA~, ","7.8, ","16, ","34, ","1950, ","5.5, ","45, ","250, ","11, ","DFNW5 4.90x5.90x1.00, 1.27P ","1 ","260 ","0.499 ",
"NVMFS6H848NWFT1G","Active","H Pb A P ","N-Channel, ","PowerTrench® T8, ","Power 56 (SO-8FL), ","Low-Medium Voltage, ","Standard, ","0, ","Single, ","0, ","80, ","9.4, ","±20, ","4, ","64, ","73, ","~NA~, ","~NA~, ","~NA~, ","16, ","1180, ","~NA~, ","41, ","170, ","8, ","DFNW5 4.90x5.90x1.00, 1.27P ","1 ","260 ","0.5242 ",
"NVMFS6H848NT1G","Active","H Pb A P ","N-Channel, ","PowerTrench® T8, ","Power 56 (SO-8FL), ","Low-Medium Voltage, ","Standard, ","0, ","Single, ","0, ","80, ","9.4, ","±20, ","4, ","64, ","73, ","~NA~, ","~NA~, ","~NA~, ","16, ","1180, ","~NA~, ","41, ","170, ","8, ","SO-8FL / DFN-5 ","1 ","260 ","0.5242 ",
"NVMFS6H848NLWFT1G","Active","H Pb A P ","N-Channel, ","PowerTrench® T8, ","Power 56 (SO-8FL), ","Low-Medium Voltage, ","Logic, ","0, ","Single, ","0, ","80, ","8.8, ","±20, ","2, ","59, ","73, ","N/A, ","11, ","12, ","25, ","1420, ","4.3, ","36, ","192, ","11, ","DFNW5 4.90x5.90x1.00, 1.27P ","1 ","260 ","0.4232 ",
"NVMFS6H848NLT1G","Active","H Pb A P ","N-Channel, ","PowerTrench® T8, ","Power 56 (SO-8FL), ","Low-Medium Voltage, ","Logic, ","0, ","Single, ","0, ","80, ","8.8, ","±20, ","2, ","59, ","73, ","N/A, ","11, ","12, ","25, ","1420, ","4.3, ","36, ","192, ","11, ","SO-8FL / DFN-5 ","1 ","260 ","0.3909 ",
"NVMFS6H852NT1G","Active","H Pb A P ","N-Channel, ","PowerTrench® T8, ","Power 56 (SO-8FL), ","Low-Medium Voltage, ","Standard, ","0, ","Single, ","0, ","80, ","14.2, ","±20, ","4, ","43, ","54, ","~NA~, ","~NA~, ","~NA~, ","13, ","760, ","~NA~, ","29, ","110, ","5.4, ","SO-8FL / DFN-5 ","1 ","260 ","0.426 ",
"NVMFS6H852NWFT1G","Active","H Pb A P ","N-Channel, ","PowerTrench® T8, ","Power 56 (SO-8FL), ","Low-Medium Voltage, ","Standard, ","0, ","Single, ","0, ","80, ","14.2, ","±20, ","4, ","43, ","54, ","~NA~, ","~NA~, ","~NA~, ","13, ","760, ","~NA~, ","29, ","110, ","5.4, ","DFNW5 4.90x5.90x1.00, 1.27P ","1 ","260 ","0.426 ",
"NVMFS6H852NLWFT1G","Active","H Pb A P ","N-Channel, ","PowerTrench® T8, ","Power 56 (SO-8FL), ","Low-Medium Voltage, ","Logic, ","0, ","Single, ","0, ","80, ","13.1, ","±20, ","2, ","42, ","54, ","N/A, ","17, ","8, ","17, ","906, ","2.9, ","25, ","116, ","6, ","DFNW5 4.90x5.90x1.00, 1.27P ","1 ","260 ","0.3318 ",
"NVMFS6H852NLT1G","Active","H Pb A P ","N-Channel, ","PowerTrench® T8, ","Power 56 (SO-8FL), ","Low-Medium Voltage, ","Logic, ","0, ","Single, ","0, ","80, ","13.1, ","±20, ","2, ","42, ","54, ","N/A, ","17, ","8, ","17, ","906, ","2.9, ","25, ","116, ","6, ","SO-8FL / DFN-5 ","1 ","260 ","0.2942 ",
"NVMFS6H858NT1G","Active","H Pb A P ","N-Channel, ","PowerTrench® T8, ","Power 56 (SO-8FL), ","Low-Medium Voltage, ","Standard, ","0, ","Single, ","0, ","80, ","20.7, ","±20, ","4, ","32, ","42, ","~NA~, ","~NA~, ","~NA~, ","8.9, ","510, ","~NA~, ","23, ","80, ","4.7, ","SO-8FL / DFN-5 ","1 ","260 ","0.8651 ",
"NVMFS6H858NWFT1G","Active","H Pb A P ","N-Channel, ","PowerTrench® T8, ","Power 56 (SO-8FL), ","Low-Medium Voltage, ","Standard, ","0, ","Single, ","0, ","80, ","20.7, ","±20, ","4, ","32, ","42, ","~NA~, ","~NA~, ","~NA~, ","8.9, ","510, ","~NA~, ","23, ","80, ","4.7, ","DFNW5 4.90x5.90x1.00, 1.27P ","1 ","260 ","0.9059 ",
"NVMFS6H858NLWFT1G","Active","H Pb A P ","N-Channel, ","PowerTrench® T8, ","Power 56 (SO-8FL), ","Low-Medium Voltage, ","Logic, ","0, ","Single, ","0, ","80, ","19.5, ","±20, ","2, ","30, ","42, ","N/A, ","25, ","6, ","12, ","623, ","2.1, ","21, ","82, ","5, ","DFNW5 4.90x5.90x1.00, 1.27P ","1 ","260 ","0.2893 ",
"NVMFS6H858NLT1G","Active","H Pb A P ","N-Channel, ","PowerTrench® T8, ","Power 56 (SO-8FL), ","Low-Medium Voltage, ","Logic, ","0, ","Single, ","0, ","80, ","19.5, ","±20, ","2, ","30, ","42, ","N/A, ","25, ","6, ","12, ","623, ","2.1, ","21, ","82, ","5, ","SO-8FL / DFN-5 ","1 ","260 ","0.2492 ",
"NVMFS6H864NWFT1G","Active","H Pb A P ","N-Channel, ","PowerTrench® T8, ","Power 56 (SO-8FL), ","Low-Medium Voltage, ","Standard, ","0, ","Single, ","0, ","80, ","32, ","±20, ","4, ","23, ","33, ","~NA~, ","~NA~, ","~NA~, ","6.9, ","370, ","~NA~, ","24, ","55, ","3.7, ","DFNW5 4.90x5.90x1.00, 1.27P ","1 ","260 ","0.3572 ",
"NVMFS6H864NT1G","Active","H Pb A P ","N-Channel, ","PowerTrench® T8, ","Power 56 (SO-8FL), ","Low-Medium Voltage, ","Standard, ","0, ","Single, ","0, ","80, ","32, ","±20, ","4, ","23, ","33, ","~NA~, ","~NA~, ","~NA~, ","6.9, ","370, ","~NA~, ","24, ","55, ","3.7, ","SO-8FL / DFN-5 ","1 ","260 ","0.3572 ",
"NVMFS6H864NLT1G","Active","H Pb A P ","N-Channel, ","PowerTrench® T8, ","Power 56 (SO-8FL), ","Low-Medium Voltage, ","Logic, ","0, ","Single, ","0, ","80, ","29, ","±20, ","2, ","22, ","33, ","~NA~, ","38, ","4, ","9, ","431, ","1.4, ","16, ","55, ","4, ","SO-8FL / DFN-5 ","1 ","260 ","0.3767 ",
"NVMFS6H864NLWFT1G","Active","H Pb A P ","N-Channel, ","PowerTrench® T8, ","Power 56 (SO-8FL), ","Low-Medium Voltage, ","Logic, ","0, ","Single, ","0, ","80, ","29, ","±20, ","2, ","22, ","33, ","~NA~, ","38, ","4, ","9, ","431, ","1.4, ","16, ","55, ","4, ","DFNW5 4.90x5.90x1.00, 1.27P ","1 ","260 ","0.4451 ",
"NVMFWS9D6P04M8LT1G","Active","H Pb A P ","P-Channel, ","PowerTrench® T1, ","Power 56 (SO-8FL), ","Low-Medium Voltage, ","Logic, ","0, ","Single, ","0, ","-40, ","9.5, ","20, ","-2.4, ","-77, ","75, ","~NA~, ","13.8, ","15.04, ","14.47, ","2002, ","12.83, ","97.9, ","935, ","43, ","DFNW5 4.90x5.90x1.00, 1.27P ","1 ","260 ","0.6044 ",
"NVMFS9D6P04M8LT1G","Active","H Pb A P ","P-Channel, ","PowerTrench® T1, ","Power 56 (SO-8FL), ","Low-Medium Voltage, ","Logic, ","0, ","Single, ","0, ","-40, ","9.5, ","20, ","-2.4, ","-77, ","75, ","~NA~, ","13.8, ","15.04, ","14.47, ","2002, ","12.83, ","97.9, ","935, ","43, ","SO-8FL / DFN-5 ","1 ","260 ","0.5732 ",
"NVMFSC0D9N04C","Active"," Pb A P ","N-Channel, ","PowerTrench® T6, ","Power 56 Dual Cool, ","Low-Medium Voltage, ","Standard, ","0, ","Single, ","0, ","40, ","0.87, ","±20, ","3.5, ","310, ","167, ","~NA~, ","~NA~, ","~NA~, ","86, ","6100, ","~NA~, ","159, ","3400, ","70, ","DFN-8 ","1 ","260 ","2.6181 ",
"NVMFSC0D9N04CL","Active"," Pb A P ","N-Channel, ","PowerTrench® T6, ","Power 56 Dual Cool, ","Low-Medium Voltage, ","Logic, ","0, ","Single, ","0, ","40, ","0.85, ","±20, ","2, ","316, ","166, ","N/A, ","1.3, ","N/A, ","135, ","6100, ","14, ","159, ","3400, ","70, ","DFN-8 ","1 ","260 ","2.3744 ",
"NVMFSC1D6N06CL","Active"," Pb A P ","N-Channel, ","PowerTrench® T6, ","Power 56 Dual Cool, ","Low-Medium Voltage, ","Logic, ","0, ","Single, ","0, ","60, ","1.5, ","±20, ","2, ","224, ","166, ","N/A, ","2.3, ","41, ","91, ","6660, ","9, ","130, ","3000, ","45, ","DFN-8 ","1 ","260 ","3.176 ",
"NVMFWS002N10MCLT1G","Active","H Pb A P ","N-Channel, ","PowerTrench® T8, ","Power 56 (SO-8FL), ","Low-Medium Voltage, ","Logic, ","0, ","Single, ","0, ","100, ","2.8, ","20, ","4, ","177, ","194, ","~NA~, ","3.8, ","45, ","97, ","7200, ","10, ","93, ","2400, ","36, ","DFNW5 4.90x5.90x1.00, 1.27P ","1 ","260 ","1.6401 ",
"NVMFWS003N10MCT1G","Active","H Pb A P ","N-Channel, ","PowerTrench® T8, ","Power 56 (SO-8FL), ","Low-Medium Voltage, ","Standard, ","0, ","Single, ","0, ","100, ","3.1, ","20, ","4, ","169, ","3.8, ","~NA~, ","~NA~, ","~NA~, ","62, ","4650, ","10, ","91, ","2400, ","33, ","DFNW5 4.90x5.90x1.00, 1.27P ","1 ","260 ","1.6401 ",
"NVMFWS004N04XMT1G","Active","H Pb A P ","N-Channel, ","PowerTrench® T10, ","Power 56 (SO-8FL), ","Low-Medium Voltage, ","Standard, ","0, ","Single, ","NVMFS5C456N, ","40, ","4.7, ","20, ","3.5, ","65, ","38, ","~NA~, ","~NA~, ","~NA~, ","10.6, ","672, ","~NA~, ","75.1, ","481, ","13.2, ","DFNW5 4.90x5.90x1.00, 1.27P ","1 ","260 ","0.4295 ",
"NVMFWS004N10MCT1G","Active","H Pb A P ","N-Channel, ","PowerTrench® T8, ","Power 56 (SO-8FL), ","Low-Medium Voltage, ","Standard, ","0, ","Single, ","0, ","100, ","3.9, ","20, ","4, ","138, ","164, ","~NA~, ","~NA~, ","~NA~, ","48, ","3600, ","~NA~, ","73, ","1700, ","30, ","DFNW5 4.90x5.90x1.00, 1.27P ","1 ","260 ","1.3024 ",
"NVMFWS014N08XT1G","Active","H Pb A P ","N-Channel, ","PowerTrench® T10, ","Power 56 (SO-8FL), ","Low-Medium Voltage, ","Standard, ","0, ","Single, ","FDWS86380-F085, ","80, ","13.8, ","20, ","3.6, ","35, ","35, ","~NA~, ","~NA~, ","~NA~, ","7.9, ","565, ","1.2, ","70, ","165, ","2.5, ","DFNW5 4.90x5.90x1.00, 1.27P ","1 ","260 ","0.2585 ",
"NVMFWS0D45N04XMT1G","Active","H Pb A P ","N-Channel, ","PowerTrench® T10, ","Power 56 (SO-8FL), ","Low-Medium Voltage, ","Standard, ","0, ","Single, ","0, ","40, ","0.45, ","20, ","2.96, ","517, ","180, ","~NA~, ","~NA~, ","~NA~, ","115, ","7404, ","~NA~, ","251, ","5251, ","104, ","DFNW5 5x6, FULL−CUT SO8FL WF ","1 ","260 ","1.8522 ",
"NVMFWS0D4N04XMT1G","Active","H Pb A P ","N-Channel, ","PowerTrench® T10, ","Power 56 (SO-8FL), ","Low-Medium Voltage, ","Standard, ","0, ","Single, ","0, ","40, ","0.42, ","20, ","3.5, ","509, ","197, ","~NA~, ","~NA~, ","~NA~, ","132, ","8530, ","~NA~, ","337, ","5451, ","72, ","DFNW5 5x6, FULL−CUT SO8FL WF ","1 ","260 ","2.0874 ",
"NVMFWS0D5N04XMT1G","Active","H Pb A P ","N-Channel, ","PowerTrench® T10, ","Power 56 (SO-8FL), ","Low-Medium Voltage, ","Standard, ","0, ","Single, ","0, ","40, ","0.52, ","20, ","3.5, ","414, ","163, ","~NA~, ","~NA~, ","~NA~, ","97.9, ","6232, ","~NA~, ","286, ","3987, ","53.9, ","DFNW5 5x6, FULL−CUT SO8FL WF ","1 ","260 ","1.5866 ",
"NVMFWS0D63N04XMT1G","Active","H Pb A P ","N-Channel, ","PowerTrench® T10, ","Power 56 (SO-8FL), ","Low-Medium Voltage, ","Standard, ","0, ","Single, ","0, ","40, ","0.6, ","20, ","3.5, ","344, ","157, ","~NA~, ","~NA~, ","~NA~, ","92.2, ","5862, ","~NA~, ","246, ","3760, ","50, ","DFNW5 4.90x5.90x1.00, 1.27P ","1 ","260 ","1.3514 ",
"NVMFWS0D6N04XMT1G","Active","H Pb A P ","N-Channel, ","PowerTrench® T10, ","Power 56 (SO-8FL), ","Low-Medium Voltage, ","Standard, ","0, ","Single, ","0, ","40, ","0.57, ","20, ","3.5, ","380, ","150, ","~NA~, ","~NA~, ","~NA~, ","86.8, ","5543, ","~NA~, ","254, ","3481, ","50, ","DFNW5 5x6, FULL−CUT SO8FL WF ","1 ","260 ","1.4888 ",
"NVMFWS0D7N04XMT1G","Active","H Pb A P ","N-Channel, ","PowerTrench® T10, ","Power 56 (SO-8FL), ","Low-Medium Voltage, ","Standard, ","0, ","Single, ","NVMFS5C404N, ","40, ","0.7, ","20, ","3.5, ","323, ","134, ","~NA~, ","~NA~, ","~NA~, ","71.6, ","4595, ","~NA~, ","269, ","2980, ","41.8, ","DFNW5 4.90x5.90x1.00, 1.27P ","1 ","260 ","1.0808 ",
"NVMFWS0D9N04XMT1G","Active","H Pb A P ","N-Channel, ","PowerTrench® T10, ","Power 56 (SO-8FL), ","Low-Medium Voltage, ","Standard, ","0, ","Single, ","NVMFS5C410N, ","40, ","0.9, ","20, ","3.5, ","273, ","121, ","~NA~, ","~NA~, ","~NA~, ","61.3, ","3896, ","~NA~, ","231, ","2500, ","35, ","DFNW5 4.90x5.90x1.00, 1.27P ","1 ","260 ","0.9966 ",
"NVMFWS1D1N04XMT1G","Active","H Pb A P ","N-Channel, ","PowerTrench® T10, ","Power 56 (SO-8FL), ","Low-Medium Voltage, ","Standard, ","0, ","Single, ","NVMFS5C420N, ","40, ","1.05, ","20, ","3.5, ","233, ","104, ","~NA~, ","~NA~, ","~NA~, ","49.3, ","3138, ","~NA~, ","224, ","2015, ","29.4, ","DFNW5 4.90x5.90x1.00, 1.27P ","1 ","260 ","0.8221 ",
"NVMFWS1D3N04XMT1G","Active","H Pb A P ","N-Channel, ","PowerTrench® T10, ","Power 56 (SO-8FL), ","Low-Medium Voltage, ","Standard, ","0, ","Single, ","NVMFS5C426N, ","40, ","1.3, ","20, ","3.5, ","195, ","90, ","~NA~, ","~NA~, ","~NA~, ","38.6, ","2459, ","~NA~, ","241, ","1578, ","23.3, ","DFNW5 4.90x5.90x1.00, 1.27P ","1 ","260 ","0.709 ",
"NVMFWS1D5N08XT1G","Active","H Pb A P ","N-Channel, ","PowerTrench® T10, ","Power 56 (SO-8FL), ","Low-Medium Voltage, ","Standard, ","0, ","Single, ","0, ","80, ","1.5, ","20, ","2.63, ","505, ","857, ","~NA~, ","~NA~, ","~NA~, ","89.3, ","6024, ","~NA~, ","109, ","2147, ","56, ","DFNW5 4.90x5.90x1.00, 1.27P ","1 ","260 ","1.661 ",
"NVMFWS1D7N04XMT1G","Active","H Pb A P ","N-Channel, ","PowerTrench® T10, ","Power 56 (SO-8FL), ","Low-Medium Voltage, ","Standard, ","0, ","Single, ","0, ","40, ","1.65, ","20, ","3.5, ","154, ","75, ","~NA~, ","~NA~, ","~NA~, ","29, ","1840, ","~NA~, ","37, ","1186, ","19, ","DFNW5 4.90x5.90x1.00, 1.27P ","1 ","260 ","0.6035 ",
"NVMFWS1D9N08XT1G","Active","H Pb A P ","N-Channel, ","PowerTrench® T10, ","Power 56 (SO-8FL), ","Low-Medium Voltage, ","Standard, ","0, ","Single, ","0, ","80, ","1.9, ","20, ","3.6, ","201, ","164, ","~NA~, ","~NA~, ","~NA~, ","39, ","4470, ","~NA~, ","202, ","1290, ","20, ","DFNW5 4.90x5.90x1.00, 1.27P ","1 ","260 ","1.3865 ",
"NVMFWS2D1N08XT1G","Active","H Pb A P ","N-Channel, ","PowerTrench® T10, ","Power 56 (SO-8FL), ","Low-Medium Voltage, ","Standard, ","0, ","Single, ","NVMFS6H800N, ","80, ","2.1, ","20, ","3.6, ","181, ","148, ","~NA~, ","~NA~, ","~NA~, ","53, ","3800, ","~NA~, ","183, ","1100, ","17, ","DFNW5 4.90x5.90x1.00, 1.27P ","1 ","260 ","1.2222 ",
"NVMFWS2D3N04XMT1G","Active","H Pb A P ","N-Channel, ","PowerTrench® T10, ","Power 56 (SO-8FL), ","Low-Medium Voltage, ","Standard, ","0, ","Single, ","NVMFS5C442N, ","40, ","2.35, ","20, ","3.5, ","121, ","63, ","~NA~, ","~NA~, ","~NA~, ","22.2, ","1417, ","~NA~, ","245, ","911, ","1417, ","DFNW5 4.90x5.90x1.00, 1.27P ","1 ","260 ","0.5717 ",
"NVMFWS2D5N08XT1G","Active","H Pb A P ","N-Channel, ","PowerTrench® T10, ","Power 56 (SO-8FL), ","Low-Medium Voltage, ","Standard, ","0, ","Single, ","0, ","80, ","2.5, ","20, ","3.6, ","156, ","133, ","~NA~, ","~NA~, ","~NA~, ","45, ","3200, ","~NA~, ","167, ","930, ","14, ","DFNW5 4.90x5.90x1.00, 1.27P ","1 ","260 ","1.1601 ",
"NVMFWS2D9N04XMT1G","Active","H Pb A P ","N-Channel, ","PowerTrench® T10, ","Power 56 (SO-8FL), ","Low-Medium Voltage, ","Standard, ","0, ","Single, ","NVMFS5C456N, ","40, ","3.1, ","20, ","3.5, ","94, ","50, ","~NA~, ","~NA~, ","~NA~, ","15.7, ","1000, ","~NA~, ","391, ","645, ","12.3, ","DFNW5 4.90x5.90x1.00, 1.27P ","1 ","260 ","0.4759 ",
"NVMFWS3D0N08XT1G","Active","H Pb A P ","N-Channel, ","PowerTrench® T10, ","Power 56 (SO-8FL), ","Low-Medium Voltage, ","Standard, ","0, ","Single, ","0, ","80, ","3, ","20, ","3.6, ","144, ","133, ","~NA~, ","~NA~, ","~NA~, ","45, ","3205, ","~NA~, ","164, ","926, ","14, ","DFNW5 4.90x5.90x1.00, 1.27P ","1 ","260 ","0.9805 ",
"NVMFWS3D5N08XT1G","Active","H Pb A P ","N-Channel, ","PowerTrench® T10, ","Power 56 (SO-8FL), ","Low-Medium Voltage, ","Standard, ","0, ","Single, ","0, ","80, ","3.5, ","20, ","3.6, ","119, ","107, ","~NA~, ","~NA~, ","~NA~, ","33, ","2400, ","~NA~, ","138, ","700, ","11, ","DFNW5 4.90x5.90x1.00, 1.27P ","1 ","260 ","0.9258 ",
"NVMFWS4D0N04XMT1G","Active","H Pb A P ","N-Channel, ","PowerTrench® T10, ","Power 56 (SO-8FL), ","Low-Medium Voltage, ","Standard, ","~NA~, ","Single, ","NVMFS5C456N, ","40, ","3.9, ","20, ","3, ","80, ","43, ","~NA~, ","~NA~, ","~NA~, ","12, ","784, ","~NA~, ","18, ","504, ","10, ","DFNW5 4.90x5.90x1.00, 1.27P ","1 ","260 ","0.4131 ",
"NVMFWS4D5N08XT1G","Active","H Pb A P ","N-Channel, ","PowerTrench® T10, ","Power 56 (SO-8FL), ","Low-Medium Voltage, ","Standard, ","0, ","Single, ","0, ","80, ","4.5, ","20, ","3.6, ","90, ","78, ","~NA~, ","~NA~, ","~NA~, ","24, ","1600, ","~NA~, ","101, ","460, ","7, ","DFNW5 4.90x5.90x1.00, 1.27P ","1 ","260 ","0.7462 ",
"NVMFWS6D2N08XT1G","Active","H Pb A P ","N-Channel, ","PowerTrench® T10, ","Power 56 (SO-8FL), ","Low-Medium Voltage, ","Standard, ","0, ","Single, ","0, ","80, ","6.2, ","20, ","3.6, ","71, ","68, ","~NA~, ","~NA~, ","~NA~, ","19, ","1330, ","~NA~, ","88, ","390, ","6, ","DFNW5 4.90x5.90x1.00, 1.27P ","1 ","260 ","0.608 ",
"NVMJD010N10MCLTWG","Active","H Pb A P ","N-Channel, ","PowerTrench® T8, ","Power 56 LFPAK, ","Low-Medium Voltage, ","Logic, ","0, ","Dual, ","0, ","100, ","10, ","20, ","3, ","62, ","85, ","~NA~, ","15.5, ","13, ","24, ","1651, ","3.3, ","tbd, ","697, ","9, ","LFPAK8 5.15x6.15 ","1 ","260 ","1.1158 ",
"NVMJD012N06CLTWG","Active","H Pb A P ","N-Channel, ","PowerTrench® T6, ","Power 56 LFPAK, ","Low-Medium Voltage, ","Logic, ","0, ","Dual, ","0, ","60, ","11.9, ","20, ","2.2, ","42, ","42, ","~NA~, ","16.8, ","5.7, ","11.5, ","792, ","1.5, ","12, ","438, ","8, ","LFPAK8 5.15x6.15 ","1 ","260 ","0.7606 ",
"NVMJD015N06CLTWG","Active","H Pb A P ","N-Channel, ","PowerTrench® T6, ","Power 56 LFPAK, ","Low-Medium Voltage, ","Logic, ","0, ","Dual, ","0, ","60, ","15, ","20, ","3, ","35, ","37, ","~NA~, ","21, ","4.7, ","9.4, ","643, ","1.2, ","9.8, ","311, ","5.8, ","LFPAK8 5.15x6.15 ","1 ","260 ","0.7033 ",
"NVMJD020N08HLTWG","Active","H Pb A P ","N-Channel, ","PowerTrench® T8, ","Power 56 LFPAK, ","Low-Medium Voltage, ","Logic, ","0, ","Dual, ","0, ","80, ","19.5, ","20, ","2, ","30, ","42, ","~NA~, ","25, ","6, ","12, ","623, ","2.1, ","21, ","82, ","5, ","LFPAK8 5.15x6.15 ","1 ","260 ","0.3757 ",
"NVMJD027N06CLTWG","Active","H Pb A P ","N-Channel, ","PowerTrench® T6, ","Power 56 LFPAK, ","Low-Medium Voltage, ","Logic, ","0, ","Dual, ","0, ","60, ","26.5, ","20, ","2.2, ","21, ","24, ","~NA~, ","42.5, ","~NA~, ","5, ","335, ","0.7, ","7, ","153, ","4, ","LFPAK8 5.15x6.15 ","1 ","260 ","0.56 ",
"NVMJD027N10MCLTWG","Active","H Pb A P ","N-Channel, ","PowerTrench® T8, ","Power 56 LFPAK, ","Low-Medium Voltage, ","Standard, ","0, ","Dual, ","0, ","100, ","26, ","20, ","3, ","28, ","46, ","~NA~, ","~NA~, ","~NA~, ","9.9, ","697, ","~NA~, ","20, ","272, ","4, ","LFPAK8 5.15x6.15 ","1 ","260 ","0.6517 ",
"NVMJD036N10MCLTWG","Active","H Pb A P ","N-Channel, ","PowerTrench® T8, ","Power 56 LFPAK, ","Low-Medium Voltage, ","Logic, ","0, ","Dual, ","0, ","100, ","36, ","20, ","3, ","21, ","3.2, ","~NA~, ","60, ","3.5, ","7.4, ","496, ","1.1, ","15.9, ","208, ","3, ","LFPAK8 5.15x6.15 ","1 ","260 ","0.0 ",
"NVMJD3D0N04CTWG","Active, Not Rec","H Pb A P ","N-Channel, ","PowerTrench® T6, ","Power 56 LFPAK, ","Low-Medium Voltage, ","Standard, ","0, ","Dual, ","0, ","40, ","2.9, ","20, ","3.5, ","127, ","89, ","~NA~, ","~NA~, ","~NA~, ","38, ","2450, ","~NA~, ","35, ","1200, ","44, ","LFPAK8 5.15x6.15 ","1 ","260 ","1.3245 ",
"NVMJD4D7N04CLTWG","Active","H Pb A P ","N-Channel, ","PowerTrench® T6, ","Power 56 LFPAK, ","Low-Medium Voltage, ","Logic, ","0, ","Dual, ","0, ","40, ","4.7, ","20, ","2.2, ","84, ","50, ","~NA~, ","7.7, ","11, ","23, ","1300, ","3, ","12, ","530, ","22, ","LFPAK8 5.15x6.15 ","1 ","260 ","0.8422 ",
"NVMJD5D4N04CTWG","Active","H Pb A P ","N-Channel, ","PowerTrench® T6, ","Power 56 LFPAK, ","Low-Medium Voltage, ","Standard, ","0, ","Dual, ","0, ","40, ","5.4, ","20, ","3.5, ","70, ","3.2, ","~NA~, ","~NA~, ","~NA~, ","3, ","1020, ","~NA~, ","12, ","550, ","21, ","LFPAK8 5.15x6.15 ","1 ","260 ","0.8422 ",
"NVMJD7D4N04CLTWG","Active, Not Rec","H Pb A P ","N-Channel, ","PowerTrench® T6, ","Power 56 LFPAK, ","Low-Medium Voltage, ","Logic, ","0, ","Dual, ","0, ","40, ","7.4, ","20, ","2.2, ","52, ","38, ","~NA~, ","12.6, ","7, ","16, ","997, ","2.2, ","8, ","354, ","13, ","LFPAK8 5.15x6.15 ","1 ","260 ","0.6788 ",
"NVMJD8D1N04CTWG","Active, Not Rec","H Pb A P ","N-Channel, ","PowerTrench® T6, ","Power 56 LFPAK, ","Low-Medium Voltage, ","Standard, ","0, ","Dual, ","0, ","40, ","8.1, ","20, ","3.5, ","49, ","38, ","~NA~, ","~NA~, ","~NA~, ","11, ","659, ","~NA~, ","10, ","320, ","14, ","LFPAK8 5.15x6.15 ","1 ","260 ","0.6788 ",
"NVMJS0D8N04CLTWG","Active","H Pb A P ","N-Channel, ","PowerTrench® T6, ","Power 56 LFPAK, ","Low-Medium Voltage, ","Logic, ","0, ","Single, ","0, ","40, ","0.72, ","20, ","2, ","368, ","180, ","~NA~, ","1.15, ","78, ","162, ","9600, ","~NA~, ","163, ","4690, ","119, ","LFPAK-8 ","1 ","260 ","1.2292 ",
"NVMJS0D9N04CTWG","Active, Not Rec","H Pb A P ","N-Channel, ","PowerTrench® T6, ","Power 56 LFPAK, ","Low-Medium Voltage, ","Standard, ","0, ","Single, ","0, ","40, ","0.81, ","20, ","4, ","342, ","180, ","~NA~, ","~NA~, ","~NA~, ","117, ","7400, ","~NA~, ","148, ","4600, ","127, ","LFPAK-8 ","1 ","260 ","1.2235 ",
"NVMJS0D9N04CLTWG","Active, Not Rec","H Pb A P ","N-Channel, ","PowerTrench® T6, ","Power 56 LFPAK, ","Low-Medium Voltage, ","Logic, ","0, ","Single, ","0, ","40, ","0.82, ","20, ","2, ","330, ","167, ","~NA~, ","1.2, ","66, ","143, ","8862, ","22, ","126, ","3328, ","77, ","LFPAK-8 ","1 ","260 ","1.1017 ",
"NVMJS1D0N04CTWG","Active, Not Rec","H Pb A P ","N-Channel, ","PowerTrench® T6, ","Power 56 LFPAK, ","Low-Medium Voltage, ","Standard, ","0, ","Single, ","0, ","40, ","0.92, ","20, ","3.5, ","300, ","166, ","~NA~, ","~NA~, ","~NA~, ","86, ","6100, ","~NA~, ","159, ","3400, ","70, ","LFPAK-8 ","1 ","260 ","1.0955 ",
"NVMJS1D2N04CLTWG","Active, Not Rec","H Pb A P ","N-Channel, ","PowerTrench® T6, ","Power 56 LFPAK, ","Low-Medium Voltage, ","Logic, ","0, ","Single, ","0, ","40, ","1.2, ","±20, ","2, ","237, ","128, ","~NA~, ","1.8, ","44, ","93, ","5600, ","~NA~, ","43, ","2600, ","70, ","LFPAK-8 ","1 ","260 ","0.8317 ",
"NVMJS1D3N04CTWG","Active","H Pb A P ","N-Channel, ","PowerTrench® T6, ","Power 56 LFPAK, ","Low-Medium Voltage, ","Standard, ","0, ","Single, ","0, ","40, ","1.3, ","±20, ","3.5, ","235, ","128, ","~NA~, ","~NA~, ","~NA~, ","65, ","4300, ","~NA~, ","92, ","2100, ","59, ","LFPAK-8 ","1 ","260 ","1.2879 ",
"NVMJS1D4N06CLTWG","Active, Not Rec","H Pb A P ","N-Channel, ","PowerTrench® T6, ","Power 56 LFPAK, ","Low-Medium Voltage, ","Logic, ","0, ","Single, ","0, ","60, ","1.3, ","20, ","2, ","262, ","180, ","~NA~, ","1.8, ","47, ","103, ","7430, ","11, ","175, ","3500, ","57, ","LFPAK-8 ","1 ","260 ","1.2292 ",
"NVMJS1D5N04CLTWG","Active, Not Rec","H Pb A P ","N-Channel, ","PowerTrench® T6, ","Power 56 LFPAK, ","Low-Medium Voltage, ","Logic, ","0, ","Single, ","0, ","40, ","1.4, ","±20, ","2, ","200, ","110, ","~NA~, ","2.2, ","32, ","70, ","4300, ","9, ","80, ","1900, ","72, ","LFPAK-8 ","1 ","260 ","0.6709 ",
"NVMJS1D6N06CLTWG","Active, Not Rec","H Pb A P ","N-Channel, ","PowerTrench® T6, ","Power 56 LFPAK, ","Low-Medium Voltage, ","Logic, ","0, ","Single, ","0, ","60, ","1.36, ","±20, ","2, ","250, ","167, ","~NA~, ","2.3, ","41, ","91, ","6660, ","10.9, ","105, ","2953, ","45, ","LFPAK-8 ","1 ","260 ","1.108 ",
"NVMJS1D7N04CTWG","Active","H Pb A P ","N-Channel, ","PowerTrench® T6, ","Power 56 LFPAK, ","Low-Medium Voltage, ","Standard, ","0, ","Single, ","0, ","40, ","1.7, ","±20, ","3.5, ","185, ","106, ","~NA~, ","~NA~, ","~NA~, ","47, ","3300, ","~NA~, ","68, ","1600, ","45, ","LFPAK-8 ","1 ","260 ","0.6709 ",
"NVMJS2D5N06CLTWG","Active, Not Rec","H Pb A P ","N-Channel, ","PowerTrench® T6, ","Power 56 LFPAK, ","Low-Medium Voltage, ","Logic, ","0, ","Single, ","0, ","60, ","2.4, ","±20, ","2, ","155, ","115, ","~NA~, ","3.3, ","24, ","52, ","3600, ","~NA~, ","60, ","1700, ","28, ","LFPAK-8 ","1 ","260 ","0.7124 ",
"NVMJS3D0N06CTWG","Active, Not Rec","H Pb A P ","N-Channel, ","PowerTrench® T6, ","Power 56 LFPAK, ","Low-Medium Voltage, ","Standard, ","0, ","Single, ","0, ","60, ","2.9, ","20, ","4, ","139.3, ","112.2, ","~NA~, ","~NA~, ","~NA~, ","34, ","2675, ","~NA~, ","36, ","1920, ","21, ","LFPAK-8 ","1 ","260 ","0.7792 ",
"NVMJST0D9N04CTXG","Active","H Pb A P ","N-Channel, ","PowerTrench® T6, ","Power 56 TCPAK, ","Low-Medium Voltage, ","Standard, ","0, ","Single, ","0, ","40, ","1, ","20, ","3.5, ","300, ","166, ","~NA~, ","~NA~, ","~NA~, ","86, ","6100, ","~NA~, ","159, ","3400, ","70, ","TCPAK10 5.1x7.5, 1.0P ","1 ","260 ","1.8105 ",
"NVMJST1D2N04CTXG","Active","H Pb A P ","N-Channel, ","PowerTrench® T6, ","Power 56 TCPAK, ","Low-Medium Voltage, ","Standard, ","0, ","Single, ","0, ","40, ","1.2, ","20, ","4, ","268, ","150, ","~NA~, ","~NA~, ","~NA~, ","82, ","5340, ","~NA~, ","236, ","3500, ","140, ","TCPAK10 5.1x7.5, 1.0P ","1 ","260 ","1.8676 ",
"NVMJST1D3N04CTXG","Active","H Pb A P ","N-Channel, ","PowerTrench® T6, ","Power 56 TCPAK, ","Low-Medium Voltage, ","Standard, ","0, ","Single, ","0, ","40, ","1.35, ","20, ","3.5, ","235, ","128, ","~NA~, ","~NA~, ","~NA~, ","65, ","4300, ","~NA~, ","92, ","2100, ","59, ","TCPAK10 5.1x7.5, 1.0P ","1 ","260 ","1.4416 ",
"NVMJST1D4N06CLTXG","Active","H Pb A P ","N-Channel, ","PowerTrench® T6, ","Power 56 TCPAK, ","Low-Medium Voltage, ","Standard, ","0, ","Single, ","0, ","60, ","1.49, ","20, ","2, ","198, ","116, ","~NA~, ","~NA~, ","41, ","92.2, ","6555, ","10.5, ","119, ","3695, ","37.5, ","TCPAK10 5.1x7.5, 1.0P ","1 ","260 ","1.5194 ",
"NVMJST1D6N04CTXG","Active","H Pb A P ","N-Channel, ","PowerTrench® T6, ","Power 56 TCPAK, ","Low-Medium Voltage, ","Standard, ","0, ","Single, ","0, ","40, ","1.65, ","20, ","3.5, ","319, ","300, ","~NA~, ","~NA~, ","~NA~, ","47, ","3300, ","~NA~, ","68, ","1600, ","45, ","TCPAK10 5.1x7.5, 1.0P ","1 ","260 ","1.2273 ",
"NVMJST2D1N08XTXG","Active","H Pb A P ","N-Channel, ","PowerTrench® T10, ","Power 56 (TCPAK), ","Low-Medium Voltage, ","Standard, ","0, ","Single, ","0, ","80, ","2.1, ","20, ","3.6, ","334, ","454, ","~NA~, ","~NA~, ","~NA~, ","62, ","4380, ","~NA~, ","192, ","1261, ","19, ","TCPAK10 5.1x7.5, 1.0P ","1 ","260 ","1.1768 ",
"NVMJST2D6N08HTXG","Active","H Pb A P ","N-Channel, ","PowerTrench® T8, ","Power 56 TCPAK, ","Low-Medium Voltage, ","Standard, ","0, ","Single, ","0, ","80, ","2.8, ","20, ","4, ","157, ","166, ","~NA~, ","~NA~, ","~NA~, ","64, ","4120, ","~NA~, ","98, ","586, ","22, ","TCPAK10 5.1x7.5, 1.0P ","1 ","260 ","1.932 ",
"NVMJST3D3N04CTXG","Active","H Pb A P ","N-Channel, ","PowerTrench® T6, ","Power 56 TCPAK, ","Low-Medium Voltage, ","Standard, ","0, ","Single, ","0, ","40, ","3.3, ","20, ","3.5, ","102, ","68, ","~NA~, ","~NA~, ","~NA~, ","23, ","1600, ","~NA~, ","23, ","830, ","28, ","TCPAK10 5.1x7.5, 1.0P ","1 ","260 ","0.952 ",
"NVMTS001N06CTXG","Active","H Pb A P ","N-Channel, ","PowerTrench® T6, ","Power 88, ","Low-Medium Voltage, ","Standard, ","0, ","Single, ","0, ","60, ","1, ","±20, ","4, ","254, ","136, ","~NA~, ","~NA~, ","~NA~, ","102, ","8200, ","~NA~, ","~NA~, ","4800, ","45, ","DFNW-8 ","1 ","260 ","3.6837 ",
"NVMTS001N06CLETXG","Active","H Pb A P ","N-Channel, ","PowerTrench® T6, ","Power88, ","Low-Medium Voltage, ","Logic, ","0, ","Single, ","0, ","60, ","0.81, ","20, ","2.2, ","398.2, ","244, ","~NA~, ","1.05, ","74.3, ","165, ","12300, ","14.7, ","229, ","6225, ","130, ","DFNW-8 ","1 ","260 ","0.0 ",
"NVMTS001N06CLTXG","Active","H Pb A P ","N-Channel, ","PowerTrench® T6, ","Power 88, ","Low-Medium Voltage, ","Logic, ","0, ","Single, ","0, ","60, ","0.81, ","±20, ","2.2, ","398.2, ","244, ","~NA~, ","1.05, ","74.3, ","165, ","12300, ","14.7, ","229, ","6225, ","130, ","DFNW-8 ","1 ","260 ","4.0297 ",
"NVMTS0D4N04CTXG","Active","H Pb A P ","N-Channel, ","PowerTrench® T6, ","Power 88, ","Low-Medium Voltage, ","Standard, ","0, ","Single, ","0, ","40, ","0.45, ","20, ","4, ","558, ","244, ","~NA~, ","~NA~, ","~NA~, ","251, ","16500, ","~NA~, ","336, ","8310, ","607, ","DFNW-8 ","1 ","260 ","5.2219 ",
"NVMTS0D4N04CLTXG","Active","H Pb A P ","N-Channel, ","PowerTrench® T6, ","Power 88, ","Low-Medium Voltage, ","Logic, ","0, ","Single, ","0, ","40, ","0.4, ","20, ","2.5, ","553.8, ","244, ","~NA~, ","0.64, ","163, ","341, ","20600, ","52.1, ","336, ","9500, ","709, ","DFNW-8 ","1 ","260 ","5.1655 ",
"NVMTS0D6N04CTXG","Active","H Pb A P ","N-Channel, ","PowerTrench® T6, ","Power 88, ","Low-Medium Voltage, ","Standard, ","0, ","Single, ","0, ","40, ","0.48, ","20, ","4, ","468, ","205.4, ","~NA~, ","~NA~, ","~NA~, ","187, ","11800, ","~NA~, ","274, ","7030, ","5055, ","DFNW-8 ","1 ","260 ","4.1079 ",
"NVMTS0D6N04CLTXG","Active","H Pb A P ","N-Channel, ","PowerTrench® T6, ","Power 88, ","Low-Medium Voltage, ","Logic, ","0, ","Single, ","0, ","40, ","0.42, ","20, ","2, ","469, ","205.4, ","~NA~, ","0.66, ","126, ","265, ","16013, ","38.4, ","228, ","6801, ","299, ","DFNW-8 ","1 ","260 ","4.0306 ",
"NVMTS0D7N04CTXG","Active","H Pb A P ","N-Channel, ","PowerTrench® T6, ","Power 88, ","Low-Medium Voltage, ","Standard, ","0, ","Single, ","0, ","40, ","0.67, ","±20, ","4, ","420, ","205, ","~NA~, ","~NA~, ","~NA~, ","140, ","9281, ","~NA~, ","191, ","5387, ","176, ","DFNW-8 ","1 ","260 ","4.1729 ",
"NVMTS0D7N04CLTXG","Active","H Pb A P ","N-Channel, ","PowerTrench® T6, ","Power 88, ","Low-Medium Voltage, ","Logic, ","0, ","Single, ","0, ","40, ","0.63, ","±20, ","2.5, ","433, ","205, ","-, ","-, ","-, ","99, ","12238, ","-, ","184, ","4629, ","129, ","DFNW-8 ","1 ","260 ","5.5082 ",
"NVMTS0D7N06CTXG","Active","H Pb A P ","N-Channel, ","PowerTrench® T6, ","Power 88, ","Low-Medium Voltage, ","Standard, ","0, ","Single, ","0, ","60, ","0.72, ","±20, ","4, ","464, ","294.6, ","~NA~, ","~NA~, ","~NA~, ","152, ","11535, ","~NA~, ","324, ","8010, ","174, ","DFNW-8 ","1 ","260 ","5.1739 ",
"NVMTS0D7N06CLTXG","Active","H Pb A P ","N-Channel, ","PowerTrench® T6, ","Power 88, ","Low-Medium Voltage, ","Logic, ","0, ","Single, ","0, ","60, ","0.68, ","20, ","2.5, ","447, ","300, ","~NA~, ","0.9, ","103, ","225, ","16200, ","~NA~, ","307, ","8490, ","270, ","DFNW-8 ","1 ","260 ","5.8803 ",
"NVMTS1D0N04CLTXG","Active","H Pb A P ","N-Channel, ","PowerTrench® T6, ","Power 88, ","Low-Medium Voltage, ","Logic, ","0, ","Single, ","0, ","40, ","1, ","± 20, ","3, ","291, ","153, ","~NA~, ","1.5, ","~NA~, ","122, ","7408, ","20.6, ","96, ","3025, ","77, ","DFNW-8 ","1 ","260 ","2.7949 ",
"NVMTS1D1N04CETXG","Active","H Pb A P ","N-Channel, ","PowerTrench® T6, ","Power 88, ","Low-Medium Voltage, ","Standard, ","0, ","Single, ","0, ","40, ","1.1, ","20, ","4, ","227, ","153, ","~NA~, ","~NA~, ","~NA~, ","86, ","5410, ","24, ","100, ","3145, ","82, ","DFNW-8 ","1 ","260 ","4.0319 ",
"NVMTS1D1N04CTXG","Active","H Pb A P ","N-Channel, ","PowerTrench® T6, ","Power 88, ","Low-Medium Voltage, ","Standard, ","0, ","Single, ","0, ","40, ","1.1, ","± 20, ","4, ","277, ","153, ","~NA~, ","~NA~, ","~NA~, ","86, ","5410, ","24, ","100, ","3145, ","82, ","DFNW-8 ","1 ","260 ","3.4776 ",
"NVMTS1D2N08H","Active","H Pb A P ","N-Channel, ","PowerTrench® T8, ","Power 88, ","Low-Medium Voltage, ","Standard, ","0, ","Single, ","0, ","80, ","1.1, ","±20, ","4, ","295, ","215, ","N/A, ","N/A, ","N/A, ","148, ","10100, ","N/A, ","N/A, ","1375, ","50, ","DFNW-8 ","1 ","260 ","2.79 ",
"NVMTS1D5N08H","Active","H Pb A P ","N-Channel, ","PowerTrench® T8, ","Power 88, ","Low-Medium Voltage, ","Standard, ","0, ","Single, ","0, ","80, ","1.4, ","20, ","4, ","273, ","258, ","~NA~, ","~NA~, ","~NA~, ","125, ","8220, ","~NA~, ","146, ","1190, ","31, ","DFNW-8 ","1 ","260 ","2.432 ",
"NVMTS1D6N10MCTXG","Active","H Pb A P ","N-Channel, ","PowerTrench® T8, ","Power 88, ","Low-Medium Voltage, ","Standard, ","0, ","Single, ","0, ","100, ","1.7, ","±20, ","4, ","273, ","291, ","~NA~, ","~NA~, ","~NA~, ","106, ","7630, ","~NA~, ","385, ","4260, ","80, ","DFNW-8 ","1 ","260 ","3.0 ",
"NVMTS4D3N15MC","Active","H Pb A P ","N-Channel, ","PowerTrench® T8, ","Power 88, ","Low-Medium Voltage, ","Standard, ","0, ","Single, ","0, ","150, ","4.45, ","20, ","4.5, ","165, ","292, ","-, ","~NA~, ","-, ","79, ","6514, ","~NA~, ","194, ","1750, ","12.5, ","DFNW-8 ","1 ","260 ","3.0942 ",
"NVMTS6D0N15MC","Active","H Pb A P ","N-Channel, ","PowerTrench® T8, ","Power 88, ","Low-Medium Voltage, ","Standard, ","0, ","Single, ","0, ","150, ","6.4, ","20, ","4.5, ","128, ","237, ","-, ","~NA~, ","-, ","58, ","4815, ","~NA~, ","125, ","1482, ","9.7, ","DFNW-8 ","1 ","260 ","2.2508 ",
"NVMTSC1D3N08M7TXG","Active","H Pb A P ","N-Channel, ","PowerTrench® T6, ","Power 88 Dual Cool, ","Low-Medium Voltage, ","Standard, ","0, ","Single, ","0, ","80, ","1.25, ","±20, ","4, ","348, ","287, ","~NA~, ","~NA~, ","~NA~, ","196, ","14530, ","~NA~, ","152, ","2047, ","106, ","DFNW-8 ","1 ","260 ","2.5041 ",
"NVMTSC4D3N15MC","Active","H Pb A P ","N-Channel, ","PowerTrench® T8, ","Power 88 Dual Cool, ","Low-Medium Voltage, ","Standard, ","0, ","Single, ","0, ","150, ","4.5, ","20, ","4.5, ","165, ","292, ","-, ","~NA~, ","-, ","79, ","6514, ","~NA~, ","194, ","1750, ","12.5, ","DFNW-8 ","1 ","260 ","2.7138 ",
"NVMYS003N08LHTWG","Active, Not Rec","H Pb A P ","N-Channel, ","PowerTrench® T8, ","Power 56 LFPAK, ","Low-Medium Voltage, ","Logic, ","0, ","Single, ","0, ","80, ","3.3, ","±20, ","2, ","132, ","137, ","~NA~, ","4.3, ","31, ","64, ","3735, ","10.5, ","66, ","458, ","19, ","LFPAK-4 ","1 ","260 ","1.0085 ",
"NVMYS005N10MCLTWG","Active, Not Rec","H Pb A P ","N-Channel, ","PowerTrench® T8, ","Power 56 LFPAK, ","Low-Medium Voltage, ","Logic, ","0, ","Single, ","0, ","100, ","5.1, ","20, ","3, ","108, ","131, ","~NA~, ","7.1, ","26, ","55, ","4100, ","5, ","54, ","1350, ","22, ","LFPAK-4 ","1 ","260 ","1.1581 ",
"NVMYS006N08LHTWG","Active, Not Rec","H Pb A P ","N-Channel, ","PowerTrench® T8, ","Power 56 LFPAK, ","Low-Medium Voltage, ","Logic, ","0, ","Single, ","0, ","80, ","6.2, ","±20, ","2, ","77, ","89, ","~NA~, ","7.8, ","16, ","34, ","1950, ","5.5, ","45, ","250, ","11, ","LFPAK-4 ","1 ","260 ","0.6725 ",
"NVMYS007N10MCLTWG","Active","H Pb A P ","N-Channel, ","PowerTrench® T8, ","Power 56 LFPAK, ","Low-Medium Voltage, ","Logic, ","0, ","Single, ","0, ","100, ","7, ","20, ","3, ","83, ","107, ","~NA~, ","10, ","17, ","37, ","2700, ","4, ","37, ","950, ","14, ","LFPAK-4 ","1 ","260 ","0.9313 ",
"NVMYS008N08LHTWG","Active","H Pb A P ","N-Channel, ","PowerTrench® T8, ","Power 56 LFPAK, ","Low-Medium Voltage, ","Logic, ","0, ","Single, ","0, ","80, ","8.8, ","±20, ","2, ","59, ","73, ","~NA~, ","11, ","12, ","25, ","1420, ","4.3, ","36, ","192, ","11, ","LFPAK-4 ","1 ","260 ","0.5695 ",
"NVMYS010N04CLTWG","Active","H Pb A P ","N-Channel, ","PowerTrench® T6, ","Power 56 LFPAK, ","Low-Medium Voltage, ","Logic, ","0, ","Single, ","0, ","40, ","10.3, ","20, ","2, ","38, ","28, ","~NA~, ","17.6, ","3.4, ","7.3, ","570, ","1, ","6, ","230, ","11, ","LFPAK-4 ","1 ","260 ","0.2999 ",
"NVMYS011N04CTWG","Active","H Pb A P ","N-Channel, ","PowerTrench® T6, ","Power 56 LFPAK, ","Low-Medium Voltage, ","Standard, ","0, ","Single, ","0, ","40, ","12, ","±20, ","3.5, ","35, ","28, ","~NA~, ","~NA~, ","~NA~, ","7.9, ","420, ","~NA~, ","6.7, ","230, ","11, ","LFPAK-4 ","1 ","260 ","0.2995 ",
"NVMYS012N10MCLTWG","Active","H Pb A P ","N-Channel, ","PowerTrench® T8, ","Power 56 LFPAK, ","Low-Medium Voltage, ","Logic, ","0, ","Single, ","0, ","100, ","12.2, ","20, ","3, ","52, ","72, ","~NA~, ","18.3, ","9, ","19, ","1338, ","3, ","22, ","521, ","9, ","LFPAK-4 ","1 ","260 ","0.6177 ",
"NVMYS013N08LHTWG","Active","H Pb A P ","N-Channel, ","PowerTrench® T8, ","Power 56 LFPAK, ","Low-Medium Voltage, ","Logic, ","0, ","Single, ","0, ","80, ","13.1, ","±20, ","2, ","42, ","54, ","~NA~, ","17, ","8, ","17, ","906, ","2.9, ","25, ","116, ","6, ","LFPAK-4 ","1 ","260 ","0.4615 ",
"NVMYS014N06CLTWG","Active","H Pb A P ","N-Channel, ","PowerTrench® T6, ","Power 56 LFPAK, ","Low-Medium Voltage, ","Logic, ","0, ","Single, ","0, ","60, ","15, ","±20, ","2, ","36, ","37, ","~NA~, ","21.5, ","4.5, ","9.7, ","620, ","1, ","-, ","340, ","7, ","LFPAK-4 ","1 ","260 ","0.3265 ",
"NVMYS016N06CTWG","Active, Not Rec","H Pb A P ","N-Channel, ","PowerTrench® T6, ","Power 56 LFPAK, ","Low-Medium Voltage, ","Standard, ","0, ","Single, ","0, ","60, ","16, ","20, ","4, ","33, ","35.7, ","~NA~, ","~NA~, ","~NA~, ","7, ","482, ","~NA~, ","8, ","313, ","7, ","LFPAK-4 ","1 ","260 ","0.3691 ",
"NVMYS016N10MCLTWG","Active","H Pb A P ","N-Channel, ","PowerTrench® T8, ","Power 56 LFPAK, ","Low-Medium Voltage, ","Logic, ","0, ","Single, ","0, ","100, ","14, ","20, ","3, ","46, ","64, ","~NA~, ","20, ","9, ","19, ","1250, ","2, ","24, ","460, ","8, ","LFPAK-4 ","1 ","260 ","0.5981 ",
"NVMYS020N08LHTWG","Active","H Pb A P ","N-Channel, ","PowerTrench® T8, ","Power 56 LFPAK, ","Low-Medium Voltage, ","Logic, ","0, ","Single, ","0, ","80, ","19.5, ","±20, ","2, ","30, ","42, ","~NA~, ","25, ","6, ","12, ","623, ","2.1, ","21, ","82, ","5, ","LFPAK-4 ","1 ","260 ","0.4021 ",
"NVMYS021N06CLTWG","Active","H Pb A P ","N-Channel, ","PowerTrench® T6, ","Power 56 LFPAK, ","Low-Medium Voltage, ","Logic, ","0, ","Single, ","0, ","60, ","21, ","±20, ","2, ","27, ","28, ","~NA~, ","31.5, ","2.5, ","5, ","410, ","~NA~, ","7, ","210, ","7, ","LFPAK-4 ","1 ","260 ","0.3048 ",
"NVMYS021N10MCLTWG","Active","H Pb A P ","N-Channel, ","PowerTrench® T8, ","Power 56 LFPAK, ","Low-Medium Voltage, ","Logic, ","0, ","Single, ","0, ","100, ","23, ","20, ","3, ","31, ","49, ","~NA~, ","33, ","6, ","13, ","850, ","1.7, ","18, ","310, ","5, ","LFPAK-4 ","1 ","260 ","0.8153 ",
"NVMYS022N06CTWG","Active","H Pb A P ","N-Channel, ","PowerTrench® T6, ","Power 56 LFPAK, ","Low-Medium Voltage, ","Standard, ","0, ","Single, ","0, ","60, ","23.4, ","20, ","4, ","24, ","28.2, ","-, ","-, ","-, ","4.7, ","328, ","-, ","6.3, ","239, ","5, ","LFPAK-4 ","1 ","260 ","0.3455 ",
"NVMYS025N06CLTWG","Active","H Pb A P ","N-Channel, ","PowerTrench® T6, ","Power 56 LFPAK, ","Low-Medium Voltage, ","Logic, ","0, ","Single, ","0, ","60, ","27.5, ","±20, ","2, ","21, ","24, ","~NA~, ","43, ","2.7, ","5.8, ","330, ","~NA~, ","7.5, ","172, ","5, ","LFPAK-4 ","1 ","260 ","0.2874 ",
"NVMYS029N08LHTWG","Active","H Pb A P ","N-Channel, ","PowerTrench® T8, ","Power 56 LFPAK, ","Low-Medium Voltage, ","Logic, ","0, ","Single, ","0, ","80, ","29, ","±20, ","2, ","22, ","33, ","~NA~, ","38, ","4, ","9, ","431, ","1.4, ","16, ","55, ","4, ","LFPAK-4 ","1 ","260 ","0.3635 ",
"NVMYS1D2N04CLTWG","Active","H Pb A P ","N-Channel, ","PowerTrench® T6, ","Power 56 LFPAK, ","Low-Medium Voltage, ","Logic, ","0, ","Single, ","0, ","40, ","1.1, ","±20, ","2, ","258, ","134, ","~NA~, ","1.7, ","52, ","109, ","6330, ","~NA~, ","107, ","3000, ","118, ","LFPAK-4 ","1 ","260 ","0.8637 ",
"NVMYS1D3N04CTWG","Active, Not Rec","H Pb A P ","N-Channel, ","PowerTrench® T6, ","Power 56 LFPAK, ","Low-Medium Voltage, ","Standard, ","0, ","Single, ","0, ","40, ","1.15, ","20, ","3.5, ","252, ","134, ","~NA~, ","~NA~, ","~NA~, ","75, ","4855, ","~NA~, ","105, ","2565, ","71, ","LFPAK-4 ","1 ","260 ","1.3439 ",
"NVMYS1D6N04CLTWG","Active, Not Rec","H Pb A P ","N-Channel, ","PowerTrench® T6, ","Power 56 LFPAK, ","Low-Medium Voltage, ","Logic, ","0, ","Single, ","0, ","40, ","1.6, ","20, ","3, ","185, ","185, ","~NA~, ","2.4, ","~NA~, ","71, ","4301, ","13, ","159, ","1749, ","46, ","LFPAK-4 ","1 ","260 ","0.7594 ",
"NVMYS2D1N04CLTWG","Active","H Pb A P ","N-Channel, ","PowerTrench® T6, ","Power 56 LFPAK, ","Low-Medium Voltage, ","Logic, ","0, ","Single, ","0, ","40, ","2.5, ","20, ","2, ","132, ","83, ","~NA~, ","3.7, ","23, ","50, ","3100, ","6.7, ","40, ","1100, ","37, ","LFPAK-4 ","1 ","260 ","0.5419 ",
"NVMYS2D2N06CLTWG","Active","H Pb A P ","N-Channel, ","PowerTrench® T6, ","Power 56 LFPAK, ","Low-Medium Voltage, ","Logic, ","0, ","Single, ","0, ","60, ","2, ","20, ","2, ","185, ","134, ","~NA~, ","2.7, ","31, ","69, ","4850, ","~NA~, ","84, ","2450, ","25, ","LFPAK-4 ","1 ","260 ","0.8694 ",
"NVMYS2D3N06CTWG","Active, Not Rec","H Pb A P ","N-Channel, ","PowerTrench® T6, ","Power 56 LFPAK, ","Low-Medium Voltage, ","Standard, ","0, ","Single, ","0, ","60, ","2.3, ","20, ","4, ","171, ","134.4, ","~NA~, ","~NA~, ","~NA~, ","46, ","3584, ","~NA~, ","78, ","2581, ","24, ","LFPAK-4 ","1 ","260 ","0.9369 ",
"NVMYS2D4N04CTWG","Active","H Pb A P ","N-Channel, ","PowerTrench® T6, ","Power 56 LFPAK, ","Low-Medium Voltage, ","Standard, ","0, ","Single, ","0, ","40, ","2.3, ","20, ","3.5, ","138, ","83, ","~NA~, ","~NA~, ","~NA~, ","32, ","2100, ","~NA~, ","40, ","1100, ","40, ","LFPAK-4 ","1 ","260 ","0.5564 ",
"NVMYS2D9N04CLTWG","Active","H Pb A P ","N-Channel, ","PowerTrench® T6, ","Power 56 LFPAK, ","Low-Medium Voltage, ","Logic, ","0, ","Single, ","0, ","40, ","2.8, ","20, ","2, ","110, ","68, ","~NA~, ","4.4, ","16, ","35, ","2100, ","~NA~, ","31, ","1000, ","42, ","LFPAK-4 ","1 ","260 ","0.4646 ",
"NVMYS3D3N06CLTWG","Active, Not Rec","H Pb A P ","N-Channel, ","PowerTrench® T6, ","Power 56 LFPAK, ","Low-Medium Voltage, ","Logic, ","0, ","Single, ","0, ","60, ","3, ","±20, ","2, ","133, ","100, ","~NA~, ","4.2, ","18.4, ","40.7, ","2880, ","~NA~, ","28, ","1680, ","22, ","LFPAK-4 ","1 ","260 ","0.6259 ",
"NVMYS3D5N04CTWG","Active, Not Rec","H Pb A P ","N-Channel, ","PowerTrench® T6, ","Power 56 LFPAK, ","Low-Medium Voltage, ","Standard, ","0, ","Single, ","0, ","40, ","3.3, ","±20, ","3.5, ","102, ","68, ","~NA~, ","~NA~, ","~NA~, ","23, ","1600, ","~NA~, ","23, ","830, ","28, ","LFPAK-4 ","1 ","260 ","0.4681 ",
"NVMYS3D8N04CLTWG","Active, Not Rec","H Pb A P ","N-Channel, ","PowerTrench® T6, ","Power 56 LFPAK, ","Low-Medium Voltage, ","Standard, ","0, ","Single, ","0, ","40, ","4.5, ","20, ","3.5, ","80, ","55, ","N/A, ","~NA~, ","~NA~, ","18, ","1150, ","~NA~, ","18, ","600, ","25, ","LFPAK-4 ","1 ","260 ","0.0 ",
"NVMYS4D1N06CLTWG","Active","H Pb A P ","N-Channel, ","PowerTrench® T6, ","Power 56 LFPAK, ","Low-Medium Voltage, ","Logic, ","0, ","Single, ","0, ","60, ","4, ","±20, ","2, ","100, ","79, ","~NA~, ","5.7, ","16, ","34, ","2200, ","5.1, ","32, ","900, ","17, ","LFPAK-4 ","1 ","260 ","0.5333 ",
"NVMYS4D6N04CLTWG","Active","H Pb A P ","N-Channel, ","PowerTrench® T6, ","Power 56 LFPAK, ","Low-Medium Voltage, ","Logic, ","0, ","Single, ","0, ","40, ","4.5, ","±20, ","2, ","78, ","50, ","~NA~, ","7.2, ","11, ","23, ","1300, ","3, ","12, ","530, ","22, ","LFPAK-4 ","1 ","260 ","0.3835 ",
"NVMYS4D6N06CTWG","Active","H Pb A P ","N-Channel, ","PowerTrench® T6, ","Power 56 LFPAK, ","Low-Medium Voltage, ","Standard, ","0, ","Single, ","0, ","60, ","4.7, ","20, ","4, ","92, ","79.5, ","~NA~, ","~NA~, ","~NA~, ","19, ","1530, ","~NA~, ","22, ","1095, ","7, ","LFPAK-4 ","1 ","260 ","0.6171 ",
"NVMYS5D3N04CTWG","Active","H Pb A P ","N-Channel, ","PowerTrench® T6, ","Power 56 LFPAK, ","Low-Medium Voltage, ","Standard, ","0, ","Single, ","0, ","40, ","5.3, ","±20, ","3.5, ","71, ","50, ","~NA~, ","~NA~, ","~NA~, ","16, ","1000, ","~NA~, ","16, ","530, ","22, ","LFPAK-4 ","1 ","260 ","0.3787 ",
"NVMYS6D2N06CLTWG","Active","H Pb A P ","N-Channel, ","PowerTrench® T6, ","Power 56 LFPAK, ","Low-Medium Voltage, ","Logic, ","0, ","Single, ","0, ","60, ","6.1, ","20, ","2, ","71, ","61, ","N/A, ","8.8, ","9, ","20, ","1400, ","N/A, ","19, ","690, ","15, ","LFPAK-4 ","1 ","260 ","0.4332 ",
"NVMYS7D0N06CTWG","Active, Not Rec","H Pb A P ","N-Channel, ","PowerTrench® T6, ","Power 56 LFPAK, ","Low-Medium Voltage, ","Standard, ","0, ","Single, ","0, ","60, ","7, ","20, ","4, ","66, ","61.3, ","~NA~, ","~NA~, ","~NA~, ","14, ","1035, ","~NA~, ","15, ","713, ","9, ","LFPAK-4 ","1 ","260 ","0.4752 ",
"NVMYS7D3N04CLTWG","Active","H Pb A P ","N-Channel, ","PowerTrench® T6, ","Power 56 LFPAK, ","Low-Medium Voltage, ","Logic, ","0, ","Single, ","0, ","40, ","7.3, ","20, ","2.2, ","50, ","38, ","~NA~, ","12.13, ","7, ","16, ","880, ","2.5, ","6, ","340, ","16, ","LFPAK-4 ","1 ","260 ","0.3309 ",
"NVMYS8D0N04CTWG","Active","H Pb A P ","N-Channel, ","PowerTrench® T6, ","Power 56 LFPAK, ","Low-Medium Voltage, ","Standard, ","0, ","Single, ","0, ","40, ","8.1, ","20, ","3.5, ","49, ","38, ","~NA~, ","~NA~, ","~NA~, ","10, ","625, ","~NA~, ","11, ","335, ","15, ","LFPAK-4 ","1 ","260 ","0.3366 ",
"NVMYS9D3N06CLTWG","Active","H Pb A P ","N-Channel, ","PowerTrench® T6, ","Power 56 LFPAK, ","Low-Medium Voltage, ","Logic, ","0, ","Single, ","0, ","60, ","9.2, ","20, ","2, ","51, ","46, ","N/A, ","13, ","4.5, ","9.5, ","880, ","N/A, ","18, ","450, ","11, ","LFPAK-4 ","1 ","260 ","0.0 ",
"NVTFS002N04CTAG","Active","H Pb A P ","N-Channel, ","PowerTrench® T6, ","Power 33 (u8FL), ","Low-Medium Voltage, ","Standard, ","0, ","Single, ","0, ","40, ","2.4, ","±20, ","3.5, ","136, ","85, ","~NA~, ","~NA~, ","~NA~, ","34, ","2250, ","~NA~, ","50, ","1230, ","41, ","WDFN-8 ","1 ","260 ","0.9972 ",
"NVTFS002N04CLTAG","Active","H Pb A P ","N-Channel, ","PowerTrench® T6, ","Power 33 (u8FL), ","Low-Medium Voltage, ","Logic, ","0, ","Single, ","0, ","40, ","2.2, ","±20, ","2, ","142, ","85, ","~NA~, ","3.5, ","~NA~, ","49, ","2940, ","~NA~, ","43, ","1260, ","47, ","WDFN-8 ","1 ","260 ","0.952 ",
"NVTFWS003N04CTAG","Active","H Pb A P ","N-Channel, ","PowerTrench® T6, ","Power 33 (u8FL), ","Low-Medium Voltage, ","Standard, ","0, ","Single, ","0, ","40, ","3.5, ","±20, ","3.5, ","103, ","69, ","~NA~, ","~NA~, ","~NA~, ","23, ","1600, ","~NA~, ","23, ","830, ","28, ","WDFNW8 3.3x3.3, 0.65P (Full−Cut 8FL WF) ","1 ","260 ","0.6992 ",
"NVTFS003N04CTAG","Active","H Pb A P ","N-Channel, ","PowerTrench® T6, ","Power 33 (u8FL), ","Low-Medium Voltage, ","Standard, ","0, ","Single, ","0, ","40, ","3.5, ","±20, ","3.5, ","103, ","69, ","~NA~, ","~NA~, ","~NA~, ","23, ","1600, ","~NA~, ","23, ","830, ","28, ","WDFN-8 / u8FL ","1 ","260 ","0.6554 ",
"NVTFWS004N04CTAG","Active","H Pb A P ","N-Channel, ","PowerTrench® T6, ","Power 33 (u8FL), ","Low-Medium Voltage, ","Standard, ","0, ","Single, ","0, ","40, ","4.9, ","±20, ","3.5, ","77, ","55, ","~NA~, ","~NA~, ","~NA~, ","18, ","1150, ","3, ","18, ","600, ","25, ","WDFNW8 3.3x3.3, 0.65P (Full−Cut 8FL WF) ","1 ","260 ","0.6461 ",
"NVTFS004N04CTAG","Active, Not Rec","H Pb A P ","N-Channel, ","PowerTrench® T6, ","Power 33 (u8FL), ","Low-Medium Voltage, ","Standard, ","0, ","Single, ","0, ","40, ","4.9, ","±20, ","3.5, ","77, ","55, ","~NA~, ","~NA~, ","~NA~, ","18, ","1150, ","3, ","18, ","600, ","25, ","WDFN-8 / u8FL ","1 ","260 ","0.5153 ",
"NVTFS004N04CETAG","Active, Not Rec","H Pb A P ","N-Channel, ","PowerTrench® T6, ","Power 33 (u8FL), ","Low-Medium Voltage, ","Standard, ","~NA~, ","Single, ","NVTFWS4D9N04XMTAG, ","40, ","4.9, ","20, ","3.5, ","77, ","55, ","~NA~, ","~NA~, ","~NA~, ","18, ","1150, ","3, ","18, ","600, ","25, ","WDFN-8 / u8FL ","1 ","260 ","0.5975 ",
"NVTFS005N04CTAG","Active","H Pb A P ","N-Channel, ","PowerTrench® T6, ","Power 33 (u8FL), ","Low-Medium Voltage, ","Standard, ","0, ","Single, ","0, ","40, ","5.6, ","±20, ","3.5, ","69, ","50, ","~NA~, ","~NA~, ","~NA~, ","16, ","1000, ","~NA~, ","16, ","530, ","22, ","WDFN-8 / u8FL ","1 ","260 ","0.5482 ",
"NVTFWS005N04CTAG","Active","H Pb A P ","N-Channel, ","PowerTrench® T6, ","Power 33 (u8FL), ","Low-Medium Voltage, ","Standard, ","0, ","Single, ","0, ","40, ","5.6, ","20, ","3.5, ","69, ","50, ","~NA~, ","~NA~, ","~NA~, ","16, ","1000, ","~NA~, ","16, ","530, ","22, ","WDFNW8 3.3x3.3, 0.65P (Full−Cut 8FL WF) ","1 ","260 ","0.6095 ",
"NVTFS007N08HLTAG","Active","H Pb A P ","N-Channel, ","PowerTrench® T8, ","Power 33 (u8FL), ","Low-Medium Voltage, ","Logic, ","0, ","Single, ","0, ","80, ","7, ","20, ","3, ","71, ","79, ","NA, ","10.8, ","15.9, ","32.5, ","1810, ","5.6, ","40.3, ","227, ","14.1, ","WDFN-8 ","1 ","260 ","0.5211 ",
"NVTFWS007N08HLTAG","Active","H Pb A P ","N-Channel, ","PowerTrench® T8, ","Power 33 (u8FL), ","Low-Medium Voltage, ","Logic, ","0, ","Single, ","0, ","80, ","7, ","20, ","3, ","71, ","79, ","NA, ","10.8, ","15.9, ","32.5, ","1810, ","5.6, ","40.3, ","227, ","14.1, ","WDFNW8 3.30x3.30x0.75, 0.65P ","1 ","260 ","0.4984 ",
"NVTFS008N04CTAG","Active","H Pb A P ","N-Channel, ","PowerTrench® T6, ","Power 33 (u8FL), ","Low-Medium Voltage, ","Standard, ","0, ","Single, ","0, ","40, ","8.5, ","±20, ","3.5, ","48, ","38, ","~NA~, ","~NA~, ","~NA~, ","10, ","625, ","~NA~, ","11, ","335, ","15, ","WDFN-8 / u8FL ","1 ","260 ","0.4567 ",
"NVTFWS008N04CTAG","Active","H Pb A P ","N-Channel, ","PowerTrench® T6, ","Power 33 (u8FL), ","Low-Medium Voltage, ","Standard, ","0, ","Single, ","0, ","40, ","8.5, ","20, ","3.5, ","48, ","38, ","~NA~, ","~NA~, ","~NA~, ","10, ","625, ","~NA~, ","11, ","335, ","15, ","WDFNW8 3.3x3.3, 0.65P (Full−Cut 8FL WF) ","1 ","260 ","0.5223 ",
"NVTFS010N10MCLTAG","Active","H Pb A P ","N-Channel, ","PowerTrench® T8, ","Power 33 (u8FL), ","Low-Medium Voltage, ","Logic, ","0, ","Single, ","0, ","100, ","10.6, ","±20, ","3, ","57.8, ","77.8, ","N/A, ","15.9, ","10, ","22, ","1530, ","~NA~, ","79, ","625, ","10, ","WDFN-8 ","1 ","260 ","0.555 ",
"NVTFWS010N10MCLTAG","Active","H Pb A P ","N-Channel, ","PowerTrench® T8, ","Power 33 (u8FL), ","Low-Medium Voltage, ","Logic, ","0, ","Single, ","0, ","100, ","10.6, ","±20, ","3, ","57.8, ","77.8, ","N/A, ","15.9, ","10, ","22, ","1530, ","~NA~, ","79, ","625, ","10, ","WDFNW8 3.30x3.30x0.75, 0.65P ","1 ","260 ","0.5773 ",
"NVTFWS014P04M8LTAG","Active","H Pb A P ","P-Channel, ","PowerTrench® T1, ","Power 33 (u8FL), ","Low-Medium Voltage, ","Logic, ","0, ","Single, ","0, ","-40, ","13.8, ","±16, ","-2.4, ","-49, ","61, ","~NA~, ","18.7, ","12.5, ","26.5, ","1734, ","3.8, ","16.3, ","682, ","32, ","WDFNW8 3.3x3.3, 0.65P (Full−Cut 8FL WF) ","1 ","260 ","0.3506 ",
"NVTFS014P04M8LTAG","Active","H Pb A P ","P-Channel, ","PowerTrench® T1, ","Power 33 (u8FL), ","Low-Medium Voltage, ","Logic, ","0, ","Single, ","0, ","-40, ","13.8, ","±16, ","-2.4, ","-49, ","61, ","~NA~, ","18.7, ","12.5, ","26.5, ","1734, ","3.8, ","16.3, ","682, ","32, ","WDFN-8 / u8FL ","1 ","260 ","0.3627 ",
"NVTFWS015N04CTAG","Active","H Pb A P ","N-Channel, ","PowerTrench® T6, ","Power 33 (u8FL), ","Low-Medium Voltage, ","Standard, ","0, ","Single, ","0, ","40, ","17.3, ","±20, ","3.5, ","27, ","23, ","~NA~, ","~NA~, ","~NA~, ","6.3, ","325, ","~NA~, ","6, ","165, ","10, ","WDFNW8 3.3x3.3, 0.65P (Full−Cut 8FL WF) ","1 ","260 ","0.4257 ",
"NVTFS015N04CTAG","Active","H Pb A P ","N-Channel, ","PowerTrench® T6, ","Power 33 (u8FL), ","Low-Medium Voltage, ","Standard, ","0, ","Single, ","0, ","40, ","17.3, ","±20, ","3.5, ","27, ","23, ","~NA~, ","~NA~, ","~NA~, ","6.3, ","325, ","~NA~, ","6, ","165, ","10, ","WDFN-8 / u8FL ","1 ","260 ","0.3122 ",
"NVTFWS015P03P8ZTAG","Active","H Pb A P ","P-Channel, ","PowerTrench® T1, ","Power 33 (u8FL), ","Low-Medium Voltage, ","Logic, ","0, ","Single, ","0, ","-30, ","7.5, ","25, ","-3, ","-88.6, ","88.2, ","~NA~, ","12, ","37, ","62.3, ","2706, ","21.7, ","29, ","907, ","875, ","WDFNW8 3.3x3.3, 0.65P (Full−Cut 8FL WF) ","1 ","260 ","0.4263 ",
"NVTFWS016N06CTAG","Active","H Pb A P ","N-Channel, ","PowerTrench® T6, ","Power 33 (u8FL), ","Low-Medium Voltage, ","Standard, ","0, ","Single, ","0, ","60, ","16.3, ","±20, ","4, ","32, ","36, ","~NA~, ","~NA~, ","~NA~, ","6.9, ","489, ","~NA~, ","15, ","319, ","5.7, ","WDFNW8 3.3x3.3, 0.65P (Full−Cut 8FL WF) ","1 ","260 ","0.512 ",
"NVTFS016N06CTAG","Active","H Pb A P ","N-Channel, ","PowerTrench® T6, ","Power 33 (u8FL), ","Low-Medium Voltage, ","Standard, ","0, ","Single, ","0, ","60, ","16.3, ","±20, ","4, ","32, ","36, ","~NA~, ","~NA~, ","~NA~, ","6.9, ","489, ","~NA~, ","15, ","319, ","5.7, ","WDFN-8 / u8FL ","1 ","260 ","0.4424 ",
"NVTFS020N06CTAG","Active","H Pb A P ","N-Channel, ","PowerTrench® T6, ","Power 33 (u8FL), ","Low-Medium Voltage, ","Standard, ","0, ","Single, ","0, ","60, ","20.3, ","±20, ","4, ","27, ","31, ","~NA~, ","~NA~, ","~NA~, ","5.8, ","355, ","~NA~, ","12, ","260, ","4.9, ","WDFN-8 / u8FL ","1 ","260 ","0.404 ",
"NVTFWS020N06CTAG","Active","H Pb A P ","N-Channel, ","PowerTrench® T6, ","Power 33 (u8FL), ","Low-Medium Voltage, ","Standard, ","0, ","Single, ","0, ","60, ","20.3, ","±20, ","4, ","27, ","31, ","~NA~, ","~NA~, ","~NA~, ","5.8, ","355, ","~NA~, ","12, ","260, ","4.9, ","WDFNW8 3.3x3.3, 0.65P (Full−Cut 8FL WF) ","1 ","260 ","0.4786 ",
"NVTFS024N06CTAG","Active","H Pb A P ","N-Channel, ","PowerTrench® T6, ","Power 33 (u8FL), ","Low-Medium Voltage, ","Standard, ","0, ","Single, ","0, ","60, ","22.6, ","±20, ","4, ","24, ","28, ","~NA~, ","~NA~, ","~NA~, ","5.7, ","333, ","~NA~, ","11, ","225, ","5.05, ","WDFN-8 / u8FL ","1 ","260 ","0.3915 ",
"NVTFWS024N06CTAG","Active","H Pb A P ","N-Channel, ","PowerTrench® T6, ","Power 33 (u8FL), ","Low-Medium Voltage, ","Standard, ","0, ","Single, ","0, ","60, ","22.6, ","±20, ","4, ","24, ","28, ","~NA~, ","~NA~, ","~NA~, ","5.7, ","333, ","~NA~, ","11, ","225, ","5.05, ","WDFNW8 3.3x3.3, 0.65P (Full−Cut 8FL WF) ","1 ","260 ","0.4601 ",
"NVTFS027N10MCLTAG","Active","H Pb A P ","N-Channel, ","PowerTrench® T8, ","Power 33 (u8FL), ","Low-Medium Voltage, ","Logic, ","0, ","Single, ","0, ","100, ","26, ","20, ","3, ","28, ","46, ","~NA~, ","35, ","5.5, ","11.5, ","800, ","1.2, ","17, ","300, ","4, ","WDFN-8 / u8FL ","1 ","260 ","0.2515 ",
"NVTFWS027N10MCLTAG","Active","H Pb A P ","N-Channel, ","PowerTrench® T8, ","Power 33 (u8FL), ","Low-Medium Voltage, ","Logic, ","0, ","Single, ","0, ","100, ","26, ","20, ","3, ","28, ","46, ","~NA~, ","35, ","5.5, ","11.5, ","800, ","1.2, ","17, ","300, ","4, ","WDFNW8 3.3x3.3, 0.65P (Full−Cut 8FL WF) ","1 ","250 ","0.3458 ",
"NVTFS030N06CTAG","Active","H Pb A P ","N-Channel, ","PowerTrench® T6, ","Power 33 (u8FL), ","Low-Medium Voltage, ","Standard, ","0, ","Single, ","0, ","60, ","29.7, ","±20, ","4, ","19, ","23, ","~NA~, ","~NA~, ","~NA~, ","4.7, ","255, ","~NA~, ","9.7, ","173, ","4.4, ","WDFN-8 / u8FL ","1 ","260 ","0.3635 ",
"NVTFWS030N06CTAG","Active","H Pb A P ","N-Channel, ","PowerTrench® T6, ","Power 33 (u8FL), ","Low-Medium Voltage, ","Standard, ","0, ","Single, ","0, ","60, ","29.7, ","±20, ","4, ","19, ","23, ","~NA~, ","~NA~, ","~NA~, ","4.7, ","255, ","~NA~, ","9.7, ","173, ","4.4, ","WDFNW8 3.3x3.3, 0.65P (Full−Cut 8FL WF) ","1 ","260 ","0.4321 ",
"NVTFWS040N10MCLTAG","Active","H Pb A P ","N-Channel, ","PowerTrench® T8, ","Power 33 (u8FL), ","Low-Medium Voltage, ","Logic, ","0, ","Single, ","0, ","100, ","38, ","20, ","3, ","21, ","36, ","~NA~, ","53, ","4.1, ","8.6, ","520, ","~NA~, ","12, ","200, ","3.2, ","WDFNW8 3.3x3.3, 0.65P (Full−Cut 8FL WF) ","1 ","260 ","0.3389 ",
"NVTFS040N10MCLTAG","Active","H Pb A P ","N-Channel, ","PowerTrench® T8, ","Power 33 (u8FL), ","Low-Medium Voltage, ","Logic, ","0, ","Single, ","0, ","100, ","38, ","20, ","3, ","21, ","36, ","~NA~, ","53, ","4.1, ","8.6, ","520, ","~NA~, ","12, ","200, ","3.2, ","WDFN-8 / u8FL ","1 ","260 ","0.2377 ",
"NVTFS052P04M8LTAG","Active","H Pb A P ","P-Channel, ","PowerTrench® T1, ","Power 33 (u8FL), ","Low-Medium Voltage, ","Logic, ","0, ","Single, ","0, ","-40, ","69, ","±20, ","-2.4, ","-13.2, ","23, ","~NA~, ","100, ","3, ","6.3, ","424, ","~NA~, ","9.1, ","161, ","9.3, ","WDFN-8 / u8FL ","1 ","260 ","0.2769 ",
"NVTFS070N10MCLTAG","Active","H Pb A P ","N-Channel, ","PowerTrench® T8, ","Power 33 (u8FL), ","Low-Medium Voltage, ","Logic, ","0, ","Single, ","0, ","100, ","65, ","20, ","3, ","13, ","25, ","~NA~, ","90, ","2.5, ","5.5, ","305, ","~NA~, ","8, ","135, ","1.9, ","WDFN-8 / u8FL ","1 ","260 ","0.1921 ",
"NVTFWS070N10MCLTAG","Active","H Pb A P ","N-Channel, ","PowerTrench® T8, ","Power 33 (u8FL), ","Low-Medium Voltage, ","Logic, ","0, ","Single, ","0, ","100, ","65, ","20, ","3, ","13, ","25, ","~NA~, ","90, ","2.5, ","5.5, ","305, ","~NA~, ","8, ","135, ","1.9, ","WDFNW8 3.3x3.3, 0.65P (Full−Cut 8FL WF) ","1 ","260 ","0.296 ",
"NVTFS4C02NTAG","Active","H Pb A P ","N-Channel, ","PowerTrench® T6, ","Power 33 (u8FL), ","Low-Medium Voltage, ","Logic, ","0, ","Single, ","0, ","30, ","2.25, ","±20, ","2.2, ","162, ","3.2, ","~NA~, ","3.1, ","20, ","45, ","2980, ","4, ","28, ","1200, ","0.018, ","WDFN-8 / u8FL ","1 ","260 ","0.8752 ",
"NVTFS4C02NWFTAG","Active","H Pb A P ","N-Channel, ","PowerTrench® T6, ","Power 33 (u8FL), ","Low-Medium Voltage, ","Logic, ","0, ","Single, ","0, ","30, ","2.25, ","±20, ","2.2, ","162, ","3.2, ","~NA~, ","3.1, ","20, ","45, ","2980, ","4, ","28, ","1200, ","0.018, ","WDFNW8 3.3x3.3, 0.65P (Full−Cut 8FL WF) ","1 ","260 ","0.9911 ",
"NVTFS4C05NWFTAG","Active","H Pb A P ","N-Channel, ","PowerTrench® T6, ","Power 33 (u8FL), ","Low-Medium Voltage, ","Logic, ","0, ","Single, ","0, ","30, ","3.6, ","20, ","2.2, ","102, ","68, ","-, ","5.1, ","8.4, ","31, ","1988, ","5.5, ","34.4, ","1224, ","71, ","WDFNW8 3.3x3.3, 0.65P ","1 ","260 ","0.7166 ",
"NVTFS4C305NETAG","Active","H Pb A P ","N-Channel, ","PowerTrench® T6, ","Power 33 (u8FL), ","Low-Medium Voltage, ","Logic, ","0, ","Single, ","0, ","30, ","3.6, ","20, ","2.2, ","102, ","68, ","~NA~, ","5.1, ","8.4, ","31, ","1988, ","5.5, ","34.4, ","1224, ","71, ","WDFN-8 / u8FL ","1 ","260 ","0.7104 ",
"NVTFS4C05NTAG","Active, Not Rec","H Pb A P ","N-Channel, ","PowerTrench® T6, ","Power 33 (u8FL), ","Low-Medium Voltage, ","Logic, ","0, ","Single, ","0, ","30, ","3.6, ","20, ","2.2, ","102, ","68, ","-, ","5.1, ","8.4, ","31, ","1988, ","5.5, ","34.4, ","1224, ","71, ","WDFN-8 / u8FL ","1 ","260 ","0.6127 ",
"NVTFS4C306NTAG","Active","H Pb A P ","N-Channel, ","PowerTrench® T6, ","Power 33 (u8FL), ","Low-Medium Voltage, ","Logic, ","0, ","Single, ","0, ","30, ","4.2, ","20, ","2.2, ","71, ","37, ","~NA~, ","6.1, ","10.1, ","26, ","1683, ","4.5, ","22, ","841, ","40, ","WDFN-8 / u8FL ","1 ","260 ","0.3132 ",
"NVTFS4C06NTAG","Active, Not Rec","H Pb A P ","N-Channel, ","PowerTrench® T6, ","Power 33 (u8FL), ","Low-Medium Voltage, ","Logic, ","0, ","Single, ","0, ","30, ","4.2, ","20, ","2.2, ","71, ","37, ","-, ","6.1, ","10.1, ","26, ","1683, ","4.5, ","22, ","841, ","40, ","WDFN-8 / u8FL ","1 ","260 ","0.566 ",
"NVTFS4C06NTWG","Active, Not Rec","H Pb A P ","N-Channel, ","PowerTrench® T6, ","Power 33 (u8FL), ","Low-Medium Voltage, ","Logic, ","0, ","Single, ","0, ","30, ","4.2, ","20, ","2.2, ","71, ","37, ","-, ","6.1, ","10.1, ","26, ","1683, ","4.5, ","22, ","841, ","40, ","WDFN-8 / u8FL ","1 ","260 ","0.566 ",
"NVTFS4C308NTAG","Active","H Pb A P ","N-Channel, ","PowerTrench® T6, ","Power 33 (u8FL), ","Low-Medium Voltage, ","Logic, ","0, ","Single, ","0, ","30, ","5.9, ","20, ","2.2, ","55, ","31, ","~NA~, ","9, ","7.8, ","18.2, ","1113, ","3.3, ","15.3, ","702, ","39, ","WDFN-8 / u8FL ","1 ","260 ","0.2643 ",
"NVTFS4C08NTWG","Active, Not Rec","H Pb A P ","N-Channel, ","PowerTrench® T6, ","Power 33 (u8FL), ","Low-Medium Voltage, ","Logic, ","0, ","Single, ","0, ","30, ","5.9, ","20, ","2.2, ","55, ","31, ","-, ","9, ","7.8, ","18.2, ","1113, ","3.3, ","15.3, ","702, ","39, ","WDFN-8 / u8FL ","1 ","260 ","0.4352 ",
"NVTFS4C08NTAG","Consult Sales Office","H Pb A P ","N-Channel, ","PowerTrench® T6, ","Power 33 (u8FL), ","Low-Medium Voltage, ","Logic, ","0, ","Single, ","0, ","30, ","5.9, ","20, ","2.2, ","55, ","31, ","-, ","9, ","7.8, ","18.2, ","1113, ","3.3, ","15.3, ","702, ","39, ","WDFN-8 / u8FL ","1 ","260 ","0.4382 ",
"NVTFS4C10NWFTAG","Active","H Pb A P ","N-Channel, ","PowerTrench® T6, ","Power 33 (u8FL), ","Low-Medium Voltage, ","Logic, ","0, ","Single, ","0, ","30, ","7.4, ","20, ","2.2, ","47, ","47, ","-, ","11, ","5.1, ","19.2, ","993, ","6.1, ","8.3, ","574, ","163, ","WDFNW8 3.3x3.3, 0.65P (Full−Cut 8FL WF) ","1 ","260 ","0.5265 ",
"NVTFS4C13NETAG","Active","H Pb A P ","N-Channel, ","PowerTrench® T6, ","Power 56 (SO-8FL), ","Low-Medium Voltage, ","Logic, ","0, ","Single, ","0, ","30, ","9.4, ","20, ","2.1, ","40, ","26, ","~NA~, ","14, ","16, ","15.2, ","770, ","3.7, ","9.7, ","443, ","127, ","WDFN-8 / u8FL ","1 ","260 ","0.1852 ",
"NVTFS4C13NWFETWG","Active","H Pb A P ","N-Channel, ","PowerTrench® T6, ","Power 33 (u8FL), ","Low-Medium Voltage, ","Logic, ","0, ","Single, ","0, ","30, ","9.4, ","20, ","2.1, ","40, ","26, ","~NA~, ","14, ","16, ","15.2, ","770, ","3.7, ","9.7, ","443, ","127, ","WDFNW8 3.3x3.3, 0.65P ","1 ","260 ","0.1932 ",
"NVTFS4C13NTWG","Active, Not Rec","H Pb A P ","N-Channel, ","PowerTrench® T6, ","Power 33 (u8FL), ","Low-Medium Voltage, ","Logic, ","0, ","Single, ","0, ","30, ","9.4, ","20, ","2.1, ","40, ","26, ","~NA~, ","14, ","16, ","15.2, ","770, ","3.7, ","9.7, ","443, ","127, ","WDFN-8 / u8FL ","1 ","260 ","0.3471 ",
"NVTFS4C13NTAG","Active, Not Rec","H Pb A P ","N-Channel, ","PowerTrench® T6, ","Power 33 (u8FL), ","Low-Medium Voltage, ","Logic, ","0, ","Single, ","0, ","30, ","9.4, ","20, ","2.1, ","40, ","26, ","~NA~, ","14, ","16, ","15.2, ","770, ","3.7, ","9.7, ","443, ","127, ","WDFN-8 / u8FL ","1 ","260 ","0.3396 ",
"NVTFS4C13NWFTWG","Active, Not Rec","H Pb A P ","N-Channel, ","PowerTrench® T6, ","Power 33 (u8FL), ","Low-Medium Voltage, ","Logic, ","0, ","Single, ","0, ","30, ","9.4, ","20, ","2.1, ","40, ","26, ","~NA~, ","14, ","16, ","15.2, ","770, ","3.7, ","9.7, ","443, ","127, ","WDFNW8 3.3x3.3, 0.65P ","1 ","260 ","0.4574 ",
"NVTFS4C13NWFTAG","Active, Not Rec","H Pb A P ","N-Channel, ","PowerTrench® T6, ","Power 33 (u8FL), ","Low-Medium Voltage, ","Logic, ","0, ","Single, ","0, ","30, ","9.4, ","20, ","2.1, ","40, ","26, ","~NA~, ","14, ","16, ","15.2, ","770, ","3.7, ","9.7, ","443, ","127, ","WDFNW8 3.3x3.3, 0.65P ","1 ","260 ","0.4569 ",
"NVTFS4C25NWFTAG","Active","H Pb A P ","N-Channel, ","PowerTrench® T6, ","Power 33 (u8FL), ","Low-Medium Voltage, ","Logic, ","0, ","Single, ","0, ","30, ","17, ","20, ","2.2, ","22.1, ","14.3, ","-, ","26.5, ","6.9, ","10.3, ","500, ","2.7, ","5.7, ","295, ","85, ","WDFN-8 / u8FL ","1 ","260 ","0.4147 ",
"NVTFS4C25NTAG","Active, Not Rec","H Pb A P ","N-Channel, ","PowerTrench® T6, ","Power 33 (u8FL), ","Low-Medium Voltage, ","Logic, ","0, ","Single, ","0, ","30, ","17, ","20, ","2.2, ","22.1, ","14.3, ","-, ","26.5, ","6.9, ","10.3, ","500, ","2.7, ","5.7, ","295, ","85, ","WDFN-8 / u8FL ","1 ","260 ","0.2845 ",
"NVTFS5116PLWFTAG","Active","H Pb A P ","P-Channel, ","PowerTrench® T1, ","Power 33 (u8FL), ","Low-Medium Voltage, ","Logic, ","0, ","Single, ","0, ","-60, ","52, ","20, ","-3, ","-14, ","21, ","-, ","72, ","0.9, ","25, ","1258, ","8, ","24, ","127, ","84, ","WDFNW8 3.3x3.3, 0.65P (Full−Cut 8FL WF) ","1 ","260 ","0.5216 ",
"NVTFS5116PLTAG","Active","H Pb A P ","P-Channel, ","PowerTrench® T1, ","Power 33 (u8FL), ","Low-Medium Voltage, ","Logic, ","0, ","Single, ","0, ","-60, ","52, ","20, ","-3, ","-14, ","21, ","-, ","72, ","0.9, ","25, ","1258, ","8, ","24, ","127, ","84, ","WDFN-8 / u8FL ","1 ","260 ","0.3092 ",
"NVTFS5116PLWFTWG","Active","H Pb A P ","P-Channel, ","PowerTrench® T1, ","Power 33 (u8FL), ","Low-Medium Voltage, ","Logic, ","0, ","Single, ","0, ","-60, ","52, ","20, ","-3, ","-14, ","21, ","-, ","72, ","0.9, ","25, ","1258, ","8, ","24, ","127, ","84, ","WDFNW8 3.3x3.3, 0.65P (Full−Cut 8FL WF) ","1 ","260 ","0.5216 ",
"NVTFS5116PLTWG","Active","H Pb A P ","P-Channel, ","PowerTrench® T1, ","Power 33 (u8FL), ","Low-Medium Voltage, ","Logic, ","0, ","Single, ","0, ","-60, ","52, ","20, ","-3, ","-14, ","21, ","-, ","72, ","0.9, ","25, ","1258, ","8, ","24, ","127, ","84, ","WDFN-8 / u8FL ","1 ","260 ","0.4001 ",
"NVTFS5124PLWFTAG","Active","H Pb A P ","P-Channel, ","PowerTrench® T1, ","Power 33 (u8FL), ","Low-Medium Voltage, ","Logic, ","0, ","Single, ","0, ","-60, ","260, ","20, ","-2.5, ","-8, ","18, ","-, ","380, ","5500, ","6, ","250, ","1.9, ","19, ","27, ","17, ","WDFN-8 / u8FL ","1 ","260 ","0.2947 ",
"NVTFS5124PLTWG","Active","H Pb A P ","P-Channel, ","PowerTrench® T1, ","Power 33 (u8FL), ","Low-Medium Voltage, ","Logic, ","0, ","Single, ","0, ","-60, ","260, ","20, ","-2.5, ","-8, ","18, ","-, ","380, ","5500, ","6, ","250, ","1.9, ","19, ","27, ","17, ","WDFN-8 / u8FL ","1 ","260 ","0.2259 ",
"NVTFS5124PLTAG","Active","H Pb A P ","P-Channel, ","PowerTrench® T1, ","Power 33 (u8FL), ","Low-Medium Voltage, ","Logic, ","0, ","Single, ","0, ","-60, ","260, ","20, ","-2.5, ","-8, ","18, ","-, ","380, ","5500, ","6, ","250, ","1.9, ","19, ","27, ","17, ","WDFN-8 / u8FL ","1 ","260 ","0.2462 ",
"NVTFS5826NLWFTWG-UM","Active","H Pb A P ","N-Channel, ","PowerTrench® T1, ","Power 33 (u8FL), ","Low-Medium Voltage, ","Logic, ","0, ","Single, ","0, ","60, ","-, ","-, ","-, ","-, ","-, ","-, ","-, ","-, ","-, ","-, ","-, ","-, ","-, ","-, ","WDFNW8 3.3x3.3, 0.65P (Full−Cut 8FL WF) ","1 ","260 ","0.4164 ",
"NVTFS5C453NLETAG","Active","H Pb A P ","N-Channel, ","PowerTrench® T6, ","Power 33 (u8FL), ","Low-Medium Voltage, ","Logic, ","0, ","Single, ","0, ","40, ","3.1, ","20, ","2, ","107, ","68, ","~NA~, ","5.2, ","16, ","35, ","2100, ","5, ","30, ","1000, ","42, ","WDFN-8 / u8FL ","1 ","260 ","0.7126 ",
"NVTFS5C453NLWFTAG","Active","H Pb A P ","N-Channel, ","PowerTrench® T6, ","Power 33 (u8FL), ","Low-Medium Voltage, ","Logic, ","0, ","Single, ","0, ","40, ","3.1, ","20, ","2, ","107, ","68, ","~NA~, ","5.2, ","16, ","35, ","2100, ","5, ","30, ","1000, ","42, ","WDFNW8 3.3x3.3, 0.65P ","1 ","260 ","0.6755 ",
"NVTFS5C453NLWFETAG","Active","H Pb A P ","N-Channel, ","PowerTrench® T6, ","Power 33 (u8FL), ","Low-Medium Voltage, ","Logic, ","0, ","Single, ","0, ","40, ","3.1, ","20, ","2, ","107, ","68, ","~NA~, ","5.2, ","16, ","35, ","2100, ","5, ","30, ","1000, ","42, ","WDFNW8 3.3x3.3, 0.65P ","1 ","260 ","0.7832 ",
"NVTFS5C454NLWFTAG","Active","H Pb A P ","N-Channel, ","PowerTrench® T6, ","Power 33 (u8FL), ","Low-Medium Voltage, ","Logic, ","0, ","Single, ","0, ","40, ","4, ","20, ","2, ","85, ","55, ","-, ","6.9, ","5.5, ","18, ","1600, ","8.2, ","20, ","590, ","21, ","WDFNW8 3.3x3.3, 0.65P (Full−Cut 8FL WF) ","1 ","260 ","0.624 ",
"NVTFS5C454NLTAG","Active","H Pb A P ","N-Channel, ","PowerTrench® T6, ","Power 33 (u8FL), ","Low-Medium Voltage, ","Logic, ","0, ","Single, ","0, ","40, ","4, ","20, ","2, ","85, ","55, ","-, ","6.9, ","5.5, ","18, ","1600, ","8.2, ","20, ","590, ","21, ","WDFN-8 / u8FL ","1 ","260 ","0.54 ",
"NVTFS5C460NLTAG","Active","H Pb A P ","N-Channel, ","PowerTrench® T6, ","Power 33 (u8FL), ","Low-Medium Voltage, ","Logic, ","0, ","Single, ","0, ","40, ","4.8, ","±20, ","2, ","74, ","50, ","~NA~, ","7.6, ","~NA~, ","11, ","1300, ","~NA~, ","12, ","530, ","22, ","WDFN-8 / u8FL ","1 ","260 ","0.4674 ",
"NVTFS5C460NLWFTAG","Active","H Pb A P ","N-Channel, ","PowerTrench® T6, ","Power 33 (u8FL), ","Low-Medium Voltage, ","Logic, ","0, ","Single, ","0, ","40, ","4.8, ","±20, ","2, ","74, ","50, ","~NA~, ","7.6, ","~NA~, ","11, ","1300, ","~NA~, ","12, ","530, ","22, ","WDFNW8 3.3x3.3, 0.65P (Full−Cut 8FL WF) ","1 ","260 ","0.6885 ",
"NVTFS5C466NLWFETAG","Active","H Pb A P ","N-Channel, ","PowerTrench® T6, ","Power 33 (u8FL), ","Low-Medium Voltage, ","Logic, ","0, ","Single, ","0, ","40, ","7.3, ","20, ","2, ","51, ","38, ","~NA~, ","12, ","~NA~, ","16, ","880, ","2.5, ","6, ","335, ","13, ","WDFNW8 3.3x3.3, 0.65P ","1 ","260 ","0.5925 ",
"NVTFS5C466NLETAG","Active","H Pb A P ","N-Channel, ","PowerTrench® T6, ","Power 33 (u8FL), ","Low-Medium Voltage, ","Logic, ","0, ","Single, ","0, ","40, ","7.3, ","20, ","2, ","51, ","38, ","~NA~, ","12, ","~NA~, ","16, ","880, ","2.5, ","6, ","355, ","13, ","WDFN-8 / u8FL ","1 ","260 ","0.5595 ",
"NVTFS5C471NLWFTAG","Active","H Pb A P ","N-Channel, ","PowerTrench® T6, ","Power 33 (u8FL), ","Low-Medium Voltage, ","Logic, ","0, ","Single, ","0, ","40, ","9, ","20, ","2, ","41, ","30, ","-, ","15.5, ","5.5, ","12, ","660, ","1.8, ","10, ","270, ","12, ","WDFNW8 3.3x3.3, 0.65P (Full−Cut 8FL WF) ","1 ","260 ","0.5581 ",
"NVTFS5C471NLTAG","Active","H Pb A P ","N-Channel, ","PowerTrench® T6, ","Power 33 (u8FL), ","Low-Medium Voltage, ","Logic, ","0, ","Single, ","0, ","40, ","9, ","20, ","2, ","41, ","30, ","-, ","15.5, ","5.5, ","12, ","660, ","1.8, ","10, ","270, ","12, ","WDFN-8 / u8FL ","1 ","260 ","0.3386 ",
"NVTFS5C478NLWFTAG","Active","H Pb A P ","N-Channel, ","PowerTrench® T6, ","Power 33 (u8FL), ","Low-Medium Voltage, ","Logic, ","0, ","Single, ","0, ","40, ","14, ","20, ","2, ","26, ","20, ","-, ","25, ","9, ","8, ","400, ","1.2, ","5, ","170, ","8, ","WDFNW8 3.3x3.3, 0.65P (Full−Cut 8FL WF) ","1 ","260 ","0.4463 ",
"NVTFS5C478NLTAG","Active","H Pb A P ","N-Channel, ","PowerTrench® T6, ","Power 33 (u8FL), ","Low-Medium Voltage, ","Logic, ","0, ","Single, ","0, ","40, ","14, ","20, ","2, ","26, ","20, ","-, ","25, ","9, ","8, ","400, ","1.2, ","5, ","170, ","8, ","WDFN-8 / u8FL ","1 ","260 ","0.3608 ",
"NVTFS5C658NLWFTAG","Active","H Pb A P ","N-Channel, ","PowerTrench® T6, ","Power 33 (u8FL), ","Low-Medium Voltage, ","Logic, ","0, ","Single, ","0, ","60, ","5, ","±20, ","2.2, ","109, ","114, ","~NA~, ","7.3, ","12, ","27, ","1935, ","2.4, ","15, ","890, ","16, ","WDFNW8 3.3x3.3, 0.65P (Full−Cut 8FL WF) ","1 ","260 ","0.6685 ",
"NVTFS5C658NLTAG","Active","H Pb A P ","N-Channel, ","PowerTrench® T6, ","Power 33 (u8FL), ","Low-Medium Voltage, ","Logic, ","0, ","Single, ","0, ","60, ","5, ","±20, ","2.2, ","109, ","114, ","~NA~, ","7.3, ","12, ","27, ","1935, ","2.4, ","15, ","890, ","16, ","WDFN-8 / u8FL ","1 ","260 ","0.6086 ",
"NVTFS5C670NLWFTAG","Active","H Pb A P ","N-Channel, ","PowerTrench® T6, ","Power 33 (u8FL), ","Low-Medium Voltage, ","Logic, ","0, ","Single, ","0, ","60, ","6.8, ","±20, ","2, ","70, ","63, ","~NA~, ","10, ","9, ","20, ","1400, ","~NA~, ","19, ","690, ","15, ","WDFNW8 3.3x3.3, 0.65P (Full−Cut 8FL WF) ","1 ","260 ","0.7365 ",
"NVTFS5C670NLTAG","Active","H Pb A P ","N-Channel, ","PowerTrench® T6, ","Power 33 (u8FL), ","Low-Medium Voltage, ","Logic, ","0, ","Single, ","0, ","60, ","6.8, ","±20, ","2, ","70, ","63, ","~NA~, ","10, ","9, ","20, ","1400, ","~NA~, ","19, ","690, ","15, ","WDFN-8 / u8FL ","1 ","260 ","0.564 ",
"NVTFS5C673NLWFTAG","Active","H Pb A P ","N-Channel, ","PowerTrench® T6, ","Power 33 (u8FL), ","Low-Medium Voltage, ","Logic, ","0, ","Single, ","0, ","60, ","9.8, ","±20, ","2, ","50, ","46, ","~NA~, ","15, ","-, ","9.5, ","880, ","~NA~, ","18, ","450, ","11, ","WDFNW8 3.3x3.3, 0.65P (Full−Cut 8FL WF) ","1 ","260 ","0.5697 ",
"NVTFS5C673NLTAG","Active","H Pb A P ","N-Channel, ","PowerTrench® T6, ","Power 33 (u8FL), ","Low-Medium Voltage, ","Logic, ","0, ","Single, ","0, ","60, ","9.8, ","±20, ","2, ","50, ","46, ","~NA~, ","15, ","-, ","9.5, ","880, ","~NA~, ","18, ","450, ","11, ","WDFN-8 / u8FL ","1 ","260 ","0.4663 ",
"NVTFS5C680NLWFETAG","Active","H Pb A P ","N-Channel, ","PowerTrench® T6, ","Power 33 (u8FL), ","Low-Medium Voltage, ","Logic, ","0, ","Single, ","0, ","60, ","26.5, ","20, ","2, ","20, ","20, ","-, ","42.5, ","14, ","5, ","327, ","0.8, ","7, ","161, ","6, ","WDFNW8 3.3x3.3, 0.65P ","1 ","260 ","0.1896 ",
"NVTFS5C680NLTAG","Active","H Pb A P ","N-Channel, ","PowerTrench® T6, ","Power 33 (u8FL), ","Low-Medium Voltage, ","Logic, ","0, ","Single, ","0, ","60, ","26.5, ","20, ","2, ","20, ","20, ","-, ","42.5, ","14, ","5, ","327, ","0.8, ","7, ","161, ","6, ","WDFN-8 / u8FL ","1 ","260 ","0.3021 ",
"NVTFS5C680NLWFTAG","Active, Not Rec","H Pb A P ","N-Channel, ","PowerTrench® T6, ","Power 33 (u8FL), ","Low-Medium Voltage, ","Logic, ","0, ","Single, ","0, ","60, ","26.5, ","20, ","2, ","20, ","20, ","-, ","42.5, ","14, ","5, ","327, ","0.8, ","7, ","161, ","6, ","WDFNW8 3.3x3.3, 0.65P ","1 ","260 ","0.3925 ",
"NVTFS6H850NTAG","Active","H Pb A P ","N-Channel, ","PowerTrench® T8, ","Power 33 (u8FL), ","Low-Medium Voltage, ","Standard, ","0, ","Single, ","0, ","80, ","9.5, ","±20, ","4, ","68, ","3.2, ","~NA~, ","~NA~, ","~NA~, ","19, ","1140, ","3.7, ","40, ","175, ","10, ","WDFN-8 / u8FL ","1 ","260 ","0.3598 ",
"NVTFS6H850NWFTAG","Active","H Pb A P ","N-Channel, ","PowerTrench® T8, ","Power 33 (u8FL), ","Low-Medium Voltage, ","Standard, ","0, ","Single, ","0, ","80, ","9.5, ","±20, ","4, ","68, ","3.2, ","~NA~, ","~NA~, ","~NA~, ","19, ","1140, ","3.7, ","40, ","175, ","10, ","WDFNW8 3.3x3.3, 0.65P (Full−Cut 8FL WF) ","1 ","260 ","0.4158 ",
"NVTFS6H850NLTAG","Active","H Pb A P ","N-Channel, ","PowerTrench® T8, ","Power 33 (u8FL), ","Low-Medium Voltage, ","Logic, ","0, ","Single, ","0, ","80, ","8.6, ","±20, ","2, ","64, ","73, ","~NA~, ","11, ","13, ","26, ","1450, ","4.2, ","40, ","182, ","10, ","WDFN-8 / u8FL ","1 ","260 ","0.5307 ",
"NVTFS6H850NLWFTAG","Active","H Pb A P ","N-Channel, ","PowerTrench® T8, ","Power 33 (u8FL), ","Low-Medium Voltage, ","Logic, ","0, ","Single, ","0, ","80, ","8.6, ","±20, ","2, ","64, ","73, ","~NA~, ","11, ","13, ","26, ","1450, ","4.2, ","40, ","182, ","10, ","WDFNW8 3.3x3.3, 0.65P (Full−Cut 8FL WF) ","1 ","260 ","0.5307 ",
"NVTFS6H854NTAG","Active","H Pb A P ","N-Channel, ","PowerTrench® T8, ","Power 33 (u8FL), ","Low-Medium Voltage, ","Standard, ","0, ","Single, ","0, ","80, ","14.5, ","±20, ","4, ","48, ","68, ","~NA~, ","~NA~, ","~NA~, ","13, ","770, ","2.3, ","29, ","113, ","5.4, ","WDFN-8 / u8FL ","1 ","260 ","0.3528 ",
"NVTFS6H854NWFTAG","Active","H Pb A P ","N-Channel, ","PowerTrench® T8, ","Power 33 (u8FL), ","Low-Medium Voltage, ","Standard, ","0, ","Single, ","0, ","80, ","14.5, ","±20, ","4, ","48, ","68, ","~NA~, ","~NA~, ","~NA~, ","13, ","770, ","2.3, ","29, ","113, ","5.4, ","WDFNW8 3.3x3.3, 0.65P (Full−Cut 8FL WF) ","1 ","260 ","0.3528 ",
"NVTFS6H854NLTAG","Active","H Pb A P ","N-Channel, ","PowerTrench® T8, ","Power 33 (u8FL), ","Low-Medium Voltage, ","Logic, ","0, ","Single, ","0, ","80, ","13.4, ","±20, ","2, ","41, ","54, ","N/A, ","17.3, ","8, ","17, ","902, ","2.9, ","25, ","118, ","7, ","WDFN-8 / u8FL ","1 ","260 ","0.463 ",
"NVTFS6H854NLWFTAG","Active","H Pb A P ","N-Channel, ","PowerTrench® T8, ","Power 33 (u8FL), ","Low-Medium Voltage, ","Logic, ","0, ","Single, ","0, ","80, ","13.4, ","±20, ","2, ","41, ","54, ","N/A, ","17.3, ","8, ","17, ","902, ","2.9, ","25, ","118<sup></sup>, ","7, ","WDFNW8 3.3x3.3, 0.65P (Full−Cut 8FL WF) ","1 ","260 ","0.463 ",
"NVTFS6H860NTAG","Active","H Pb A P ","N-Channel, ","PowerTrench® T8, ","Power 33 (u8FL), ","Low-Medium Voltage, ","Standard, ","0, ","Single, ","0, ","80, ","21.1, ","±20, ","4, ","33, ","46, ","~NA~, ","~NA~, ","~NA~, ","8.7, ","510, ","1.6, ","24, ","78, ","4.2, ","WDFN-8 / u8FL ","1 ","260 ","0.1927 ",
"NVTFS6H860NLWFTAG","Active","H Pb A P ","N-Channel, ","PowerTrench® T8, ","Power 33 (u8FL), ","Low-Medium Voltage, ","Logic, ","0, ","Single, ","0, ","80, ","20, ","±20, ","2, ","30, ","42, ","~NA~, ","26, ","1, ","12, ","610, ","2, ","21, ","83, ","5, ","WDFNW8 3.3x3.3, 0.65P (Full−Cut 8FL WF) ","1 ","260 ","0.3925 ",
"NVTFS6H860NLTAG","Active","H Pb A P ","N-Channel, ","PowerTrench® T8, ","Power 33 (u8FL), ","Low-Medium Voltage, ","Logic, ","0, ","Single, ","0, ","80, ","20, ","±20, ","2, ","30, ","42, ","~NA~, ","26, ","1, ","12, ","610, ","2, ","21, ","83, ","5, ","WDFN-8 / u8FL ","1 ","260 ","0.3925 ",
"NVTFS6H880NTAG","Active","H Pb A P ","N-Channel, ","PowerTrench® T8, ","Power 33 (u8FL), ","Low-Medium Voltage, ","Standard, ","0, ","Single, ","0, ","80, ","32, ","±20, ","4, ","22, ","31, ","~NA~, ","~NA~, ","~NA~, ","6.9, ","370, ","null, ","20, ","55, ","3.6, ","WDFN-8 / u8FL ","1 ","260 ","0.1656 ",
"NVTFS6H880NWFTAG","Active","H Pb A P ","N-Channel, ","PowerTrench® T8, ","Power 33 (u8FL), ","Low-Medium Voltage, ","Standard, ","0, ","Single, ","0, ","80, ","32, ","±20, ","4, ","22, ","31, ","~NA~, ","~NA~, ","~NA~, ","6.9, ","370, ","null, ","20, ","55, ","3.6, ","WDFNW8 3.3x3.3, 0.65P (Full−Cut 8FL WF) ","1 ","260 ","0.2423 ",
"NVTFS6H880NLWFTAG","Active","H Pb A P ","N-Channel, ","PowerTrench® T8, ","Power 33 (u8FL), ","Low-Medium Voltage, ","Logic, ","0, ","Single, ","0, ","80, ","29, ","±20, ","2, ","22, ","33, ","~NA~, ","38, ","1, ","9, ","431, ","1.5, ","17, ","56, ","4, ","WDFNW8 3.3x3.3, 0.65P (Full−Cut 8FL WF) ","1 ","260 ","0.2611 ",
"NVTFS6H880NLTAG","Active","H Pb A P ","N-Channel, ","PowerTrench® T8, ","Power 33 (u8FL), ","Low-Medium Voltage, ","Logic, ","0, ","Single, ","0, ","80, ","29, ","±20, ","2, ","22, ","33, ","~NA~, ","38, ","1, ","9, ","431, ","1.5, ","17, ","56, ","4, ","WDFN-8 / u8FL ","1 ","260 ","0.196 ",
"NVTFS6H888NTAG","Active","H Pb A P ","N-Channel, ","PowerTrench® T8, ","Power 33 (u8FL), ","Low-Medium Voltage, ","Standard, ","0, ","Single, ","0, ","80, ","55, ","±20, ","4, ","13, ","18, ","~NA~, ","~NA~, ","~NA~, ","4.7, ","220, ","~NA~, ","17, ","35, ","3, ","WDFN-8 / u8FL ","1 ","260 ","0.1875 ",
"NVTFS6H888NWFTAG","Active","H Pb A P ","N-Channel, ","PowerTrench® T8, ","Power 33 (u8FL), ","Low-Medium Voltage, ","Standard, ","0, ","Single, ","0, ","80, ","55, ","±20, ","4, ","13, ","18, ","~NA~, ","~NA~, ","~NA~, ","4.7, ","220, ","~NA~, ","17, ","35, ","3, ","WDFNW8 3.3x3.3, 0.65P (Full−Cut 8FL WF) ","1 ","260 ","0.2102 ",
"NVTFS6H888NLWFTAG","Active","H Pb A P ","N-Channel, ","PowerTrench® T8, ","Power 33 (u8FL), ","Low-Medium Voltage, ","Logic, ","0, ","Single, ","0, ","80, ","50, ","±20, ","2, ","14, ","23, ","N/A, ","67, ","3, ","6, ","258, ","1, ","13, ","36, ","3, ","WDFNW8 3.3x3.3, 0.65P (Full−Cut 8FL WF) ","1 ","260 ","0.1922 ",
"NVTFS6H888NLTAG","Active","H Pb A P ","N-Channel, ","PowerTrench® T8, ","Power 33 (u8FL), ","Low-Medium Voltage, ","Logic, ","0, ","Single, ","0, ","80, ","50, ","±20, ","2, ","14, ","23, ","N/A, ","67, ","3, ","6, ","258, ","1, ","13, ","36, ","3, ","WDFN-8 / u8FL ","1 ","260 ","0.2092 ",
"NVTFS8D1N08HTAG","Active","H Pb A P ","N-Channel, ","PowerTrench® T8, ","Power 33 (u8FL), ","Low-Medium Voltage, ","Logic, ","0, ","Single, ","0, ","80, ","8.3, ","20, ","4, ","61, ","63, ","NA, ","NA, ","NA, ","23, ","1450, ","4.2, ","46.8, ","776, ","46, ","WDFN-8 ","1 ","260 ","0.5211 ",
"NVTFWS8D1N08HTAG","Active","H Pb A P ","N-Channel, ","PowerTrench® T8, ","Power 33 (u8FL), ","Low-Medium Voltage, ","Logic, ","0, ","Single, ","0, ","80, ","8.3, ","20, ","4, ","61, ","63, ","NA, ","NA, ","NA, ","23, ","1450, ","4.2, ","46.8, ","776, ","46, ","WDFNW8 3.30x3.30x0.75, 0.65P ","1 ","260 ","0.4984 ",
"NVTFWS9D6P04M8LTAG","Active","H Pb A P ","P-Channel, ","PowerTrench® T1, ","Power 33 (u8FL), ","Low-Medium Voltage, ","Logic, ","0, ","Single, ","0, ","-40, ","9.5, ","±20, ","-2.4, ","-64, ","75, ","N/A, ","13.8, ","16.2, ","34.6, ","2312, ","-, ","19.7, ","923, ","31, ","WDFNW8 3.3x3.3, 0.65P (Full−Cut 8FL WF) ","1 ","260 ","0.4467 ",
"NVTFS9D6P04M8LTAG","Active","H Pb A P ","P-Channel, ","PowerTrench® T1, ","Power 33 (u8FL), ","Low-Medium Voltage, ","Logic, ","0, ","Single, ","0, ","-40, ","9.5, ","±20, ","-2.4, ","-64, ","75, ","N/A, ","13.8, ","16.2, ","34.6, ","2312, ","-, ","19.7, ","923, ","31, ","WDFN-8 / u8FL ","1 ","260 ","0.5153 ",
"NVTFWS002N04CTAG","Active","H Pb A P ","N-Channel, ","PowerTrench® T6, ","Power 33 (u8FL), ","Low-Medium Voltage, ","Standard, ","0, ","Single, ","0, ","40, ","2.4, ","±20, ","2.4, ","136, ","85, ","-, ","-, ","-, ","34, ","2250, ","-, ","50, ","1230, ","41, ","WDFNW8 3.30x3.30x0.75, 0.65P ","1 ","260 ","0.7878 ",
"NVTFWS002N04CLTAG","Active","H Pb A P ","N-Channel, ","PowerTrench® T6, ","Power 33 (u8FL), ","Low-Medium Voltage, ","Logic, ","0, ","Single, ","0, ","40, ","2.2, ","±20, ","2, ","142, ","85, ","-, ","3.5, ","-, ","49, ","2940, ","-, ","43, ","1260, ","47, ","WDFNW8 3.30x3.30x0.75, 0.65P ","1 ","260 ","0.7748 ",
"NVTFWS002N04XMTAG","Active","H Pb A P ","N-channel, ","PowerTrench® T10, ","Power 33 (u8FL), ","Low-Medium Voltage, ","Standard, ","0, ","Single, ","NVTFS002N04C, ","40, ","2.45, ","20, ","3, ","114, ","62, ","~NA~, ","~NA~, ","~NA~, ","22, ","1364, ","~NA~, ","25, ","880, ","18, ","WDFNW8 3.3x3.3, 0.65P (Full−Cut 8FL WF) ","1 ","260 ","0.4641 ",
"NVTFWS003N04XMTAG","Active","H Pb A P ","N-Channel, ","PowerTrench® T10, ","Power 33 (u8FL), ","Low-Medium Voltage, ","Standard, ","0, ","Single, ","NVTFS003N04CTAG, ","40, ","2.85, ","20, ","3, ","98, ","52, ","~NA~, ","~NA~, ","~NA~, ","16, ","1042, ","~NA~, ","24, ","675, ","14, ","WDFNW8 3.3x3.3, 0.65P (Full−Cut 8FL WF) ","1 ","260 ","0.4019 ",
"NVTFWS005N08XLTAG","Active","H Pb A P ","N-Channel, ","PowerTrench® T10, ","Power 33 (u8FL), ","Low-Medium Voltage, ","Logic, ","0, ","Single, ","0, ","80, ","5.3, ","20, ","2.1, ","79, ","82, ","~NA~, ","8.4, ","14, ","28, ","1800, ","4, ","105, ","450, ","14, ","WDFNW8 3.30x3.30x0.75, 0.65P ","1 ","260 ","0.5989 ",
"NVTFWS012P03P8ZTAG","Active","H Pb A P ","P-Channel, ","PowerTrench® T1, ","Power 33 (u8FL), ","Low-Medium Voltage, ","Logic, ","0, ","Single, ","0, ","-30, ","11.3, ","25, ","-3, ","-11.7, ","2.4, ","~NA~, ","20, ","21, ","36, ","1535, ","14.8, ","10, ","526, ","506, ","WDFNW8 3.3x3.3, 0.65P (Full−Cut 8FL WF) ","1 ","260 ","0.3064 ",
"NVTFWS1D3N04XMTAG","Active","H Pb A P ","N-Channel, ","PowerTrench® T10, ","Power 33 (u8FL), ","Low-Medium Voltage, ","Standard, ","0, ","Single, ","0, ","40, ","1.43, ","20, ","3.5, ","178, ","83, ","~NA~, ","~NA~, ","~NA~, ","36, ","2288, ","7, ","48, ","1449, ","22, ","WDFNW8 3.30x3.30x0.75, 0.65P ","1 ","260 ","0.8116 ",
"NVTFWS1D9N04XMTAG","Active","H Pb A P ","N-Channel, ","PowerTrench® T10, ","Power 33 (u8FL), ","Low-Medium Voltage, ","Standard, ","0, ","Single, ","0, ","40, ","1.9, ","20, ","3, ","141, ","74, ","~NA~, ","~NA~, ","~NA~, ","30, ","1882, ","~NA~, ","38, ","1211, ","20, ","WDFNW8 3.3x3.3, 0.65P (Full−Cut 8FL WF) ","1 ","260 ","0.5684 ",
"NVTFWS4D9N04XMTAG","Active","H Pb A P ","N-Channel, ","PowerTrench® T10, ","Power 33 (u8FL), ","Low-Medium Voltage, ","Standard, ","0, ","Single, ","NVTFS004N04C, ","40, ","4.9, ","20, ","3.5, ","66, ","38, ","~NA~, ","~NA~, ","~NA~, ","10.6, ","673, ","2.1, ","9.5, ","433, ","9, ","WDFNW8 3.3x3.3, 0.65P (Full−Cut 8FL WF) ","1 ","260 ","0.3368 ",
"NVTYS004N03CLTWG","Active, Not Rec","H Pb A P ","N-Channel, ","PowerTrench® T6, ","Power 33 LFPAK, ","Low-Medium Voltage, ","Logic, ","0, ","Single, ","0, ","30, ","4.2, ","±20, ","2.2, ","85, ","3, ","N/A, ","6.1, ","9, ","21, ","1520, ","2, ","9, ","808, ","26, ","LFPAK8 3.3x3.3, 0.65P ","1 ","260 ","0.4053 ",
"NVTYS004N04CTWG","Active, Not Rec","H Pb A P ","N-Channel, ","PowerTrench® T6, ","Power 33 LFPAK, ","Low-Medium Voltage, ","Standard, ","0, ","Single, ","0, ","40, ","4.9, ","20, ","3.5, ","78, ","55, ","~NA~, ","~NA~, ","~NA~, ","19, ","1210, ","~NA~, ","13, ","590, ","21, ","LFPAK8 3.3x3.3, 0.65P ","1 ","260 ","0.4181 ",
"NVTYS004N04CLTWG","Active","H Pb A P ","N-Channel, ","PowerTrench® T6, ","Power 33 LFPAK, ","Low-Medium Voltage, ","Logic, ","0, ","Single, ","0, ","40, ","4.3, ","20, ","2, ","85, ","55, ","~NA~, ","6.9, ","11.9, ","25, ","1600, ","4.2, ","10, ","590, ","21, ","LFPAK8 3.3x3.3, 0.65P ","1 ","260 ","0.4413 ",
"NVTYS005N04CLTWG","Active, Not Rec","H Pb A P ","N-Channel, ","PowerTrench® T6, ","Power 33 LFPAK, ","Low-Medium Voltage, ","Logic, ","0, ","Single, ","0, ","40, ","4.8, ","±20, ","2, ","75, ","50, ","N/A, ","7.6, ","10.9, ","23.1, ","1300, ","4.2, ","11, ","550, ","19, ","LFPAK8 3.3x3.3, 0.65P ","1 ","260 ","0.3979 ",
"NVTYS005N06CLTWG","Active, Not Rec","H Pb A P ","N-Channel, ","PowerTrench® T6, ","Power 33 LFPAK, ","Low-Medium Voltage, ","Logic, ","0, ","Single, ","0, ","60, ","5.3, ","20, ","2.2, ","109, ","76, ","~NA~, ","7.3, ","11.5, ","25, ","1890, ","2.7, ","32, ","1060, ","11, ","LFPAK8 3.3x3.3, 0.65P ","1 ","260 ","0.5205 ",
"NVTYS007N04CTWG","Active, Not Rec","H Pb A P ","N-Channel, ","PowerTrench® T6, ","Power 33 LFPAK, ","Low-Medium Voltage, ","Standard, ","0, ","Single, ","0, ","40, ","8.6, ","20, ","3.5, ","49, ","38, ","~NA~, ","~NA~, ","~NA~, ","10, ","674, ","~NA~, ","6.3, ","338, ","13, ","LFPAK8 3.3x3.3, 0.65P ","1 ","260 ","0.3483 ",
"NVTYS007N04CLTWG","Active, Not Rec","H Pb A P ","N-Channel, ","PowerTrench® T6, ","Power 33 LFPAK, ","Low-Medium Voltage, ","Logic, ","0, ","Single, ","0, ","40, ","7.3, ","20, ","2.2, ","54, ","38, ","~NA~, ","12, ","7.8, ","16, ","900, ","2.7, ","10, ","340, ","15, ","LFPAK8 3.3x3.3, 0.65P ","1 ","260 ","0.3483 ",
"NVTYS010N04CTWG","Active, Not Rec","H Pb A P ","N-Channel, ","PowerTrench® T6, ","Power 33 LFPAK, ","Low-Medium Voltage, ","Standard, ","0, ","Single, ","0, ","40, ","12, ","20, ","3.5, ","38, ","32, ","~NA~, ","~NA~, ","~NA~, ","7, ","492, ","~NA~, ","6, ","268, ","8, ","LFPAK8 3.3x3.3, 0.65P ","1 ","260 ","0.3264 ",
"NVTYS010N04CLTWG","Active, Not Rec","H Pb A P ","N-Channel, ","PowerTrench® T6, ","Power 33 LFPAK, ","Low-Medium Voltage, ","Logic, ","0, ","Single, ","0, ","40, ","9.5, ","20, ","2.2, ","43, ","32, ","~NA~, ","15.5, ","5.5, ","12, ","710, ","2, ","6, ","261, ","12, ","LFPAK8 3.3x3.3, 0.65P ","1 ","260 ","0.3275 ",
"NVTYS010N06CLTWG","Active, Not Rec","H Pb A P ","N-Channel, ","PowerTrench® T6, ","Power 33 LFPAK, ","Low-Medium Voltage, ","Logic, ","0, ","Single, ","0, ","60, ","9.8, ","20, ","2, ","51, ","47, ","~NA~, ","15, ","6, ","13, ","910, ","~NA~, ","12, ","500, ","9, ","LFPAK8 3.3x3.3, 0.65P ","1 ","260 ","0.3851 ",
"NVTYS014N08HLTWG","Active, Not Rec","H Pb A P ","N-Channel, ","PowerTrench® T8, ","Power 33 LFPAK, ","Low-Medium Voltage, ","Logic, ","0, ","Single, ","0, ","80, ","13.9, ","20, ","2.2, ","40, ","54, ","~NA~, ","17.4, ","~NA~, ","15.5, ","891, ","~NA~, ","19, ","121, ","6.5, ","LFPAK8 3.3x3.3, 0.65P ","1 ","260 ","0.4407 ",
"NVTYS020N08HLTWG","Active, Not Rec","H Pb A P ","N-Channel, ","PowerTrench® T8, ","Power 33 LFPAK, ","Low-Medium Voltage, ","Logic, ","0, ","Single, ","0, ","80, ","20, ","±20, ","2, ","30, ","42, ","~NA~, ","26, ","6, ","12, ","610, ","2, ","21, ","83, ","5, ","LFPAK8 3.3x3.3, 0.65P ","1 ","260 ","0.3847 ",
"NVTYS029N08HTWG","Active, Not Rec","H Pb A P ","N-Channel, ","PowerTrench® T1, ","Power 33 LFPAK, ","Low-Medium Voltage, ","Standard, ","0, ","Single, ","0, ","80, ","32.4, ","20, ","4, ","21, ","33, ","~NA~, ","~NA~, ","~NA~, ","6.3, ","369, ","~NA~, ","18, ","57, ","4, ","LFPAK8 3.3x3.3, 0.65P ","1 ","260 ","0.3477 ",
"NVTYS040N10MCLTWG","Active, Not Rec","H Pb A P ","N-Channel, ","PowerTrench® T8, ","Power 33 LFPAK, ","Low-Medium Voltage, ","Logic, ","0, ","Single, ","0, ","100, ","40.9, ","20, ","3, ","20, ","37, ","~NA~, ","63.2, ","4, ","7, ","565, ","~NA~, ","~NA~, ","200, ","2, ","LFPAK8 3.3x3.3, 0.65P ","1 ","260 ","0.384 ",
"PCFA86062F","Active","H Pb A P ","N-Channel, ","PowerTrench® T8, ","Bare Die, ","Low-Medium Voltage, ","Standard, ","0, ","Single, ","0, ","100, ","1.8, ","20, ","4, ","315, ","429, ","~NA~, ","~NA~, ","~NA~, ","95, ","6970, ","~NA~, ","172, ","3950, ","29, ","- ","NA ","0 ","0.0 ",
"PCFA86062WA","Active","H Pb A P ","N-Channel, ","PowerTrench® T8, ","Wafer, ","Low-Medium Voltage, ","Standard, ","0, ","Single, ","0, ","100, ","1.8, ","20, ","4, ","315, ","429, ","~NA~, ","~NA~, ","~NA~, ","95, ","6970, ","~NA~, ","172, ","3950, ","29, ","- ","NA ","0 ","0.0 ",
"PCFA86210F","Active","H Pb A P ","N-Channel, ","PowerTrench® T1, ","Bare Die, ","Low-Medium Voltage, ","Standard, ","0, ","Single, ","0, ","150, ","6.1, ","20, ","4, ","169, ","500, ","~NA~, ","~NA~, ","~NA~, ","70, ","5805, ","~NA~, ","323, ","536, ","16, ","- ","NA ","0 ","0.0 ",
"PCFA86361F","Active","H Pb A P ","N-Channel, ","PowerTrench® T6, ","Bare Die, ","Low-Medium Voltage, ","Standard, ","0, ","Single, ","0, ","80, ","1.25, ","20, ","4, ","371, ","429, ","~NA~, ","~NA~, ","~NA~, ","172, ","12800, ","~NA~, ","205, ","1925, ","139, ","- ","NA ","0 ","0.0 ",
"PCFA86561F","Active","H Pb A P ","N-Channel, ","PowerTrench® T6, ","Bare Die, ","Low-Medium Voltage, ","Standard, ","0, ","Single, ","0, ","60, ","0.95, ","20, ","4, ","441, ","429, ","~NA~, ","~NA~, ","~NA~, ","170, ","13650, ","~NA~, ","183, ","3375, ","255, ","- ","NA ","0 ","0.0 ",
"RFD12N06RLESM9A","Active"," Pb   ","N-Channel, ","PowerTrench® T1, ","DPAK, ","Low-Medium Voltage, ","Logic, ","0, ","Single, ","0, ","50, ","63, ","±16, ","3, ","17, ","49, ","-, ","75, ","-, ","6.8, ","485, ","3, ","165, ","130, ","28, ","DPAK-3 / TO-252-3 ","1 ","260 ","0.4393 ",
"RFD14N05LSM9A","Active"," Pb   ","N-Channel, ","PowerTrench® T1, ","DPAK, ","Low-Medium Voltage, ","Logic, ","0, ","Single, ","0, ","50, ","-, ","±10, ","2, ","14, ","48, ","-, ","100, ","-, ","22, ","670, ","-, ","-, ","185, ","50, ","DPAK-3 / TO-252-3 ","1 ","260 ","0.2893 ",
"RFD14N05LSM","Active"," Pb   ","N-Channel, ","PowerTrench® T1, ","DPAK, ","Low-Medium Voltage, ","Logic, ","0, ","Single, ","0, ","50, ","-, ","±10, ","2, ","14, ","48, ","-, ","100, ","-, ","22, ","670, ","-, ","-, ","185, ","50, ","DPAK-3 / TO-252-3 ","1 ","260 ","0.4063 ",
"RFD14N05SM9A","Active"," Pb   ","N-Channel, ","PowerTrench® T1, ","DPAK, ","Low-Medium Voltage, ","Standard, ","0, ","Single, ","0, ","50, ","100, ","±20, ","4, ","14, ","48, ","-, ","-, ","-, ","22, ","570, ","-, ","-, ","185, ","50, ","DPAK-3 / TO-252-3 ","1 ","260 ","0.3567 ",
"RFD16N05LSM9A","Active"," Pb   ","N-Channel, ","PowerTrench® T1, ","DPAK, ","Low-Medium Voltage, ","Logic, ","0, ","Single, ","0, ","50, ","-, ","±10, ","2, ","16, ","60, ","-, ","50, ","-, ","43, ","-, ","-, ","-, ","-, ","-, ","DPAK-3 / TO-252-3 ","1 ","260 ","0.4436 ",
"RFD16N05SM9A","Active"," Pb   ","N-Channel, ","PowerTrench® T1, ","DPAK, ","Low-Medium Voltage, ","Standard, ","0, ","Single, ","0, ","50, ","47, ","±20, ","4, ","16, ","72, ","-, ","-, ","-, ","77, ","900, ","-, ","-, ","325, ","100, ","DPAK-3 / TO-252-3 ","1 ","260 ","0.5236 ",
"RFD16N06LESM9A","Active"," Pb   ","N-Channel, ","PowerTrench® T1, ","DPAK, ","Low-Medium Voltage, ","Logic, ","0, ","Single, ","0, ","60, ","-, ","10 / -8, ","3, ","16, ","90, ","-, ","47, ","-, ","29, ","1350, ","-, ","-, ","300, ","90, ","DPAK-3 / TO-252-3 ","1 ","260 ","0.8446 ",
"RFD3055LESM9A","Active"," Pb   ","N-Channel, ","PowerTrench® T1, ","DPAK, ","Low-Medium Voltage, ","Logic, ","0, ","Single, ","0, ","60, ","-, ","±16, ","3, ","11, ","38, ","-, ","107, ","-, ","5.2, ","350, ","-, ","-, ","105, ","23, ","DPAK-3 / TO-252-3 ","1 ","260 ","0.2816 ",
"RFP12N10L","Active","H Pb   ","N-Channel, ","PowerTrench® T1, ","TO-220, ","Low-Medium Voltage, ","Standard, ","0, ","Single, ","0, ","100, ","200, ","±10, ","2, ","12, ","60, ","-, ","-, ","-, ","-, ","900, ","-, ","-, ","325, ","170, ","TO-220-3 ","NA ","0 ","0.5048 ",
"RFP50N06","Active","H Pb   ","N-Channel, ","PowerTrench® T1, ","TO-220, ","Low-Medium Voltage, ","Standard, ","0, ","Single, ","0, ","60, ","22, ","±20, ","4, ","50, ","131, ","-, ","-, ","-, ","67, ","2020, ","-, ","-, ","600, ","200, ","TO-220-3 ","NA ","0 ","1.0477 ",
"RFP70N06","Active","H Pb   ","N-Channel, ","PowerTrench® T1, ","TO-220, ","Low-Medium Voltage, ","Standard, ","0, ","Single, ","0, ","60, ","14, ","±20, ","4, ","70, ","140, ","-, ","-, ","-, ","65, ","2250, ","-, ","-, ","792, ","206, ","TO-220-3 ","NA ","0 ","1.064 ",
"STD5406NT4G-VF01","Active, Not Rec","H Pb A P ","N-Channel, ","PowerTrench® T1, ","DPAK, ","Low-Medium Voltage, ","Standard, ","0, ","Single, ","0, ","40, ","-, ","-, ","-, ","-, ","-, ","-, ","-, ","-, ","-, ","-, ","-, ","-, ","-, ","-, ","DPAK-3 ","1 ","260 ","0.6444 ",
"STD5407NT4G","Consult Sales Office","H Pb A P ","N-Channel, ","PowerTrench® T1, ","DPAK, ","Low-Medium Voltage, ","Logic, ","0, ","Single, ","0, ","40, ","26, ","20, ","3.5, ","38, ","75, ","-, ","40, ","-, ","20, ","615, ","10.5, ","40, ","173, ","80, ","DPAK-3 ","1 ","260 ","0.0 ",
"STMFSC008N10M5","Active","H Pb   ","N-Channel, ","PowerTrench® T1, ","Power 56 Dual Cool, ","Low-Medium Voltage, ","Standard, ","0, ","Single, ","0, ","100, ","7.5, ","20, ","4, ","60, ","125, ","~NA~, ","~NA~, ","~NA~, ","31, ","2354, ","~NA~, ","62, ","467, ","23, ","DFN-8 ","1 ","260 ","0.0 ",
"STMFSC017N15M5","Active","H Pb   ","N-Channel, ","PowerTrench® T1, ","Power 56 Dual Cool, ","Low-Medium Voltage, ","Standard, ","0, ","Single, ","0, ","150, ","17, ","20, ","4, ","40, ","125, ","~NA~, ","~NA~, ","~NA~, ","42, ","2110, ","~NA~, ","126, ","205, ","8.1, ","DFN-8 ","1 ","260 ","0.0 ",
"STMFSC3D1N08M7","Active","H Pb   ","N-Channel, ","PowerTrench® T6, ","Power 56 Dual Cool, ","Low-Medium Voltage, ","Standard, ","0, ","Single, ","0, ","80, ","3.1, ","20, ","4.5, ","110, ","125, ","~NA~, ","~NA~, ","~NA~, ","72, ","5265, ","~NA~, ","42, ","929, ","21, ","DFN-8 ","1 ","260 ","0.0 ",
"STTFS015N10MCL","Active","H Pb   ","N-Channel, ","PowerTrench® T8, ","Power 33 (u8FL), ","Low-Medium Voltage, ","Logic, ","0, ","Single, ","0, ","100, ","12.9, ","20, ","3, ","42, ","45, ","~NA~, ","19.8, ","9, ","19, ","1338, ","~NA~, ","76, ","521, ","9, ","WDFN-8 ","1 ","260 ","0.3809 ",
